{"type": "FeatureCollection", "features": [{"type": "Feature", "geometry": {"type": "Polygon", "coordinates": [[[79.0324688, 10.7214599], [79.0352315, 10.723157], [79.0375113, 10.721481], [79.0404296, 10.7225773], [79.0417616, 10.7241069], [79.0444207, 10.726836], [79.0492387, 10.7236984], [79.0532353, 10.7234415], [79.0562765, 10.7246266], [79.0594864, 10.7260357], [79.060445, 10.7263895], [79.0606244, 10.726456], [79.0607088, 10.7265225], [79.0608312, 10.7265298], [79.0609758, 10.726615], [79.0610532, 10.7266517], [79.0611907, 10.7267912], [79.0651297, 10.7261402], [79.0679201, 10.7231137], [79.0679643, 10.7230658], [79.0708103, 10.7248141], [79.0727607, 10.726354], [79.0781307, 10.7251283], [79.0786612, 10.7174722], [79.0780248, 10.7177402], [79.0739589, 10.7194266], [79.0736599, 10.7173311], [79.0738803, 10.7153734], [79.0765428, 10.7110657], [79.0769934, 10.7052044], [79.0724354, 10.7065936], [79.0627479, 10.7068529], [79.0612543, 10.7028746], [79.0598058, 10.7032435], [79.0605354, 10.708367], [79.0593338, 10.7084302], [79.0595269, 10.713153], [79.0576815, 10.7128579], [79.0560722, 10.7117193], [79.0522742, 10.7036441], [79.0493345, 10.7037496], [79.0461283, 10.7093666], [79.0512773, 10.7110604], [79.0525854, 10.7139331], [79.0544829, 10.7158946], [79.054458, 10.7162429], [79.0534232, 10.7172785], [79.0528107, 10.7175911], [79.050622, 10.7166951], [79.0502465, 10.7174751], [79.0529894, 10.719562], [79.0504932, 10.7202265], [79.0466952, 10.7204057], [79.0440988, 10.7163788], [79.0407944, 10.7159571], [79.0408373, 10.7193726], [79.0382409, 10.7190986], [79.0371465, 10.7198365], [79.0321898, 10.7196889], [79.0324688, 10.7214599]]]}, "properties": {"osm_id": "45651874", "name": "Vallam", "kind": "landuse", "landuse": "residential", "natural": null, "water": null, "waterway": null}}, {"type": "Feature", "geometry": {"type": "Polygon", "coordinates": [[[79.3504103, 10.9501584], [79.3552539, 10.9517436], [79.3564648, 10.9534872], [79.3525188, 10.9532709], [79.3519441, 10.9542798], [79.3532357, 10.9561026], [79.359936, 10.9579255], [79.3601782, 10.9637111], [79.3668846, 10.96535], [79.3664898, 10.9673816], [79.3642406, 10.9669596], [79.3562394, 10.9657057], [79.3579203, 10.9696508], [79.3636039, 10.9731138], [79.366156, 10.9749322], [79.3745909, 10.975519], [79.3797215, 10.9761782], [79.3865402, 10.9812371], [79.3887294, 10.981482], [79.3913899, 10.981222], [79.3946862, 10.9789495], [79.3964945, 10.9775615], [79.3994178, 10.9729335], [79.4016225, 10.9701724], [79.4028063, 10.9683957], [79.4042555, 10.9645762], [79.4041364, 10.9623945], [79.4042197, 10.9606279], [79.403513, 10.9593532], [79.4068623, 10.9595359], [79.4100038, 10.9597248], [79.4098663, 10.9567814], [79.4092977, 10.954443], [79.4068639, 10.95251], [79.4002942, 10.9506109], [79.3994647, 10.9506089], [79.3974316, 10.9509407], [79.3950323, 10.9508674], [79.3930636, 10.950824], [79.3926312, 10.9506732], [79.3908045, 10.9498515], [79.3889359, 10.9487108], [79.3862404, 10.9478539], [79.3833411, 10.9479164], [79.3810164, 10.9496355], [79.378641, 10.9510652], [79.3758719, 10.9504454], [79.3745644, 10.9497675], [79.373124, 10.9498394], [79.3680204, 10.9520292], [79.3659567, 10.952817], [79.3627471, 10.9541718], [79.3621157, 10.9544383], [79.3594517, 10.9542005], [79.359936, 10.9515058], [79.3639724, 10.9515058], [79.3700269, 10.9489696], [79.368816, 10.9453237], [79.3621157, 10.9456407], [79.3592095, 10.9462748], [79.3501681, 10.9459578], [79.3504103, 10.9501584]]]}, "properties": {"osm_id": "45651896", "name": "", "kind": "landuse", "landuse": "residential", "natural": null, "water": null, "waterway": null}}, {"type": "Feature", "geometry": {"type": "Polygon", "coordinates": [[[79.1334558, 10.7754599], [79.1335111, 10.7746589], [79.1330314, 10.7745879], [79.1329394, 10.7746267], [79.1328605, 10.7751496], [79.1326765, 10.7751237], [79.1326567, 10.7753623], [79.1334558, 10.7754599]]]}, "properties": {"osm_id": "92832794", "name": "Police Quarters", "kind": "landuse", "landuse": "residential", "natural": null, "water": null, "waterway": null}}, {"type": "Feature", "geometry": {"type": "Polygon", "coordinates": [[[79.1324505, 10.7721149], [79.1326197, 10.7721289], [79.1327004, 10.7721586], [79.1328821, 10.7722743], [79.1344793, 10.7724621], [79.1343591, 10.7709092], [79.1320376, 10.7713257], [79.1324505, 10.7721149]]]}, "properties": {"osm_id": "92833036", "name": "Police Quarters", "kind": "landuse", "landuse": "residential", "natural": null, "water": null, "waterway": null}}, {"type": "Feature", "geometry": {"type": "Polygon", "coordinates": [[[79.1294296, 10.7687165], [79.1301799, 10.7682703], [79.1302303, 10.7681811], [79.1303326, 10.7681057], [79.1298885, 10.76721], [79.1290056, 10.7676985], [79.1287499, 10.7679365], [79.1294296, 10.7687165]]]}, "properties": {"osm_id": "92833150", "name": "Collector's Bunglaw", "kind": "landuse", "landuse": "residential", "natural": null, "water": null, "waterway": null}}, {"type": "Feature", "geometry": {"type": "Polygon", "coordinates": [[[79.1201627, 10.769421], [79.1218497, 10.7691023], [79.1217439, 10.7686645], [79.1218975, 10.7672437], [79.1201052, 10.7665392], [79.1201627, 10.769421]]]}, "properties": {"osm_id": "92839338", "name": "BSNL Quarters", "kind": "landuse", "landuse": "residential", "natural": null, "water": null, "waterway": null}}, {"type": "Feature", "geometry": {"type": "Polygon", "coordinates": [[[79.1078439, 10.7644134], [79.1080465, 10.7646919], [79.1096424, 10.762708], [79.1100682, 10.7609676], [79.1115885, 10.7583171], [79.1129596, 10.7559268], [79.110657, 10.7538816], [79.1079181, 10.7575021], [79.1081456, 10.7596482], [79.1081282, 10.7601096], [79.1081073, 10.7604201], [79.1067668, 10.7604872], [79.1067149, 10.7631257], [79.1078439, 10.7644134]]]}, "properties": {"osm_id": "93776278", "name": "", "kind": "landuse", "landuse": "grass", "natural": null, "water": null, "waterway": null}}, {"type": "Feature", "geometry": {"type": "Polygon", "coordinates": [[[79.1114472, 10.7512364], [79.1114964, 10.7513251], [79.1138438, 10.74999], [79.1137837, 10.7499067], [79.1136005, 10.7496133], [79.1135048, 10.7494803], [79.1134347, 10.7494045], [79.1131742, 10.7489572], [79.113152, 10.7489231], [79.1108025, 10.750164], [79.1114472, 10.7512364]]]}, "properties": {"osm_id": "93776832", "name": "Thanjavur New Bus Stand", "kind": "landuse", "landuse": "commercial", "natural": null, "water": null, "waterway": null}}, {"type": "Feature", "geometry": {"type": "Polygon", "coordinates": [[[79.1192442, 10.7613621], [79.1229324, 10.7646706], [79.1239674, 10.7631697], [79.1208138, 10.7604092], [79.119533, 10.7585651], [79.1187737, 10.7591537], [79.1174219, 10.7585944], [79.1147346, 10.7572707], [79.1192442, 10.7613621]]]}, "properties": {"osm_id": "93778518", "name": "Central Warehouse Corporation", "kind": "landuse", "landuse": "industrial", "natural": null, "water": null, "waterway": null}}, {"type": "Feature", "geometry": {"type": "Polygon", "coordinates": [[[79.1340671, 10.7864033], [79.1343707, 10.7864833], [79.1346019, 10.7863253], [79.1346054, 10.7862928], [79.1340974, 10.7861294], [79.1340519, 10.7863972], [79.1340671, 10.7864033]]]}, "properties": {"osm_id": "104666780", "name": "Vegetable Market", "kind": "landuse", "landuse": "retail", "natural": null, "water": null, "waterway": null}}, {"type": "Feature", "geometry": {"type": "Polygon", "coordinates": [[[79.1340648, 10.7865041], [79.1342808, 10.7865661], [79.1344681, 10.7866249], [79.134563, 10.7866411], [79.1346795, 10.7866933], [79.1348638, 10.7866958], [79.1365921, 10.7871562], [79.1381967, 10.7876993], [79.1382237, 10.7876141], [79.1376197, 10.7874037], [79.135863, 10.7868202], [79.1351174, 10.786638], [79.1348834, 10.7866084], [79.1348108, 10.7865596], [79.1348014, 10.7865533], [79.1347685, 10.7864812], [79.1347933, 10.7863552], [79.1348095, 10.7862832], [79.1348289, 10.786208], [79.1348764, 10.7861264], [79.1349243, 10.7860173], [79.1348521, 10.7859844], [79.1347189, 10.7862726], [79.1346229, 10.7864124], [79.134555, 10.7864887], [79.1344245, 10.7865183], [79.1343092, 10.7865268], [79.1340579, 10.7864569], [79.1340379, 10.7864888], [79.1340648, 10.7865041]]]}, "properties": {"osm_id": "104666782", "name": "", "kind": "landuse", "landuse": "commercial", "natural": null, "water": null, "waterway": null}}, {"type": "Feature", "geometry": {"type": "Polygon", "coordinates": [[[79.1416752, 10.7778591], [79.1419153, 10.7778934], [79.1422599, 10.7778947], [79.1424819, 10.7777379], [79.1430988, 10.7778222], [79.1431069, 10.7775891], [79.1429594, 10.7775851], [79.1427756, 10.7775666], [79.1425999, 10.7775403], [79.1424121, 10.7774626], [79.142329, 10.7772887], [79.1416323, 10.7775785], [79.1416752, 10.7778591]]]}, "properties": {"osm_id": "105741880", "name": "Hotel Oriental Towers", "kind": "landuse", "landuse": "commercial", "natural": null, "water": null, "waterway": null}}, {"type": "Feature", "geometry": {"type": "Polygon", "coordinates": [[[79.1314014, 10.7793383], [79.1315701, 10.7796095], [79.1320498, 10.7795983], [79.1328472, 10.7795888], [79.1332891, 10.7795736], [79.1336912, 10.7795076], [79.1342351, 10.7794351], [79.1348228, 10.7793527], [79.1355783, 10.7793133], [79.1359869, 10.7792231], [79.1362043, 10.7791448], [79.1369605, 10.7789483], [79.1384539, 10.7788929], [79.1392153, 10.7790314], [79.1397335, 10.778871], [79.1397844, 10.7784924], [79.1400709, 10.7779431], [79.1407314, 10.7775129], [79.1407521, 10.7772479], [79.140656, 10.7771571], [79.1399137, 10.7772285], [79.1384378, 10.7773387], [79.1378893, 10.7774207], [79.1347801, 10.7778052], [79.1345802, 10.7773333], [79.1344221, 10.7771779], [79.133752, 10.7771508], [79.1332471, 10.7772139], [79.1325495, 10.7769795], [79.1322586, 10.7769229], [79.1319679, 10.7775491], [79.131317, 10.7788679], [79.1314014, 10.7793383]]]}, "properties": {"osm_id": "105741888", "name": "", "kind": "landuse", "landuse": "railway", "natural": null, "water": null, "waterway": null}}, {"type": "Feature", "geometry": {"type": "Polygon", "coordinates": [[[79.1361175, 10.7868606], [79.1361349, 10.7867632], [79.1361604, 10.7866867], [79.1361724, 10.7866301], [79.1361349, 10.7865879], [79.1361389, 10.7864825], [79.1361805, 10.7864088], [79.1361926, 10.7863297], [79.1356521, 10.7861967], [79.1356387, 10.7862336], [79.1355931, 10.7862296], [79.1354509, 10.7866841], [79.1361175, 10.7868606]]]}, "properties": {"osm_id": "105742380", "name": "Shopping complex", "kind": "landuse", "landuse": "retail", "natural": null, "water": null, "waterway": null}}, {"type": "Feature", "geometry": {"type": "Polygon", "coordinates": [[[79.1365694, 10.7870319], [79.1366445, 10.7867487], [79.136446, 10.7866973], [79.1364353, 10.7867342], [79.1363696, 10.7869423], [79.1363589, 10.7869687], [79.1365694, 10.7870319]]]}, "properties": {"osm_id": "105742448", "name": "Vegetable market", "kind": "landuse", "landuse": "retail", "natural": null, "water": null, "waterway": null}}, {"type": "Feature", "geometry": {"type": "Polygon", "coordinates": [[[79.1398895, 10.7865426], [79.1400893, 10.7873015], [79.1401921, 10.7872813], [79.1396868, 10.785348], [79.1396046, 10.7853884], [79.1398895, 10.7865426]]]}, "properties": {"osm_id": "105890894", "name": "", "kind": "landuse", "landuse": "commercial", "natural": null, "water": null, "waterway": null}}, {"type": "Feature", "geometry": {"type": "Polygon", "coordinates": [[[79.1417032, 10.7907776], [79.1421768, 10.7898002], [79.1415122, 10.7894215], [79.1409688, 10.7904638], [79.1417032, 10.7907776]]]}, "properties": {"osm_id": "105891358", "name": "Sarafoji market", "kind": "landuse", "landuse": "retail", "natural": null, "water": null, "waterway": null}}, {"type": "Feature", "geometry": {"type": "Polygon", "coordinates": [[[79.1400321, 10.7785503], [79.1401384, 10.778477], [79.1400236, 10.7783977], [79.1399639, 10.7784584], [79.1399125, 10.7786555], [79.1400321, 10.7785503]]]}, "properties": {"osm_id": "106113640", "name": "", "kind": "landuse", "landuse": "grass", "natural": null, "water": null, "waterway": null}}, {"type": "Feature", "geometry": {"type": "Polygon", "coordinates": [[[79.1317257, 10.7831165], [79.1317919, 10.7829376], [79.1312944, 10.7827599], [79.1312282, 10.7829389], [79.1317257, 10.7831165]]]}, "properties": {"osm_id": "111894254", "name": "", "kind": "landuse", "landuse": "recreation_ground", "natural": null, "water": null, "waterway": null}}, {"type": "Feature", "geometry": {"type": "Polygon", "coordinates": [[[79.1327596, 10.7827118], [79.1328065, 10.7825822], [79.1308484, 10.7818891], [79.1308013, 10.7820222], [79.1327596, 10.7827118]]]}, "properties": {"osm_id": "111894256", "name": "", "kind": "landuse", "landuse": "recreation_ground", "natural": null, "water": null, "waterway": null}}, {"type": "Feature", "geometry": {"type": "Polygon", "coordinates": [[[79.1328901, 10.7837594], [79.1330536, 10.7833172], [79.1327571, 10.7832115], [79.1325937, 10.7836536], [79.1328901, 10.7837594]]]}, "properties": {"osm_id": "111894258", "name": "", "kind": "landuse", "landuse": "recreation_ground", "natural": null, "water": null, "waterway": null}}, {"type": "Feature", "geometry": {"type": "Polygon", "coordinates": [[[79.0927379, 10.7176573], [79.0943794, 10.719907], [79.0947867, 10.7196157], [79.0959943, 10.721261], [79.0962273, 10.7210845], [79.0966052, 10.7214966], [79.0960452, 10.721981], [79.0962916, 10.7222949], [79.1009944, 10.7237312], [79.102885, 10.7222343], [79.1053512, 10.7237497], [79.1222762, 10.7312485], [79.1226294, 10.7314426], [79.1228212, 10.7318228], [79.1230899, 10.7329516], [79.1244726, 10.7327737], [79.124484, 10.7328514], [79.1247869, 10.7328261], [79.1247484, 10.7324031], [79.1257398, 10.7322776], [79.1257507, 10.7323691], [79.1270099, 10.7320928], [79.1270723, 10.7317693], [79.1280058, 10.731282], [79.1280589, 10.7303846], [79.128249, 10.7301283], [79.1282317, 10.7296602], [79.1286504, 10.7296011], [79.1284442, 10.7272195], [79.1245984, 10.7240429], [79.1235471, 10.7239393], [79.1224761, 10.7243194], [79.122097, 10.7244666], [79.1221046, 10.7246378], [79.1215892, 10.7249082], [79.1193658, 10.7255269], [79.1194089, 10.7250395], [79.1169789, 10.7239755], [79.1144774, 10.7230569], [79.1156239, 10.7200811], [79.1152536, 10.7199937], [79.1134977, 10.7202448], [79.1139001, 10.7213418], [79.1138739, 10.7217794], [79.1141793, 10.7218384], [79.1139642, 10.7228802], [79.1102119, 10.7213201], [79.1083769, 10.7180305], [79.1084661, 10.7174937], [79.1102901, 10.7155043], [79.1106563, 10.7158191], [79.1115511, 10.7150124], [79.111696, 10.7141486], [79.1116516, 10.7139925], [79.1113766, 10.7136218], [79.1098658, 10.712351], [79.1096574, 10.7127294], [79.1078769, 10.712497], [79.1067012, 10.7124262], [79.1030759, 10.7130784], [79.1035883, 10.7155574], [79.1019082, 10.7158352], [79.1014792, 10.7135309], [79.1001272, 10.713803], [79.0994491, 10.7139933], [79.0987196, 10.7142932], [79.0976724, 10.7146232], [79.097631, 10.7146678], [79.0976998, 10.7152236], [79.0976776, 10.7153525], [79.0975996, 10.7154645], [79.0974808, 10.7155639], [79.0973599, 10.7156106], [79.0958199, 10.7158615], [79.0957291, 10.7158835], [79.0956643, 10.7159208], [79.0956019, 10.7159877], [79.0950313, 10.7168756], [79.0949665, 10.7169684], [79.0948867, 10.7170485], [79.0947716, 10.7170992], [79.0946671, 10.717133], [79.0927169, 10.7175665], [79.0927379, 10.7176573]]]}, "properties": {"osm_id": "165222666", "name": "Thanjavur Air Force Station", "kind": "landuse", "landuse": "military", "natural": null, "water": null, "waterway": null}}, {"type": "Feature", "geometry": {"type": "Polygon", "coordinates": [[[79.140806, 10.8055247], [79.1418263, 10.8055333], [79.1417737, 10.8044753], [79.1407885, 10.8045828], [79.140806, 10.8055247]]]}, "properties": {"osm_id": "208220752", "name": "", "kind": "landuse", "landuse": "reservoir", "natural": null, "water": null, "waterway": null}}, {"type": "Feature", "geometry": {"type": "Polygon", "coordinates": [[[79.1383636, 10.8021862], [79.1391062, 10.8020864], [79.1391202, 10.801436], [79.138304, 10.8015943], [79.1383636, 10.8021862]]]}, "properties": {"osm_id": "208220782", "name": "", "kind": "landuse", "landuse": "reservoir", "natural": null, "water": null, "waterway": null}}, {"type": "Feature", "geometry": {"type": "Polygon", "coordinates": [[[78.9752757, 10.7838711], [78.9772233, 10.7837133], [78.9785374, 10.7835684], [78.9794916, 10.7834612], [78.9807726, 10.7835406], [78.9815593, 10.783452], [78.9832256, 10.7831392], [78.9840901, 10.782995], [78.9858951, 10.7827177], [78.9858817, 10.7824912], [78.9833443, 10.7827791], [78.9833377, 10.7824884], [78.9818617, 10.7826877], [78.9807809, 10.7828315], [78.9807798, 10.7829903], [78.9803327, 10.7830727], [78.9799356, 10.7831171], [78.9752228, 10.7836443], [78.9752757, 10.7838711]]]}, "properties": {"osm_id": "350855656", "name": "", "kind": "landuse", "landuse": "railway", "natural": null, "water": null, "waterway": null}}, {"type": "Feature", "geometry": {"type": "Polygon", "coordinates": [[[79.3877384, 10.9525099], [79.3879014, 10.9526316], [79.3876314, 10.9527163], [79.3874279, 10.9527824], [79.3876192, 10.9530708], [79.38779, 10.9533257], [79.3885619, 10.9539435], [79.3887976, 10.9538503], [79.3889284, 10.9539378], [79.3888728, 10.9539788], [79.3896688, 10.9545362], [79.3898497, 10.9545444], [79.3900362, 10.9546537], [79.3905678, 10.9550413], [79.3912193, 10.954934], [79.3914196, 10.9550493], [79.391578, 10.9548965], [79.391105, 10.9544187], [79.3914613, 10.953864], [79.3911468, 10.9536345], [79.3908295, 10.9534049], [79.3906544, 10.9536205], [79.3881843, 10.9518976], [79.3880183, 10.9520823], [79.3874604, 10.9518867], [79.3871387, 10.9517352], [79.386827, 10.9515221], [79.3862703, 10.9510396], [79.3861259, 10.9511574], [79.3860225, 10.9512516], [79.3877384, 10.9525099]]]}, "properties": {"osm_id": "351139218", "name": "", "kind": "landuse", "landuse": "railway", "natural": null, "water": null, "waterway": null}}, {"type": "Feature", "geometry": {"type": "Polygon", "coordinates": [[[79.3877358, 10.9592439], [79.3881567, 10.9593051], [79.3885897, 10.9593129], [79.3886031, 10.9582988], [79.3883889, 10.9582287], [79.3881905, 10.9582175], [79.387479, 10.9584343], [79.3873229, 10.959141], [79.3877358, 10.9592439]]]}, "properties": {"osm_id": "351139226", "name": "", "kind": "landuse", "landuse": "commercial", "natural": null, "water": null, "waterway": null}}, {"type": "Feature", "geometry": {"type": "Polygon", "coordinates": [[[78.9276529, 10.7259026], [78.9318676, 10.7253228], [78.9329213, 10.7248673], [78.9328792, 10.7227139], [78.9273017, 10.7242185], [78.9276529, 10.7259026]]]}, "properties": {"osm_id": "351168154", "name": "", "kind": "landuse", "landuse": "industrial", "natural": null, "water": null, "waterway": null}}, {"type": "Feature", "geometry": {"type": "Polygon", "coordinates": [[[79.0163686, 10.8011326], [79.0166867, 10.8011908], [79.0169012, 10.8014596], [79.0172935, 10.8021981], [79.0173197, 10.8023396], [79.0175235, 10.8024502], [79.0174162, 10.8028243], [79.0182847, 10.8031597], [79.0190899, 10.8030035], [79.0193421, 10.8031458], [79.0200555, 10.8031431], [79.0210748, 10.8029719], [79.0215307, 10.8029455], [79.0221235, 10.8028665], [79.022995, 10.8027817], [79.023883, 10.8026636], [79.0252959, 10.8025517], [79.0279155, 10.8028095], [79.029904, 10.8028453], [79.0308287, 10.8028194], [79.0322758, 10.8030137], [79.0327756, 10.8028194], [79.0330359, 10.8012342], [79.0332305, 10.8007377], [79.0337022, 10.8003547], [79.0339494, 10.8002318], [79.0340458, 10.8000684], [79.0341908, 10.7994151], [79.0346793, 10.7986815], [79.0351456, 10.7982452], [79.0355372, 10.7974285], [79.0362457, 10.7967893], [79.0365372, 10.7957827], [79.0377313, 10.7939731], [79.0384914, 10.7930118], [79.0393243, 10.791355], [79.0401259, 10.7884709], [79.0409588, 10.7855152], [79.0361971, 10.7875692], [79.0360039, 10.7871424], [79.034208, 10.7875652], [79.0343571, 10.7885968], [79.0336329, 10.788797], [79.0336865, 10.7896191], [79.0332895, 10.7897508], [79.0333915, 10.7901882], [79.0327156, 10.7902936], [79.032749, 10.7906832], [79.0319699, 10.7910208], [79.0318318, 10.7912342], [79.031809, 10.7917638], [79.0305698, 10.7920167], [79.030602, 10.7923592], [79.0301406, 10.7924541], [79.0302533, 10.7927281], [79.0273189, 10.7933658], [79.0271633, 10.7929652], [79.0266699, 10.7931286], [79.0265702, 10.7936906], [79.0263534, 10.7937346], [79.0259457, 10.7962112], [79.0229668, 10.7963438], [79.0229201, 10.7959741], [79.0218353, 10.795948], [79.0191758, 10.7960426], [79.0176576, 10.7960163], [79.0167245, 10.7964477], [79.0168392, 10.7968325], [79.0166491, 10.7978922], [79.0163487, 10.7979554], [79.0163487, 10.7982663], [79.015651, 10.7984386], [79.0163686, 10.8011326]]]}, "properties": {"osm_id": "404896902", "name": "", "kind": "landuse", "landuse": "reservoir", "natural": null, "water": null, "waterway": null}}, {"type": "Feature", "geometry": {"type": "Polygon", "coordinates": [[[78.9274603, 10.7633385], [78.9275247, 10.7638339], [78.9299673, 10.7631032], [78.9316205, 10.7629963], [78.9320254, 10.7619999], [78.9319718, 10.7609564], [78.9323383, 10.758701], [78.9327081, 10.7579531], [78.9328784, 10.7569933], [78.9324599, 10.7556336], [78.9319289, 10.7556652], [78.9308131, 10.7555862], [78.9308506, 10.755934], [78.9305824, 10.7559709], [78.9307755, 10.7570197], [78.9302123, 10.7572674], [78.9285761, 10.7577311], [78.9283615, 10.7583741], [78.9280749, 10.7587651], [78.9278895, 10.7620684], [78.9277822, 10.7623003], [78.927353, 10.7623794], [78.9274603, 10.7633385]]]}, "properties": {"osm_id": "404914258", "name": "", "kind": "landuse", "landuse": "reservoir", "natural": null, "water": null, "waterway": null}}, {"type": "Feature", "geometry": {"type": "Polygon", "coordinates": [[[78.8836406, 10.7857999], [78.8840329, 10.7826949], [78.8813027, 10.7842889], [78.8810566, 10.7856261], [78.8836406, 10.7857999]]]}, "properties": {"osm_id": "404914262", "name": "", "kind": "landuse", "landuse": "industrial", "natural": null, "water": null, "waterway": null}}, {"type": "Feature", "geometry": {"type": "Polygon", "coordinates": [[[79.5132585, 11.1295526], [79.5133259, 11.128934], [79.5129574, 11.1288954], [79.5128901, 11.129514], [79.5132585, 11.1295526]]]}, "properties": {"osm_id": "569586704", "name": "", "kind": "landuse", "landuse": "reservoir", "natural": null, "water": null, "waterway": null}}, {"type": "Feature", "geometry": {"type": "Polygon", "coordinates": [[[79.3015385, 10.9426163], [79.3019895, 10.9425486], [79.3018517, 10.9420628], [79.3014133, 10.9421181], [79.3015385, 10.9426163]]]}, "properties": {"osm_id": "574155832", "name": "Welding Shop", "kind": "landuse", "landuse": "industrial", "natural": null, "water": null, "waterway": null}}, {"type": "Feature", "geometry": {"type": "Polygon", "coordinates": [[[79.4345426, 10.9235682], [79.4370854, 10.9237578], [79.4375789, 10.9224621], [79.438802, 10.9220723], [79.4393599, 10.9221777], [79.4395316, 10.9240423], [79.4416542, 10.9258503], [79.4431043, 10.9257383], [79.4442415, 10.9237368], [79.4444346, 10.9226622], [79.4459367, 10.9225358], [79.4482326, 10.9222935], [79.4483936, 10.920608], [79.4494235, 10.9197863], [79.4506359, 10.9202077], [79.4523847, 10.9201024], [79.453865, 10.913778], [79.4503033, 10.9129388], [79.4460654, 10.9123278], [79.4440913, 10.91316], [79.4419241, 10.9137289], [79.4405079, 10.9138237], [79.4386303, 10.9132864], [79.4377589, 10.9138729], [79.4390917, 10.9159306], [79.4383728, 10.9163731], [79.4375038, 10.9165311], [79.4354975, 10.9166154], [79.4354653, 10.9182272], [79.435358, 10.9200602], [79.4344246, 10.9204395], [79.4345426, 10.9235682]]]}, "properties": {"osm_id": "700189930", "name": "Nachiyarkoil", "kind": "landuse", "landuse": "residential", "natural": null, "water": null, "waterway": null}}, {"type": "Feature", "geometry": {"type": "Polygon", "coordinates": [[[79.3301922, 10.9455897], [79.3302291, 10.9454587], [79.3298273, 10.9453496], [79.3297904, 10.9454806], [79.3301922, 10.9455897]]]}, "properties": {"osm_id": "740268578", "name": "Tank", "kind": "landuse", "landuse": "reservoir", "natural": null, "water": "pond", "waterway": null}}, {"type": "Feature", "geometry": {"type": "Polygon", "coordinates": [[[79.328118, 10.9457056], [79.3282237, 10.9454237], [79.3281016, 10.945378], [79.3280935, 10.9453995], [79.3280733, 10.9453919], [79.3280002, 10.9455871], [79.3278447, 10.9455288], [79.3279114, 10.9453509], [79.3278343, 10.945322], [79.3278477, 10.9452861], [79.3276148, 10.9451988], [79.3275102, 10.9454779], [79.328118, 10.9457056]]]}, "properties": {"osm_id": "740268610", "name": "", "kind": "landuse", "landuse": "grass", "natural": null, "water": null, "waterway": null}}, {"type": "Feature", "geometry": {"type": "Polygon", "coordinates": [[[79.3274641, 10.9448042], [79.3274751, 10.9447746], [79.3271544, 10.944656], [79.3272395, 10.9444259], [79.3268459, 10.9442804], [79.3267499, 10.9445402], [79.3274641, 10.9448042]]]}, "properties": {"osm_id": "740268614", "name": "", "kind": "landuse", "landuse": "grass", "natural": null, "water": null, "waterway": null}}, {"type": "Feature", "geometry": {"type": "Polygon", "coordinates": [[[79.3284029, 10.9453512], [79.3283865, 10.9453994], [79.3288847, 10.9455688], [79.328901, 10.9455206], [79.3289244, 10.9455285], [79.3290869, 10.9450678], [79.3285275, 10.9448776], [79.328365, 10.9453383], [79.3284029, 10.9453512]]]}, "properties": {"osm_id": "740268616", "name": "", "kind": "landuse", "landuse": "grass", "natural": null, "water": null, "waterway": null}}, {"type": "Feature", "geometry": {"type": "Polygon", "coordinates": [[[78.8793482, 10.8394343], [78.8793753, 10.8399481], [78.8809708, 10.8400535], [78.8809789, 10.8395668], [78.8811087, 10.8395587], [78.8810762, 10.8389691], [78.8792833, 10.8388447], [78.8793482, 10.8394343]]]}, "properties": {"osm_id": "747734882", "name": "", "kind": "landuse", "landuse": "industrial", "natural": null, "water": null, "waterway": null}}, {"type": "Feature", "geometry": {"type": "Polygon", "coordinates": [[[79.5280142, 11.122903], [79.5303831, 11.123055], [79.5306037, 11.1202862], [79.5302128, 11.1200469], [79.5282387, 11.1199216], [79.5280993, 11.1220751], [79.5274839, 11.1220333], [79.527422, 11.1228765], [79.5280142, 11.122903]]]}, "properties": {"osm_id": "749651274", "name": "Lanco Tanjore Power Plant", "kind": "landuse", "landuse": "industrial", "natural": null, "water": null, "waterway": null}}, {"type": "Feature", "geometry": {"type": "Polygon", "coordinates": [[[79.4895642, 11.0781002], [79.4897362, 11.078119], [79.4899274, 11.0781627], [79.49004, 11.0781982], [79.4901483, 11.0781794], [79.4901951, 11.0781085], [79.4901568, 11.077948], [79.4901441, 11.0778042], [79.4901377, 11.0776624], [79.490142, 11.0775603], [79.4899784, 11.0774811], [79.4896959, 11.0774248], [79.4895366, 11.077406], [79.4895344, 11.077454], [79.4895068, 11.0776583], [79.4894771, 11.0777958], [79.4894389, 11.0780293], [79.4895642, 11.0781002]]]}, "properties": {"osm_id": "749899604", "name": "", "kind": "landuse", "landuse": "reservoir", "natural": null, "water": null, "waterway": null}}, {"type": "Feature", "geometry": {"type": "Polygon", "coordinates": [[[79.3919012, 10.9595626], [79.3919812, 10.9597059], [79.392546, 10.9596892], [79.3918812, 10.9574526], [79.3910175, 10.9574447], [79.3909816, 10.9596274], [79.3919012, 10.9595626]]]}, "properties": {"osm_id": "750211602", "name": "", "kind": "landuse", "landuse": "industrial", "natural": null, "water": null, "waterway": null}}, {"type": "Feature", "geometry": {"type": "Polygon", "coordinates": [[[79.4004933, 10.9562841], [79.4009162, 10.9562161], [79.4011933, 10.9561409], [79.4012808, 10.9556219], [79.4012115, 10.9555503], [79.4009344, 10.9555467], [79.4006464, 10.9555968], [79.4005662, 10.9556613], [79.400486, 10.9559834], [79.4004933, 10.9562841]]]}, "properties": {"osm_id": "750218470", "name": "", "kind": "landuse", "landuse": "reservoir", "natural": null, "water": "pond", "waterway": null}}, {"type": "Feature", "geometry": {"type": "Polygon", "coordinates": [[[79.1087532, 10.7255387], [79.1087582, 10.7255578], [79.1087675, 10.7255752], [79.1087807, 10.7255899], [79.108797, 10.7256011], [79.1090484, 10.7257041], [79.1090668, 10.7257079], [79.1090855, 10.7257072], [79.1091035, 10.7257022], [79.1091199, 10.725693], [79.1091336, 10.7256803], [79.109144, 10.7256647], [79.1091504, 10.7256471], [79.1087658, 10.7254819], [79.1087571, 10.7254996], [79.1087528, 10.7255189], [79.1087532, 10.7255387]]]}, "properties": {"osm_id": "750689182", "name": "", "kind": "landuse", "landuse": "grass", "natural": null, "water": null, "waterway": null}}, {"type": "Feature", "geometry": {"type": "Polygon", "coordinates": [[[78.8833219, 10.8187639], [78.8840837, 10.8188587], [78.8843197, 10.8186585], [78.88506, 10.8187428], [78.8852209, 10.8196175], [78.8845987, 10.8199231], [78.8847811, 10.8208715], [78.8843519, 10.8210085], [78.8845531, 10.8213194], [78.8844914, 10.8215459], [78.8863797, 10.8199125], [78.8858539, 10.818258], [78.884663, 10.8182475], [78.8831717, 10.8181527], [78.8833219, 10.8187639]]]}, "properties": {"osm_id": "812041564", "name": "", "kind": "landuse", "landuse": "farmland", "natural": null, "water": null, "waterway": null}}, {"type": "Feature", "geometry": {"type": "Polygon", "coordinates": [[[78.885575, 10.8127544], [78.8856179, 10.8143563], [78.8860256, 10.8158105], [78.8865406, 10.8173807], [78.8865191, 10.8180763], [78.8870851, 10.8190194], [78.8888231, 10.8167643], [78.8902179, 10.8151782], [78.8899363, 10.8148621], [78.8896412, 10.8141455], [78.8891584, 10.8131444], [78.8885948, 10.8119286], [78.8885133, 10.8101476], [78.8877336, 10.8102959], [78.887758, 10.8106701], [78.887385, 10.8107333], [78.887275, 10.8103438], [78.8864021, 10.8103915], [78.8860119, 10.8100973], [78.8854894, 10.8098283], [78.8850518, 10.8097777], [78.8848464, 10.8103998], [78.885575, 10.8127544]]]}, "properties": {"osm_id": "812041566", "name": "", "kind": "landuse", "landuse": "farmland", "natural": null, "water": null, "waterway": null}}, {"type": "Feature", "geometry": {"type": "Polygon", "coordinates": [[[78.8846309, 10.7949863], [78.8897378, 10.7963774], [78.889652, 10.7991597], [78.8891155, 10.8028904], [78.8901669, 10.8055883], [78.8889009, 10.8062627], [78.8889235, 10.8063561], [78.8893301, 10.8080332], [78.8887936, 10.8101409], [78.8887722, 10.8116163], [78.8897163, 10.8133446], [78.8902206, 10.8146513], [78.8911325, 10.8133973], [78.8920767, 10.8120378], [78.8930315, 10.8109313], [78.8941366, 10.8095297], [78.8948554, 10.8088868], [78.8963897, 10.8076433], [78.8991792, 10.8061679], [78.9014537, 10.80484], [78.9028699, 10.8034489], [78.9044148, 10.8017206], [78.905359, 10.7997814], [78.9058954, 10.7982006], [78.9063246, 10.794786], [78.9067108, 10.7925307], [78.9063567, 10.7920986], [78.9062709, 10.7903807], [78.9046616, 10.790054], [78.9029986, 10.7901277], [78.9012284, 10.7901067], [78.8994474, 10.7903174], [78.899383, 10.7920986], [78.8981277, 10.7925096], [78.894201, 10.7936373], [78.8894159, 10.7942274], [78.8866479, 10.7942274], [78.8845236, 10.7943118], [78.8846309, 10.7949863]]]}, "properties": {"osm_id": "812041572", "name": "", "kind": "landuse", "landuse": "farmland", "natural": null, "water": null, "waterway": null}}, {"type": "Feature", "geometry": {"type": "Polygon", "coordinates": [[[78.8942224, 10.786555], [78.8976235, 10.7866709], [78.9011855, 10.7868395], [78.9073653, 10.7870925], [78.9084811, 10.7825816], [78.909511, 10.7800311], [78.9108199, 10.7784607], [78.9127619, 10.7768376], [78.9149827, 10.7762158], [78.918137, 10.7756255], [78.9226109, 10.7765741], [78.9307219, 10.779346], [78.9313549, 10.7776597], [78.9305181, 10.7771749], [78.9304108, 10.7778283], [78.929413, 10.7777124], [78.9294023, 10.7762158], [78.9288337, 10.7763001], [78.9266021, 10.7752988], [78.924113, 10.7741605], [78.9221818, 10.7723055], [78.9207441, 10.7709143], [78.9193923, 10.7706613], [78.9185125, 10.77005], [78.9185769, 10.7684269], [78.9181477, 10.7679842], [78.9181477, 10.7662978], [78.9156157, 10.7652438], [78.914972, 10.7665508], [78.9116675, 10.7676891], [78.9095218, 10.7662135], [78.9094359, 10.7679842], [78.9079768, 10.768195], [78.9023978, 10.7683215], [78.9029986, 10.7734227], [78.9018828, 10.7739286], [78.8997371, 10.7741816], [78.8978488, 10.7732963], [78.8973338, 10.7742238], [78.89772, 10.7756993], [78.8975913, 10.7786082], [78.8954026, 10.7779759], [78.8951451, 10.7810112], [78.891154, 10.781222], [78.8942224, 10.786555]]]}, "properties": {"osm_id": "812041574", "name": "", "kind": "landuse", "landuse": "farmland", "natural": null, "water": null, "waterway": null}}, {"type": "Feature", "geometry": {"type": "Polygon", "coordinates": [[[78.8694603, 10.8250393], [78.8723678, 10.8247758], [78.8745028, 10.8246283], [78.8764233, 10.8241541], [78.8788909, 10.8235113], [78.8776357, 10.8222678], [78.8769705, 10.8217093], [78.8760156, 10.8206238], [78.875565, 10.8194436], [78.8750393, 10.8188745], [78.8737089, 10.8178312], [78.8721639, 10.816925], [78.87132590578543, 10.8164628836003], [78.87039, 10.81818], [78.86972, 10.81942], [78.86841305504956, 10.825096147777508], [78.8694603, 10.8250393]]]}, "properties": {"osm_id": "812041592", "name": "", "kind": "landuse", "landuse": "farmland", "natural": null, "water": null, "waterway": null}}, {"type": "Feature", "geometry": {"type": "Polygon", "coordinates": [[[78.8944048, 10.7874824], [78.8953704, 10.7891476], [78.8998122, 10.7884099], [78.9007027, 10.7881148], [78.9012069, 10.7874403], [78.8995654, 10.7873454], [78.8943941, 10.7869554], [78.8944048, 10.7874824]]]}, "properties": {"osm_id": "812041598", "name": "", "kind": "landuse", "landuse": "farmland", "natural": null, "water": null, "waterway": null}}, {"type": "Feature", "geometry": {"type": "Polygon", "coordinates": [[[78.9484727, 10.7174866], [78.9496636, 10.7174444], [78.9501893, 10.7181296], [78.9522278, 10.7193419], [78.9533865, 10.7185302], [78.9552104, 10.7186672], [78.9563906, 10.7196055], [78.9573883, 10.7194262], [78.9583325, 10.7200377], [78.9590191, 10.7200377], [78.9594697, 10.7185513], [78.9584612, 10.717086], [78.9556288, 10.7164851], [78.9556395, 10.7151042], [78.9558434, 10.7136494], [78.957839, 10.7148617], [78.958826, 10.7163692], [78.9601886, 10.7161583], [78.9603066, 10.7149355], [78.9568197, 10.7130063], [78.9592766, 10.7121946], [78.9604783, 10.7113302], [78.9605104, 10.7101916], [78.9602529, 10.7087052], [78.9597058, 10.7079146], [78.9584612, 10.7077037], [78.957045, 10.7077354], [78.9556503, 10.7079884], [78.9542233, 10.7093167], [78.9539122, 10.7107504], [78.9542877, 10.711541], [78.9533436, 10.7116781], [78.9526569, 10.7118784], [78.952893, 10.7129852], [78.9534938, 10.7136072], [78.952893, 10.7142714], [78.9517557, 10.7140921], [78.9519059, 10.7147141], [78.9517128, 10.7151147], [78.9515733, 10.7156839], [78.9512622, 10.7161689], [78.9510154, 10.7165905], [78.9487194, 10.7160529], [78.9478826, 10.7162743], [78.9484727, 10.7174866]]]}, "properties": {"osm_id": "850210994", "name": "", "kind": "landuse", "landuse": "residential", "natural": null, "water": null, "waterway": null}}, {"type": "Feature", "geometry": {"type": "Polygon", "coordinates": [[[78.9731616, 10.6953857], [78.9751996, 10.6959581], [78.9772667, 10.6959171], [78.9775747, 10.6956478], [78.9805235, 10.6955972], [78.9821157, 10.6952574], [78.9830675, 10.6936616], [78.9814872, 10.6907374], [78.9765333, 10.6878048], [78.9759636, 10.6886767], [78.9757114, 10.690292], [78.975123, 10.6916136], [78.9761971, 10.6924121], [78.9742637, 10.693128], [78.9725171, 10.6934216], [78.9731616, 10.6953857]]]}, "properties": {"osm_id": "850214214", "name": "Sengipatti TB Sanitorium", "kind": "landuse", "landuse": "residential", "natural": null, "water": null, "waterway": null}}, {"type": "Feature", "geometry": {"type": "Polygon", "coordinates": [[[78.9847976, 10.6957431], [78.9834804, 10.6963823], [78.9847001, 10.6981081], [78.9863913, 10.6999297], [78.9878711, 10.7009044], [78.9888631, 10.7015915], [78.98908021272297, 10.701115236712376], [78.98894, 10.70036], [78.98827, 10.69947], [78.98774, 10.69876], [78.9863, 10.69684], [78.98547722120193, 10.695735549180972], [78.9847976, 10.6957431]]]}, "properties": {"osm_id": "850214772", "name": "Kurumpoondi", "kind": "landuse", "landuse": "residential", "natural": null, "water": null, "waterway": null}}, {"type": "Feature", "geometry": {"type": "Polygon", "coordinates": [[[79.3711218, 10.3419625], [79.372243, 10.3426643], [79.3724522, 10.3435456], [79.372066, 10.3454085], [79.3723342, 10.3461579], [79.3723212, 10.347304], [79.3726293, 10.3478355], [79.3730036, 10.3486993], [79.3739936, 10.3491667], [79.3746582, 10.349868], [79.3748055, 10.3521551], [79.3742573, 10.3546316], [79.3746945, 10.3560347], [79.3773043, 10.3555235], [79.3798532, 10.354744], [79.3817675, 10.3532912], [79.3822312, 10.3517515], [79.3832891, 10.3508386], [79.3838733, 10.3502954], [79.3841036, 10.3499191], [79.3843692, 10.3496025], [79.3844765, 10.3490089], [79.3847314, 10.3484165], [79.3849245, 10.3478043], [79.3856862, 10.3469547], [79.3869147, 10.3467278], [79.388406, 10.3467806], [79.3905143, 10.3463906], [79.390944, 10.3463112], [79.3912315, 10.3462583], [79.3910749, 10.3444158], [79.3912269, 10.3432061], [79.3918365, 10.3418355], [79.3928155, 10.340184], [79.3936309, 10.3386642], [79.3941996, 10.3369543], [79.3928263, 10.3359516], [79.3927566, 10.3358173], [79.3918316, 10.3348088], [79.390541, 10.3340227], [79.3881163, 10.3329963], [79.3852946, 10.3316136], [79.3839213, 10.3310542], [79.3820858, 10.3306372], [79.3807662, 10.3322651], [79.3794824, 10.3326924], [79.3761315, 10.332842], [79.374606, 10.3329369], [79.372965, 10.334038], [79.3716116, 10.3352657], [79.3715832, 10.3379412], [79.3711433, 10.3390969], [79.3705908, 10.3405323], [79.3711218, 10.3419625]]]}, "properties": {"osm_id": "851817640", "name": "Adirampattinam", "kind": "landuse", "landuse": "residential", "natural": null, "water": null, "waterway": null}}, {"type": "Feature", "geometry": {"type": "Polygon", "coordinates": [[[78.9138194, 10.7320885], [78.914549, 10.7348081], [78.9164506, 10.7377562], [78.9224469, 10.736031], [78.9216623, 10.7320484], [78.9215876, 10.7277354], [78.9197009, 10.7251659], [78.9142164, 10.7261959], [78.9136049, 10.7295269], [78.9138194, 10.7320885]]]}, "properties": {"osm_id": "851982764", "name": "Valambakkudi", "kind": "landuse", "landuse": "residential", "natural": null, "water": null, "waterway": null}}, {"type": "Feature", "geometry": {"type": "Polygon", "coordinates": [[[78.9016684, 10.8163656], [78.9034482, 10.8191575], [78.9052415, 10.8175795], [78.9062502, 10.815653], [78.9095379, 10.8161667], [78.9118168, 10.81402], [78.9121071, 10.8122986], [78.9115441, 10.8120825], [78.9113402, 10.8111235], [78.9109015, 10.8105521], [78.9103336, 10.8104754], [78.9099638, 10.8106267], [78.9092983, 10.8112864], [78.908793, 10.8119341], [78.9081584, 10.8122912], [78.9077147, 10.8125393], [78.9070279, 10.8131221], [78.9056269, 10.8142873], [78.9042726, 10.8146175], [78.9038804, 10.8139111], [78.9018961, 10.814353], [78.9010992, 10.8144488], [78.9016684, 10.8163656]]]}, "properties": {"osm_id": "861146016", "name": "Maraneri", "kind": "landuse", "landuse": "residential", "natural": null, "water": null, "waterway": null}}, {"type": "Feature", "geometry": {"type": "Polygon", "coordinates": [[[78.9030466, 10.8244795], [78.9047737, 10.8246047], [78.9055807, 10.8245491], [78.9062177, 10.8237148], [78.9067415, 10.8228666], [78.910394, 10.8218515], [78.9106205, 10.8201968], [78.9100117, 10.8191261], [78.9078599, 10.8203219], [78.9061382, 10.8215967], [78.9058551, 10.8218067], [78.9041791, 10.8230473], [78.9029758, 10.8239094], [78.9030466, 10.8244795]]]}, "properties": {"osm_id": "861146640", "name": "Megalathur", "kind": "landuse", "landuse": "residential", "natural": null, "water": null, "waterway": null}}, {"type": "Feature", "geometry": {"type": "Polygon", "coordinates": [[[78.93895, 10.7900014], [78.9392835, 10.7899774], [78.9395088, 10.7900749], [78.9398548, 10.7901302], [78.9399701, 10.7906703], [78.9400406, 10.7906768], [78.9401686, 10.7912816], [78.9405073, 10.7912757], [78.9403591, 10.7906809], [78.9407775, 10.7905887], [78.9407426, 10.7903463], [78.9414078, 10.7902461], [78.9413783, 10.7900696], [78.9417268, 10.7900014], [78.9417088, 10.7898908], [78.9407746, 10.7882679], [78.9402829, 10.7870121], [78.9410893, 10.7866643], [78.9400371, 10.7856307], [78.9375196, 10.7870024], [78.9365657, 10.7882679], [78.93895, 10.7900014]]]}, "properties": {"osm_id": "861278828", "name": "", "kind": "landuse", "landuse": "residential", "natural": null, "water": null, "waterway": null}}, {"type": "Feature", "geometry": {"type": "Polygon", "coordinates": [[[78.8656742, 10.8294332], [78.8656788, 10.8295782], [78.8660663, 10.829628], [78.8662001, 10.8294694], [78.8660848, 10.8294287], [78.8661078, 10.8293471], [78.8662416, 10.8292746], [78.866357, 10.8293244], [78.8663985, 10.8292701], [78.8663431, 10.8291477], [78.8664446, 10.8289347], [78.8663385, 10.8288849], [78.8655081, 10.8288668], [78.8654896, 10.8294241], [78.8656742, 10.8294332]]]}, "properties": {"osm_id": "878362616", "name": "", "kind": "landuse", "landuse": "farmland", "natural": null, "water": null, "waterway": null}}, {"type": "Feature", "geometry": {"type": "Polygon", "coordinates": [[[78.8649083, 10.8294332], [78.8649949, 10.8291013], [78.8650407, 10.8290564], [78.8650467, 10.8288124], [78.8644147, 10.8288169], [78.8643408, 10.8293516], [78.8643362, 10.8293743], [78.8649083, 10.8294332]]]}, "properties": {"osm_id": "878362630", "name": "", "kind": "landuse", "landuse": "farmland", "natural": null, "water": null, "waterway": null}}, {"type": "Feature", "geometry": {"type": "Polygon", "coordinates": [[[78.8652543, 10.8294876], [78.8653189, 10.8294015], [78.8653235, 10.8290752], [78.8652728, 10.8290299], [78.8652958, 10.8288441], [78.8650467, 10.8288124], [78.8650407, 10.8290564], [78.8649949, 10.8291013], [78.8649083, 10.8294332], [78.8652543, 10.8294876]]]}, "properties": {"osm_id": "878363702", "name": "", "kind": "landuse", "landuse": "farmland", "natural": null, "water": null, "waterway": null}}, {"type": "Feature", "geometry": {"type": "Polygon", "coordinates": [[[78.8653235, 10.8290752], [78.8653189, 10.8294015], [78.8654896, 10.8294241], [78.8655081, 10.8288668], [78.8652958, 10.8288441], [78.8652728, 10.8290299], [78.8653235, 10.8290752]]]}, "properties": {"osm_id": "878363706", "name": "", "kind": "landuse", "landuse": "farmland", "natural": null, "water": null, "waterway": null}}, {"type": "Feature", "geometry": {"type": "Polygon", "coordinates": [[[78.8678193, 10.8293801], [78.8677708, 10.8295423], [78.8677934, 10.8297076], [78.868483, 10.8296901], [78.868462, 10.8294278], [78.8682386, 10.8293404], [78.8681544, 10.8293483], [78.8680591, 10.8293409], [78.8679715, 10.829334], [78.867753, 10.8292752], [78.8678193, 10.8293801]]]}, "properties": {"osm_id": "878513352", "name": "", "kind": "landuse", "landuse": "farmland", "natural": null, "water": null, "waterway": null}}, {"type": "Feature", "geometry": {"type": "Polygon", "coordinates": [[[78.8680591, 10.8293409], [78.8681544, 10.8293483], [78.8682386, 10.8293404], [78.868462, 10.8294278], [78.8684685, 10.8294024], [78.8685607, 10.8293817], [78.8686173, 10.8290573], [78.8681418, 10.8289708], [78.8680772, 10.8290804], [78.8680244, 10.8291928], [78.8680591, 10.8293409]]]}, "properties": {"osm_id": "878513354", "name": "", "kind": "landuse", "landuse": "farmland", "natural": null, "water": null, "waterway": null}}, {"type": "Feature", "geometry": {"type": "Polygon", "coordinates": [[[78.8673473, 10.8291867], [78.8673845, 10.8292332], [78.867753, 10.8292752], [78.8677309, 10.828916], [78.8673267, 10.8289034], [78.8673473, 10.8291867]]]}, "properties": {"osm_id": "878513356", "name": "", "kind": "landuse", "landuse": "farmland", "natural": null, "water": null, "waterway": null}}, {"type": "Feature", "geometry": {"type": "Polygon", "coordinates": [[[78.8691321, 10.8296393], [78.8695713, 10.8296195], [78.8695654, 10.829386], [78.8693511, 10.8294177], [78.8692366, 10.8294292], [78.8691143, 10.8294262], [78.8691321, 10.8296393]]]}, "properties": {"osm_id": "878513358", "name": "", "kind": "landuse", "landuse": "farmland", "natural": null, "water": null, "waterway": null}}, {"type": "Feature", "geometry": {"type": "Polygon", "coordinates": [[[78.8695713, 10.8296195], [78.8699029, 10.8296079], [78.8699969, 10.8295618], [78.8699763, 10.8293571], [78.8697976, 10.8293697], [78.8695654, 10.829386], [78.8695713, 10.8296195]]]}, "properties": {"osm_id": "878513360", "name": "", "kind": "landuse", "landuse": "farmland", "natural": null, "water": null, "waterway": null}}, {"type": "Feature", "geometry": {"type": "Polygon", "coordinates": [[[78.8667641, 10.8294262], [78.8670296, 10.8294167], [78.8670169, 10.82921], [78.8670051, 10.8290168], [78.8670076, 10.8288933], [78.8667484, 10.8289105], [78.8667641, 10.8294262]]]}, "properties": {"osm_id": "878513362", "name": "", "kind": "landuse", "landuse": "farmland", "natural": null, "water": null, "waterway": null}}, {"type": "Feature", "geometry": {"type": "Polygon", "coordinates": [[[78.8670169, 10.82921], [78.8671298, 10.8292091], [78.8673473, 10.8291867], [78.8673267, 10.8289034], [78.8670076, 10.8288933], [78.8670051, 10.8290168], [78.8670169, 10.82921]]]}, "properties": {"osm_id": "878513364", "name": "", "kind": "landuse", "landuse": "farmland", "natural": null, "water": null, "waterway": null}}, {"type": "Feature", "geometry": {"type": "Polygon", "coordinates": [[[78.867753, 10.8292752], [78.8679715, 10.829334], [78.8680591, 10.8293409], [78.8680244, 10.8291928], [78.8680772, 10.8290804], [78.8681418, 10.8289708], [78.8677309, 10.828916], [78.867753, 10.8292752]]]}, "properties": {"osm_id": "878513366", "name": "", "kind": "landuse", "landuse": "farmland", "natural": null, "water": null, "waterway": null}}, {"type": "Feature", "geometry": {"type": "Polygon", "coordinates": [[[78.8663985, 10.8292701], [78.8664353, 10.8294294], [78.8667641, 10.8294262], [78.8667484, 10.8289105], [78.8667397, 10.8289111], [78.8664446, 10.8289347], [78.8663431, 10.8291477], [78.8663985, 10.8292701]]]}, "properties": {"osm_id": "878513368", "name": "", "kind": "landuse", "landuse": "farmland", "natural": null, "water": null, "waterway": null}}, {"type": "Feature", "geometry": {"type": "Polygon", "coordinates": [[[78.868483, 10.8296901], [78.8691321, 10.8296393], [78.8691143, 10.8294262], [78.8688553, 10.8294326], [78.8686174, 10.8294151], [78.8685607, 10.8293817], [78.8684685, 10.8294024], [78.868462, 10.8294278], [78.868483, 10.8296901]]]}, "properties": {"osm_id": "878513370", "name": "", "kind": "landuse", "landuse": "farmland", "natural": null, "water": null, "waterway": null}}, {"type": "Feature", "geometry": {"type": "Polygon", "coordinates": [[[78.8686174, 10.8294151], [78.8688553, 10.8294326], [78.8691143, 10.8294262], [78.8692366, 10.8294292], [78.8692337, 10.8290804], [78.8688756, 10.8290804], [78.8686173, 10.8290573], [78.8685607, 10.8293817], [78.8686174, 10.8294151]]]}, "properties": {"osm_id": "878513372", "name": "", "kind": "landuse", "landuse": "farmland", "natural": null, "water": null, "waterway": null}}, {"type": "Feature", "geometry": {"type": "Polygon", "coordinates": [[[78.8692366, 10.8294292], [78.8693511, 10.8294177], [78.8695654, 10.829386], [78.8697976, 10.8293697], [78.8697943, 10.8291813], [78.869853, 10.8291524], [78.8698677, 10.8289766], [78.8695214, 10.829066], [78.8692337, 10.8290804], [78.8692366, 10.8294292]]]}, "properties": {"osm_id": "878513374", "name": "", "kind": "landuse", "landuse": "farmland", "natural": null, "water": null, "waterway": null}}, {"type": "Feature", "geometry": {"type": "Polygon", "coordinates": [[[78.86609, 10.8309079], [78.8661135, 10.8311933], [78.8661516, 10.8314326], [78.8663189, 10.8315825], [78.866498, 10.8317526], [78.8666301, 10.8317959], [78.8666183, 10.8315739], [78.8666301, 10.8314268], [78.8666565, 10.8311991], [78.8666858, 10.8307753], [78.8667093, 10.8304841], [78.8662485, 10.8304755], [78.8662133, 10.8302333], [78.8660577, 10.8302304], [78.8660489, 10.8306398], [78.86609, 10.8309079]]]}, "properties": {"osm_id": "878513514", "name": "", "kind": "landuse", "landuse": "farmland", "natural": null, "water": null, "waterway": null}}, {"type": "Feature", "geometry": {"type": "Polygon", "coordinates": [[[78.8657348, 10.8309166], [78.86609, 10.8309079], [78.8660489, 10.8306398], [78.8656937, 10.8306167], [78.8657348, 10.8309166]]]}, "properties": {"osm_id": "878513516", "name": "", "kind": "landuse", "landuse": "farmland", "natural": null, "water": null, "waterway": null}}, {"type": "Feature", "geometry": {"type": "Polygon", "coordinates": [[[78.8660489, 10.8306398], [78.8660577, 10.8302304], [78.8657234, 10.8302196], [78.8656937, 10.8306167], [78.8660489, 10.8306398]]]}, "properties": {"osm_id": "878513518", "name": "", "kind": "landuse", "landuse": "farmland", "natural": null, "water": null, "waterway": null}}, {"type": "Feature", "geometry": {"type": "Polygon", "coordinates": [[[78.86609, 10.8309079], [78.8663806, 10.8308935], [78.8664158, 10.8306542], [78.8660489, 10.8306398], [78.86609, 10.8309079]]]}, "properties": {"osm_id": "878513520", "name": "", "kind": "landuse", "landuse": "farmland", "natural": null, "water": null, "waterway": null}}, {"type": "Feature", "geometry": {"type": "Polygon", "coordinates": [[[78.8654303, 10.8301565], [78.8654597, 10.8297959], [78.8652476, 10.8297547], [78.8652358, 10.8300142], [78.8652326, 10.8301657], [78.8654303, 10.8301565]]]}, "properties": {"osm_id": "878513522", "name": "", "kind": "landuse", "landuse": "farmland", "natural": null, "water": null, "waterway": null}}, {"type": "Feature", "geometry": {"type": "Polygon", "coordinates": [[[78.8650832, 10.8308762], [78.8650891, 10.8304726], [78.8649834, 10.8304668], [78.8648777, 10.8304841], [78.8647545, 10.8308358], [78.8650832, 10.8308762]]]}, "properties": {"osm_id": "878513524", "name": "", "kind": "landuse", "landuse": "farmland", "natural": null, "water": null, "waterway": null}}, {"type": "Feature", "geometry": {"type": "Polygon", "coordinates": [[[78.8653885, 10.8308704], [78.8657348, 10.8309166], [78.8656937, 10.8306167], [78.8657234, 10.8302196], [78.8654303, 10.8301565], [78.8653885, 10.8303284], [78.8653474, 10.8306571], [78.8653885, 10.8308704]]]}, "properties": {"osm_id": "878513526", "name": "", "kind": "landuse", "landuse": "farmland", "natural": null, "water": null, "waterway": null}}, {"type": "Feature", "geometry": {"type": "Polygon", "coordinates": [[[78.8649658, 10.8301555], [78.8652326, 10.8301657], [78.8652358, 10.8300142], [78.8652476, 10.8297547], [78.8646605, 10.8296942], [78.8646576, 10.8297922], [78.8646664, 10.8299335], [78.8646256, 10.8301386], [78.8649658, 10.8301555]]]}, "properties": {"osm_id": "878513528", "name": "", "kind": "landuse", "landuse": "farmland", "natural": null, "water": null, "waterway": null}}, {"type": "Feature", "geometry": {"type": "Polygon", "coordinates": [[[78.8694526, 10.8290234], [78.8699653, 10.8289112], [78.8699539, 10.8288623], [78.8699892, 10.8288399], [78.8699798, 10.8288236], [78.8696955, 10.828845], [78.8694734, 10.8288603], [78.8694506, 10.8288909], [78.8694526, 10.8290234]]]}, "properties": {"osm_id": "878513530", "name": "", "kind": "landuse", "landuse": "farmland", "natural": null, "water": null, "waterway": null}}, {"type": "Feature", "geometry": {"type": "Polygon", "coordinates": [[[78.8643435, 10.830709], [78.8647545, 10.8308358], [78.8648777, 10.8304841], [78.8649834, 10.8304668], [78.8649658, 10.8301555], [78.8646256, 10.8301386], [78.8643615, 10.8301256], [78.8641498, 10.8301151], [78.8640794, 10.8305879], [78.8643435, 10.830709]]]}, "properties": {"osm_id": "878513532", "name": "", "kind": "landuse", "landuse": "farmland", "natural": null, "water": null, "waterway": null}}, {"type": "Feature", "geometry": {"type": "Polygon", "coordinates": [[[78.8644228, 10.8297749], [78.8643846, 10.8298268], [78.8643615, 10.8301256], [78.8646256, 10.8301386], [78.8646664, 10.8299335], [78.8646576, 10.8297922], [78.8646605, 10.8296942], [78.8643494, 10.8296567], [78.8643465, 10.8297201], [78.8644228, 10.8297749]]]}, "properties": {"osm_id": "878513534", "name": "", "kind": "landuse", "landuse": "farmland", "natural": null, "water": null, "waterway": null}}, {"type": "Feature", "geometry": {"type": "Polygon", "coordinates": [[[78.8649834, 10.8304668], [78.8650891, 10.8304726], [78.8650832, 10.8308762], [78.8653885, 10.8308704], [78.8653474, 10.8306571], [78.8653885, 10.8303284], [78.8654303, 10.8301565], [78.8652326, 10.8301657], [78.8649658, 10.8301555], [78.8649834, 10.8304668]]]}, "properties": {"osm_id": "878513536", "name": "", "kind": "landuse", "landuse": "farmland", "natural": null, "water": null, "waterway": null}}, {"type": "Feature", "geometry": {"type": "Polygon", "coordinates": [[[78.8691875, 10.8303594], [78.8692403, 10.8304286], [78.869299, 10.8305583], [78.8693577, 10.8305785], [78.8693988, 10.8305439], [78.8693255, 10.8303306], [78.8693137, 10.8301259], [78.8692902, 10.8300613], [78.8691864, 10.8301551], [78.8691366, 10.8301754], [78.8690329, 10.8302183], [78.8691875, 10.8303594]]]}, "properties": {"osm_id": "878720046", "name": "", "kind": "landuse", "landuse": "farmland", "natural": null, "water": null, "waterway": null}}, {"type": "Feature", "geometry": {"type": "Polygon", "coordinates": [[[78.869481, 10.8305698], [78.8695544, 10.8306534], [78.8696718, 10.8306823], [78.8697305, 10.8307053], [78.8697423, 10.8306419], [78.8697217, 10.8305468], [78.8697687, 10.8302066], [78.8696571, 10.8301691], [78.8696597, 10.8300857], [78.8695206, 10.8300776], [78.8694664, 10.8305093], [78.869481, 10.8305698]]]}, "properties": {"osm_id": "878720050", "name": "", "kind": "landuse", "landuse": "farmland", "natural": null, "water": null, "waterway": null}}, {"type": "Feature", "geometry": {"type": "Polygon", "coordinates": [[[78.8692695, 10.8299451], [78.8692902, 10.8300613], [78.869338, 10.8300919], [78.8695206, 10.8300776], [78.8696597, 10.8300857], [78.8698423, 10.8300959], [78.8698361, 10.8297922], [78.86978, 10.829782], [78.8696451, 10.8297922], [78.8694915, 10.8298146], [78.8692695, 10.8298228], [78.8692695, 10.8299451]]]}, "properties": {"osm_id": "878720052", "name": "", "kind": "landuse", "landuse": "farmland", "natural": null, "water": null, "waterway": null}}, {"type": "Feature", "geometry": {"type": "Polygon", "coordinates": [[[78.8697687, 10.8302066], [78.8697217, 10.8305468], [78.8697423, 10.8306419], [78.8697775, 10.8306419], [78.8698362, 10.8306073], [78.8698832, 10.8301893], [78.869917, 10.8301714], [78.8698485, 10.8301265], [78.8698423, 10.8300959], [78.8696597, 10.8300857], [78.8696571, 10.8301691], [78.8697687, 10.8302066]]]}, "properties": {"osm_id": "878720054", "name": "", "kind": "landuse", "landuse": "farmland", "natural": null, "water": null, "waterway": null}}, {"type": "Feature", "geometry": {"type": "Polygon", "coordinates": [[[78.8698423, 10.8300959], [78.8698485, 10.8301265], [78.869917, 10.8301714], [78.8699585, 10.8301734], [78.8700416, 10.8301632], [78.8701391, 10.8301938], [78.8702387, 10.8301999], [78.8702699, 10.8297779], [78.8700665, 10.8297779], [78.8699959, 10.8297779], [78.8698361, 10.8297922], [78.8698423, 10.8300959]]]}, "properties": {"osm_id": "878720056", "name": "", "kind": "landuse", "landuse": "farmland", "natural": null, "water": null, "waterway": null}}, {"type": "Feature", "geometry": {"type": "Polygon", "coordinates": [[[78.8686842, 10.8300592], [78.8689332, 10.8301653], [78.8689955, 10.829837], [78.8686738, 10.8298615], [78.8686842, 10.8300592]]]}, "properties": {"osm_id": "878720058", "name": "", "kind": "landuse", "landuse": "farmland", "natural": null, "water": null, "waterway": null}}, {"type": "Feature", "geometry": {"type": "Polygon", "coordinates": [[[78.8683645, 10.8300857], [78.8684953, 10.8300878], [78.8685555, 10.8300674], [78.8685389, 10.8298697], [78.8683521, 10.82989], [78.8683645, 10.8300857]]]}, "properties": {"osm_id": "878720060", "name": "", "kind": "landuse", "landuse": "farmland", "natural": null, "water": null, "waterway": null}}, {"type": "Feature", "geometry": {"type": "Polygon", "coordinates": [[[78.8690329, 10.8302183], [78.8691366, 10.8301754], [78.8691678, 10.8298309], [78.8689955, 10.829837], [78.8689332, 10.8301653], [78.8690329, 10.8302183]]]}, "properties": {"osm_id": "878720062", "name": "", "kind": "landuse", "landuse": "farmland", "natural": null, "water": null, "waterway": null}}, {"type": "Feature", "geometry": {"type": "Polygon", "coordinates": [[[78.8685555, 10.8300674], [78.8686157, 10.8300715], [78.8686842, 10.8300592], [78.8686738, 10.8298615], [78.8685389, 10.8298697], [78.8685555, 10.8300674]]]}, "properties": {"osm_id": "878720064", "name": "", "kind": "landuse", "landuse": "farmland", "natural": null, "water": null, "waterway": null}}, {"type": "Feature", "geometry": {"type": "Polygon", "coordinates": [[[78.8662485, 10.8304755], [78.8667093, 10.8304841], [78.8667371, 10.8304128], [78.8667224, 10.8302975], [78.8666813, 10.8301764], [78.8662133, 10.8302333], [78.8662485, 10.8304755]]]}, "properties": {"osm_id": "878720066", "name": "", "kind": "landuse", "landuse": "farmland", "natural": null, "water": null, "waterway": null}}, {"type": "Feature", "geometry": {"type": "Polygon", "coordinates": [[[78.8691864, 10.8301551], [78.8692902, 10.8300613], [78.8692695, 10.8299451], [78.8692695, 10.8298228], [78.8691678, 10.8298309], [78.8691366, 10.8301754], [78.8691864, 10.8301551]]]}, "properties": {"osm_id": "878720068", "name": "", "kind": "landuse", "landuse": "farmland", "natural": null, "water": null, "waterway": null}}, {"type": "Feature", "geometry": {"type": "Polygon", "coordinates": [[[78.8702706, 10.8307025], [78.8703381, 10.8302095], [78.8702387, 10.8301999], [78.8701391, 10.8301938], [78.8700416, 10.8301632], [78.8699712, 10.8307025], [78.8699389, 10.8307226], [78.8702706, 10.8307025]]]}, "properties": {"osm_id": "878720070", "name": "", "kind": "landuse", "landuse": "farmland", "natural": null, "water": null, "waterway": null}}, {"type": "Feature", "geometry": {"type": "Polygon", "coordinates": [[[78.8699389, 10.8307226], [78.8699712, 10.8307025], [78.8700416, 10.8301632], [78.8699585, 10.8301734], [78.869917, 10.8301714], [78.8698832, 10.8301893], [78.8698362, 10.8306073], [78.8699389, 10.8307226]]]}, "properties": {"osm_id": "878720072", "name": "", "kind": "landuse", "landuse": "farmland", "natural": null, "water": null, "waterway": null}}, {"type": "Feature", "geometry": {"type": "Polygon", "coordinates": [[[78.8697687, 10.8302066], [78.8698832, 10.8301893], [78.869917, 10.8301714], [78.8698485, 10.8301265], [78.8698423, 10.8300959], [78.8696597, 10.8300857], [78.8696571, 10.8301691], [78.8697687, 10.8302066]]]}, "properties": {"osm_id": "878720074", "name": "", "kind": "landuse", "landuse": "farmland", "natural": null, "water": null, "waterway": null}}, {"type": "Feature", "geometry": {"type": "Polygon", "coordinates": [[[78.8693137, 10.8301259], [78.8693255, 10.8303306], [78.8693988, 10.8305439], [78.8693577, 10.8305785], [78.869481, 10.8305698], [78.8694664, 10.8305093], [78.8695206, 10.8300776], [78.869338, 10.8300919], [78.8692902, 10.8300613], [78.8693137, 10.8301259]]]}, "properties": {"osm_id": "878720076", "name": "", "kind": "landuse", "landuse": "farmland", "natural": null, "water": null, "waterway": null}}, {"type": "Feature", "geometry": {"type": "Polygon", "coordinates": [[[79.0734914, 10.6722757], [79.0736215, 10.6746568], [79.0756927, 10.6764325], [79.0768576, 10.6775013], [79.0803864, 10.675264], [79.0891028, 10.6717643], [79.0908428, 10.6692234], [79.0902737, 10.6672418], [79.087997, 10.6621918], [79.08694, 10.6610411], [79.0833298, 10.6623356], [79.0832973, 10.6650204], [79.0865497, 10.6656277], [79.0840779, 10.6679929], [79.0825818, 10.670406], [79.0801913, 10.6683604], [79.0763372, 10.6673217], [79.0733776, 10.6686481], [79.0718164, 10.6712689], [79.0734914, 10.6722757]]]}, "properties": {"osm_id": "882250268", "name": "Kurungulam Melpathi", "kind": "landuse", "landuse": "residential", "natural": null, "water": null, "waterway": null}}, {"type": "Feature", "geometry": {"type": "Polygon", "coordinates": [[[79.0843949, 10.6529939], [79.0890946, 10.6529299], [79.0915014, 10.6508843], [79.0911273, 10.6491742], [79.0897613, 10.6474961], [79.0855007, 10.6490624], [79.0845413, 10.650261], [79.0841185, 10.6514756], [79.0843949, 10.6529939]]]}, "properties": {"osm_id": "882250674", "name": "Thangappaudaiyanpatti", "kind": "landuse", "landuse": "residential", "natural": null, "water": null, "waterway": null}}, {"type": "Feature", "geometry": {"type": "Polygon", "coordinates": [[[79.0765008, 10.6985915], [79.0814146, 10.7017542], [79.0824875, 10.702956], [79.084527, 10.7022641], [79.0852555, 10.7003415], [79.0846882, 10.6991861], [79.0821961, 10.6996239], [79.0814878, 10.6981559], [79.0835991, 10.6966117], [79.085244, 10.6961282], [79.0852751, 10.6953665], [79.0864132, 10.6953175], [79.0864159, 10.6947489], [79.0848614, 10.6945698], [79.0843527, 10.693092], [79.0835329, 10.6920827], [79.0825001, 10.6904374], [79.0803631, 10.6912961], [79.0784105, 10.6921395], [79.0760072, 10.6935311], [79.0749987, 10.6960613], [79.0765008, 10.6985915]]]}, "properties": {"osm_id": "882253810", "name": "Thirukanurpatti", "kind": "landuse", "landuse": "residential", "natural": null, "water": null, "waterway": null}}, {"type": "Feature", "geometry": {"type": "Polygon", "coordinates": [[[78.8004472, 10.8371538], [78.7997281, 10.8371733], [78.7991702, 10.8370468], [78.7977755, 10.8367096], [78.7961125, 10.8363619], [78.7945783, 10.8363408], [78.7945976, 10.8371211], [78.7910528, 10.836467], [78.78653505911059, 10.834957885726439], [78.78995, 10.83668], [78.79278, 10.83723], [78.7979, 10.83822], [78.80006, 10.83801], [78.80042166158816, 10.837972510689033], [78.8004472, 10.8371538]]]}, "properties": {"osm_id": "892062338", "name": "", "kind": "landuse", "landuse": "orchard", "natural": null, "water": null, "waterway": null}}, {"type": "Feature", "geometry": {"type": "Polygon", "coordinates": [[[78.8739736, 10.7615984], [78.8760336, 10.7629054], [78.8842733, 10.7616827], [78.8841875, 10.7575931], [78.8819988, 10.7534402], [78.8789089, 10.7532716], [78.8781793, 10.752344], [78.8765915, 10.7531872], [78.8745315, 10.7535667], [78.8710125, 10.7535667], [78.8695100200054, 10.753284905433988], [78.86863, 10.75976], [78.87080923740625, 10.761199853286275], [78.8739736, 10.7615984]]]}, "properties": {"osm_id": "894030314", "name": "", "kind": "landuse", "landuse": "farmland", "natural": null, "water": null, "waterway": null}}, {"type": "Feature", "geometry": {"type": "Polygon", "coordinates": [[[78.7916821, 10.8313042], [78.7930339, 10.8315676], [78.7942356, 10.831536], [78.7956089, 10.8314411], [78.7977117, 10.8312304], [78.7996644, 10.8309669], [78.7997448, 10.830585], [78.7996858, 10.8302372], [78.7992352, 10.8300106], [78.7988758, 10.8290939], [78.7989992, 10.8286618], [78.799954, 10.8286618], [78.8001633, 10.8284353], [78.8006246, 10.82843], [78.8007212, 10.8291834], [78.8014614, 10.8290148], [78.8018745, 10.8290939], [78.8019228, 10.8296945], [78.8019925, 10.8304743], [78.8027918, 10.8305507], [78.8035482, 10.8302056], [78.8041705, 10.8302346], [78.8042992, 10.8306561], [78.8045621, 10.8303505], [78.8050449, 10.8302477], [78.805297, 10.8305059], [78.8059944, 10.8305217], [78.8059997, 10.8303373], [78.8056993, 10.8302846], [78.8056403, 10.8299896], [78.8054579, 10.8297841], [78.8054365, 10.82941], [78.8057798, 10.8292625], [78.806327, 10.8292835], [78.8070029, 10.8291149], [78.8071477, 10.8300686], [78.8075071, 10.8301529], [78.807711, 10.8293257], [78.808521, 10.8292625], [78.8093579, 10.8289042], [78.8096475, 10.8289885], [78.809787, 10.829684], [78.8111496, 10.8301898], [78.8119542, 10.8299263], [78.8112783, 10.8295891], [78.8112247, 10.8288831], [78.8125229, 10.8286829], [78.8135743, 10.8285248], [78.8140571, 10.828999], [78.8152051, 10.8290201], [78.8154518, 10.8288726], [78.8152373, 10.8281982], [78.8149476, 10.8281665], [78.8149369, 10.8278399], [78.8142717, 10.8271128], [78.8140249, 10.8272814], [78.8136387, 10.8271233], [78.8139176, 10.8268994], [78.8131237, 10.8261038], [78.812437, 10.8256085], [78.8122225, 10.8251764], [78.8113749, 10.8251343], [78.8101625, 10.8252607], [78.8090253, 10.8256401], [78.8077485, 10.8260721], [78.8073087, 10.8260405], [78.8059139, 10.8264515], [78.8043153, 10.8269257], [78.8037681, 10.8268098], [78.8033175, 10.8268414], [78.8029957, 10.8269995], [78.8026202, 10.8268941], [78.8018584, 10.8267887], [78.80144, 10.826873], [78.8010967, 10.8268098], [78.8005817, 10.8264726], [78.7996805, 10.8265674], [78.7992298, 10.8266096], [78.7989831, 10.8265147], [78.7986183, 10.8265885], [78.798114, 10.8267255], [78.7976527, 10.826715], [78.7971163, 10.8268625], [78.7967408, 10.8271049], [78.7963974, 10.8271681], [78.795979, 10.8272656], [78.795287, 10.8276344], [78.7947076, 10.8280559], [78.7942999, 10.8286407], [78.7940585, 10.8287198], [78.7937796, 10.8288014], [78.7933558, 10.8290333], [78.7927496, 10.8291492], [78.7914675, 10.8301239], [78.7906951, 10.8304717], [78.7916821, 10.8313042]]]}, "properties": {"osm_id": "894030322", "name": "", "kind": "landuse", "landuse": "farmland", "natural": null, "water": null, "waterway": null}}, {"type": "Feature", "geometry": {"type": "Polygon", "coordinates": [[[79.1367188, 10.7870546], [79.1372257, 10.7872153], [79.1374859, 10.7873062], [79.1378319, 10.7874353], [79.1381605, 10.7875289], [79.1383254, 10.7874551], [79.1383415, 10.787355], [79.1382329, 10.7873326], [79.1381363, 10.7873392], [79.1380237, 10.7873036], [79.137726, 10.7872061], [79.1373545, 10.7870836], [79.1368408, 10.7869295], [79.1367215, 10.7868965], [79.1367, 10.7869018], [79.1366772, 10.7869545], [79.1367188, 10.7870546]]]}, "properties": {"osm_id": "915704968", "name": "", "kind": "landuse", "landuse": "commercial", "natural": null, "water": null, "waterway": null}}, {"type": "Feature", "geometry": {"type": "Polygon", "coordinates": [[[79.1314896, 10.7960599], [79.1325894, 10.7964036], [79.1329661, 10.7965473], [79.1330809, 10.7962711], [79.1330235, 10.7960061], [79.1319248, 10.7957669], [79.1311654, 10.7955093], [79.131044, 10.7958848], [79.1314896, 10.7960599]]]}, "properties": {"osm_id": "917101436", "name": "", "kind": "landuse", "landuse": "farmland", "natural": null, "water": null, "waterway": null}}, {"type": "Feature", "geometry": {"type": "Polygon", "coordinates": [[[79.1346201, 10.7935989], [79.1346201, 10.7940125], [79.1349259, 10.7940599], [79.1349205, 10.794384], [79.1359156, 10.7944183], [79.135929, 10.7941996], [79.136326, 10.7942549], [79.1363394, 10.7941838], [79.1365566, 10.7942075], [79.1365915, 10.7939888], [79.1365244, 10.7937622], [79.1345423, 10.793504], [79.1345342, 10.7935804], [79.1346201, 10.7935989]]]}, "properties": {"osm_id": "917101460", "name": "", "kind": "landuse", "landuse": "retail", "natural": null, "water": null, "waterway": null}}, {"type": "Feature", "geometry": {"type": "Polygon", "coordinates": [[[79.1175149, 10.751795], [79.118287, 10.7512035], [79.1180272, 10.7508549], [79.1172454, 10.7514115], [79.1175149, 10.751795]]]}, "properties": {"osm_id": "961716080", "name": "புதிய விட்டுவசதி வாரியம்", "kind": "landuse", "landuse": "residential", "natural": null, "water": null, "waterway": null}}, {"type": "Feature", "geometry": {"type": "Polygon", "coordinates": [[[79.1063072, 10.8795323], [79.106465, 10.879155], [79.1071355, 10.8782241], [79.1064404, 10.8777578], [79.1062845, 10.8781434], [79.1061252, 10.878538], [79.1059872, 10.8789701], [79.1058621, 10.879417], [79.1063072, 10.8795323]]]}, "properties": {"osm_id": "964919322", "name": "", "kind": "landuse", "landuse": "residential", "natural": null, "water": null, "waterway": null}}, {"type": "Feature", "geometry": {"type": "Polygon", "coordinates": [[[79.1065738, 10.8796046], [79.1073555, 10.8799885], [79.1073918, 10.8799255], [79.1075264, 10.8799906], [79.1077314, 10.879592], [79.1078916, 10.8793802], [79.1082055, 10.8788471], [79.1076097, 10.8785412], [79.1076524, 10.8783818], [79.1072252, 10.8781678], [79.1070956, 10.8783712], [79.1067179, 10.8788517], [79.1065144, 10.8791761], [79.1063538, 10.8795375], [79.1065738, 10.8796046]]]}, "properties": {"osm_id": "964919324", "name": "", "kind": "landuse", "landuse": "residential", "natural": null, "water": null, "waterway": null}}, {"type": "Feature", "geometry": {"type": "Polygon", "coordinates": [[[79.1064235, 10.8821803], [79.1066942, 10.8822759], [79.1068169, 10.8819187], [79.1073202, 10.8807306], [79.1072695, 10.8805562], [79.1063939, 10.8806019], [79.1064235, 10.8821803]]]}, "properties": {"osm_id": "964919328", "name": "", "kind": "landuse", "landuse": "residential", "natural": null, "water": null, "waterway": null}}, {"type": "Feature", "geometry": {"type": "Polygon", "coordinates": [[[79.1055941, 10.8793721], [79.105716, 10.8788374], [79.105605, 10.8788135], [79.1056402, 10.8786579], [79.1057025, 10.8786592], [79.1058882, 10.8777936], [79.1053069, 10.8777693], [79.1052406, 10.8784719], [79.1052047, 10.878949], [79.1052003, 10.8791533], [79.1051933, 10.8792577], [79.1051911, 10.8793598], [79.1055941, 10.8793721]]]}, "properties": {"osm_id": "964919330", "name": "", "kind": "landuse", "landuse": "residential", "natural": null, "water": null, "waterway": null}}, {"type": "Feature", "geometry": {"type": "Polygon", "coordinates": [[[79.1130062, 10.8829179], [79.1131491, 10.8823451], [79.1135776, 10.8815325], [79.1122919, 10.880872], [79.1116371, 10.8824971], [79.1130062, 10.8829179]]]}, "properties": {"osm_id": "964919354", "name": "", "kind": "landuse", "landuse": "farmland", "natural": null, "water": null, "waterway": null}}, {"type": "Feature", "geometry": {"type": "Polygon", "coordinates": [[[79.1111919, 10.8843579], [79.1119479, 10.884428], [79.111942, 10.8846384], [79.1127337, 10.8846443], [79.112817, 10.8842176], [79.1128527, 10.8836447], [79.1130373, 10.8836622], [79.1130908, 10.8830601], [79.1123289, 10.8828322], [79.1112634, 10.8825165], [79.1111622, 10.8829666], [79.1111919, 10.8843579]]]}, "properties": {"osm_id": "964919356", "name": "", "kind": "landuse", "landuse": "farmland", "natural": null, "water": null, "waterway": null}}, {"type": "Feature", "geometry": {"type": "Polygon", "coordinates": [[[79.1036147, 10.8776006], [79.1036518, 10.8778884], [79.1037158, 10.8782787], [79.1037192, 10.8785996], [79.1037192, 10.8789833], [79.1036733, 10.8794234], [79.1039523, 10.879426], [79.1042446, 10.8794207], [79.1051405, 10.8793575], [79.1051435, 10.878944], [79.1051766, 10.8784895], [79.1052548, 10.8777722], [79.1051195, 10.8777515], [79.1051676, 10.8772734], [79.1037293, 10.8768101], [79.1036754, 10.8769821], [79.1036046, 10.8774584], [79.1036147, 10.8776006]]]}, "properties": {"osm_id": "964919364", "name": "", "kind": "landuse", "landuse": "residential", "natural": null, "water": null, "waterway": null}}, {"type": "Feature", "geometry": {"type": "Polygon", "coordinates": [[[79.1059821, 10.8831723], [79.1062717, 10.8832358], [79.1065039, 10.8827445], [79.1066665, 10.8823444], [79.1063939, 10.8822631], [79.1063499, 10.8822422], [79.1045108, 10.8822929], [79.10453, 10.8825226], [79.104493, 10.8827376], [79.1059821, 10.8831723]]]}, "properties": {"osm_id": "964919386", "name": "", "kind": "landuse", "landuse": "residential", "natural": null, "water": null, "waterway": null}}, {"type": "Feature", "geometry": {"type": "Polygon", "coordinates": [[[79.1036462, 10.8795923], [79.1043671, 10.8796096], [79.1050164, 10.87958], [79.1053334, 10.8795837], [79.1063001, 10.8796751], [79.1063182, 10.8796149], [79.1060192, 10.8795463], [79.1053013, 10.8794435], [79.1048976, 10.8794748], [79.1041979, 10.8795302], [79.1036377, 10.8795188], [79.1036462, 10.8795923]]]}, "properties": {"osm_id": "964919392", "name": "", "kind": "landuse", "landuse": "residential", "natural": null, "water": null, "waterway": null}}, {"type": "Feature", "geometry": {"type": "Polygon", "coordinates": [[[79.1013472, 10.8793181], [79.1035896, 10.8794174], [79.1036316, 10.8789392], [79.1036346, 10.8786146], [79.1025947, 10.8786175], [79.1009155, 10.8785737], [79.1009103, 10.8781774], [79.0998745, 10.8782976], [79.0996149, 10.8790257], [79.1013472, 10.8793181]]]}, "properties": {"osm_id": "964919394", "name": "", "kind": "landuse", "landuse": "residential", "natural": null, "water": null, "waterway": null}}, {"type": "Feature", "geometry": {"type": "Polygon", "coordinates": [[[79.1044191, 10.8826804], [79.1044459, 10.8825013], [79.1044272, 10.8822959], [79.1043842, 10.882151], [79.1043252, 10.8807102], [79.103829, 10.8807128], [79.1037807, 10.880697], [79.1036976, 10.8817164], [79.1034911, 10.8824223], [79.1044191, 10.8826804]]]}, "properties": {"osm_id": "964919396", "name": "", "kind": "landuse", "landuse": "residential", "natural": null, "water": null, "waterway": null}}, {"type": "Feature", "geometry": {"type": "Polygon", "coordinates": [[[79.1034146, 10.8824215], [79.1034937, 10.8821719], [79.1035342, 10.8820419], [79.1036133, 10.8817168], [79.103735, 10.8806932], [79.1036005, 10.8806681], [79.1033036, 10.8806576], [79.1027824, 10.8805569], [79.1024898, 10.8815007], [79.1023617, 10.8821132], [79.1034146, 10.8824215]]]}, "properties": {"osm_id": "964919398", "name": "", "kind": "landuse", "landuse": "residential", "natural": null, "water": null, "waterway": null}}, {"type": "Feature", "geometry": {"type": "Polygon", "coordinates": [[[79.1016918, 10.8800679], [79.1027548, 10.8804444], [79.1027769, 10.8805193], [79.1033169, 10.8806198], [79.1036347, 10.8806145], [79.1037715, 10.8806395], [79.1038171, 10.880654], [79.1043192, 10.8806239], [79.1042729, 10.8796206], [79.1036373, 10.8796], [79.1036291, 10.8795207], [79.1013547, 10.8793598], [79.1012389, 10.8798941], [79.1016918, 10.8800679]]]}, "properties": {"osm_id": "964919404", "name": "", "kind": "landuse", "landuse": "residential", "natural": null, "water": null, "waterway": null}}, {"type": "Feature", "geometry": {"type": "Polygon", "coordinates": [[[79.1011447, 10.881063], [79.1013781, 10.8811056], [79.1019185, 10.8812824], [79.1024388, 10.8814331], [79.1026989, 10.8805422], [79.1026889, 10.8804865], [79.1012714, 10.8799887], [79.1010179, 10.8810204], [79.1011447, 10.881063]]]}, "properties": {"osm_id": "964919406", "name": "", "kind": "landuse", "landuse": "residential", "natural": null, "water": null, "waterway": null}}, {"type": "Feature", "geometry": {"type": "Polygon", "coordinates": [[[79.1022691, 10.8820881], [79.1023658, 10.8817081], [79.1022308, 10.8816823], [79.1021824, 10.88184], [79.1017321, 10.8816967], [79.1011051, 10.8814887], [79.1011484, 10.881148], [79.1009683, 10.8811087], [79.1008783, 10.8816262], [79.1022691, 10.8820881]]]}, "properties": {"osm_id": "964919414", "name": "", "kind": "landuse", "landuse": "residential", "natural": null, "water": null, "waterway": null}}, {"type": "Feature", "geometry": {"type": "Polygon", "coordinates": [[[79.1119269, 10.878708], [79.1131187, 10.8765403], [79.1236223, 10.8766138], [79.1236009, 10.8724837], [79.1151197, 10.8712562], [79.1148984, 10.8719028], [79.115349, 10.8720082], [79.1151881, 10.8724613], [79.1144049, 10.8723875], [79.1147375, 10.8736835], [79.1136861, 10.8737045], [79.1134428, 10.8730606], [79.1112132, 10.8728088], [79.1092984, 10.8728179], [79.1083574, 10.8759695], [79.1119269, 10.878708]]]}, "properties": {"osm_id": "964919420", "name": "", "kind": "landuse", "landuse": "farmland", "natural": null, "water": null, "waterway": null}}, {"type": "Feature", "geometry": {"type": "Polygon", "coordinates": [[[79.109047, 10.8770553], [79.1092296, 10.8770919], [79.109429, 10.8772108], [79.1099912, 10.8775883], [79.1104508, 10.8778877], [79.1108355, 10.8781403], [79.1111072, 10.8782612], [79.1081333, 10.8760308], [79.1065006, 10.8754635], [79.1044376, 10.8746473], [79.1041723, 10.8753419], [79.109047, 10.8770553]]]}, "properties": {"osm_id": "964919424", "name": "", "kind": "landuse", "landuse": "farmland", "natural": null, "water": null, "waterway": null}}, {"type": "Feature", "geometry": {"type": "Polygon", "coordinates": [[[79.1092615, 10.8862095], [79.1095042, 10.8863299], [79.1097859, 10.8872721], [79.1098566, 10.8877584], [79.1101219, 10.8884529], [79.1125646, 10.8880752], [79.1124083, 10.8872057], [79.1122104, 10.8870011], [79.1118872, 10.8856285], [79.1119022, 10.8849893], [79.1107585, 10.8849453], [79.1106463, 10.8847067], [79.1104744, 10.8846259], [79.1102688, 10.8842699], [79.1095475, 10.8841928], [79.1091289, 10.8841158], [79.1089607, 10.8838845], [79.1087476, 10.8838258], [79.1085982, 10.8837513], [79.1085536, 10.8840786], [79.1092615, 10.8862095]]]}, "properties": {"osm_id": "964919426", "name": "", "kind": "landuse", "landuse": "farmland", "natural": null, "water": null, "waterway": null}}, {"type": "Feature", "geometry": {"type": "Polygon", "coordinates": [[[79.1873628, 10.905399], [79.1875063, 10.9063638], [79.1904439, 10.907077], [79.1908636, 10.9056822], [79.1898144, 10.9038913], [79.1882972, 10.9041369], [79.1872965, 10.9049532], [79.1873628, 10.905399]]]}, "properties": {"osm_id": "1082058910", "name": "Mahalipuram", "kind": "landuse", "landuse": "residential", "natural": null, "water": null, "waterway": null}}, {"type": "Feature", "geometry": {"type": "Polygon", "coordinates": [[[79.1473522, 10.8356372], [79.1473935, 10.8339873], [79.1449012, 10.833994], [79.1447979, 10.8352653], [79.1473522, 10.8356372]]]}, "properties": {"osm_id": "1082765888", "name": "Fish Farm", "kind": "landuse", "landuse": "aquaculture", "natural": null, "water": null, "waterway": null}}, {"type": "Feature", "geometry": {"type": "Polygon", "coordinates": [[[79.216142, 10.8741738], [79.216142, 10.8736312], [79.2156645, 10.8736207], [79.2156431, 10.874158], [79.216142, 10.8741738]]]}, "properties": {"osm_id": "1105235388", "name": "", "kind": "landuse", "landuse": "farmland", "natural": null, "water": null, "waterway": null}}, {"type": "Feature", "geometry": {"type": "Polygon", "coordinates": [[[78.8341033, 10.8262984], [78.8362276, 10.8263089], [78.8380945, 10.8265091], [78.8419568, 10.8273206], [78.8455188, 10.8281952], [78.8479757, 10.828701], [78.8504863, 10.8287537], [78.852514, 10.8284376], [78.8527715, 10.8278791], [78.8517094, 10.8274997], [78.8497782, 10.8270044], [78.848083, 10.826899], [78.8455617, 10.8268253], [78.8432979, 10.8267094], [78.8424075, 10.8265302], [78.8406372, 10.8262879], [78.8394141, 10.8261614], [78.8385773, 10.8259296], [78.8374936, 10.8258136], [78.8361847, 10.825624], [78.8343823, 10.8255607], [78.8340604, 10.8260349], [78.8341033, 10.8262984]]]}, "properties": {"osm_id": "1106204326", "name": "", "kind": "landuse", "landuse": "farmland", "natural": null, "water": null, "waterway": null}}, {"type": "Feature", "geometry": {"type": "Polygon", "coordinates": [[[78.8231116, 10.8289645], [78.8246566, 10.8288854], [78.8255042, 10.8286747], [78.827489, 10.8291647], [78.8287336, 10.8294387], [78.8302302, 10.8295809], [78.8322258, 10.8298707], [78.8338566, 10.8301078], [78.8353372, 10.8303607], [78.837381, 10.8308454], [78.8384324, 10.831209], [78.8387543, 10.8305767], [78.8408196, 10.8310404], [78.8407016, 10.8316516], [78.8418549, 10.8321258], [78.8435876, 10.8319572], [78.8436842, 10.8319519], [78.8449126, 10.8323998], [78.8464844, 10.8324893], [78.8473856, 10.8323892], [78.8485551, 10.8326579], [78.8499391, 10.8326685], [78.8510925, 10.8326895], [78.8526159, 10.8325736], [78.8533401, 10.8324261], [78.8551319, 10.8322259], [78.8564032, 10.8321047], [78.8586831, 10.8320784], [78.8606518, 10.8321047], [78.8606036, 10.8313987], [78.8605285, 10.8307032], [78.860389, 10.8298812], [78.8589406, 10.8296073], [78.8580823, 10.8295967], [78.8576853, 10.8294808], [78.855561, 10.829386], [78.8547242, 10.8297021], [78.8535762, 10.8296389], [78.8536084, 10.8300077], [78.8526535, 10.8299129], [78.8524604, 10.8295124], [78.8514626, 10.8294808], [78.8514519, 10.8299234], [78.8504541, 10.8300182], [78.8504434, 10.8292068], [78.849585, 10.8290488], [78.8480079, 10.8290593], [78.846935, 10.8289645], [78.8456368, 10.8291752], [78.8452613, 10.8285535], [78.8436091, 10.8280687], [78.8424396, 10.8277895], [78.8419676, 10.8277737], [78.8419622, 10.8280319], [78.8406211, 10.827937], [78.8401115, 10.828074], [78.8394034, 10.8277157], [78.8388562, 10.8271256], [78.8375258, 10.8268516], [78.8363403, 10.8266514], [78.8354874, 10.8268095], [78.8337868, 10.8266514], [78.832494, 10.8265618], [78.8301927, 10.8263142], [78.8302141, 10.826683], [78.8286531, 10.8266514], [78.8287121, 10.8261983], [78.8279128, 10.8261509], [78.8263464, 10.8263195], [78.8255471, 10.8266725], [78.8236803, 10.8273627], [78.8229507, 10.8278738], [78.8224759, 10.8281557], [78.8231116, 10.8289645]]]}, "properties": {"osm_id": "1106204330", "name": "", "kind": "landuse", "landuse": "farmland", "natural": null, "water": null, "waterway": null}}, {"type": "Feature", "geometry": {"type": "Polygon", "coordinates": [[[78.8853389, 10.8298391], [78.8867283, 10.8306558], [78.8871735, 10.8315567], [78.8874257, 10.8326158], [78.8883161, 10.8333692], [78.8884294, 10.8334958], [78.8886024, 10.833689], [78.8886552, 10.833748], [78.8887453, 10.8338487], [78.8895285, 10.8346021], [78.8904726, 10.834718], [78.8905713, 10.8347896], [78.89117, 10.8352238], [78.8924789, 10.8355505], [78.8935411, 10.8365832], [78.8952041, 10.8375842], [78.8967705, 10.8382165], [78.8973135, 10.8387413], [78.8987736, 10.8401525], [78.8994634, 10.8408192], [78.9010084, 10.8421259], [78.9022529, 10.8434219], [78.9034545, 10.8442122], [78.9064157, 10.8445705], [78.9074564, 10.8436959], [78.9077461, 10.8425157], [78.9072204, 10.8417149], [78.9068127, 10.8404083], [78.9072311, 10.8401659], [78.9084434, 10.8401975], [78.9098489, 10.8408192], [78.9097845, 10.8414304], [78.9126706, 10.8419151], [78.9120591, 10.8427476], [78.9111686, 10.8430005], [78.9108703, 10.8436413], [78.9120591, 10.8437591], [78.9122736, 10.8444019], [78.9132178, 10.8445284], [78.9137435, 10.8445284], [78.9147413, 10.8450658], [78.9145374, 10.845424], [78.9167476, 10.8467306], [78.9187109, 10.8471205], [78.919419, 10.8464251], [78.9197516, 10.845424], [78.9202022, 10.8437908], [78.9184105, 10.8438329], [78.9186144, 10.8426738], [78.9203417, 10.8420205], [78.9218116, 10.8418624], [78.9237642, 10.842031], [78.924129, 10.8426633], [78.9255988, 10.8423998], [78.9255023, 10.8412091], [78.9263177, 10.839481], [78.9261889, 10.8381217], [78.9258563, 10.8367729], [78.9237749, 10.834855], [78.9241505, 10.8337486], [78.9233243, 10.8332638], [78.9239144, 10.8328529], [78.9244509, 10.8321047], [78.9230347, 10.8319256], [78.9202237, 10.831346], [78.9175844, 10.8307032], [78.9163399, 10.8303554], [78.9137328, 10.8295546], [78.9112008, 10.8289961], [78.9103424, 10.8289012], [78.9099133, 10.828564], [78.9063942, 10.8274681], [78.9052677, 10.8273943], [78.9042163, 10.8261614], [78.9037657, 10.826193], [78.903594, 10.8255713], [78.9032507, 10.825624], [78.9031005, 10.8257926], [78.9022529, 10.8258453], [78.9020812, 10.8255186], [78.9015448, 10.825645], [78.9017916, 10.827152], [78.9011478, 10.8281004], [78.9009976, 10.8286589], [78.9007294, 10.8301342], [78.8996029, 10.8308296], [78.8991415, 10.8293544], [78.8966203, 10.8290488], [78.8954508, 10.8292384], [78.8935947, 10.8294176], [78.8934338, 10.8291015], [78.8924038, 10.8291647], [78.891567, 10.8291752], [78.8905477, 10.8298496], [78.8902151, 10.8300709], [78.8894212, 10.8300815], [78.8880908, 10.8298602], [78.887608, 10.8286273], [78.8855052, 10.8286905], [78.8851068, 10.829342], [78.8848937, 10.8295546], [78.8853389, 10.8298391]]]}, "properties": {"osm_id": "1106204334", "name": "", "kind": "landuse", "landuse": "farmland", "natural": null, "water": null, "waterway": null}}, {"type": "Feature", "geometry": {"type": "Polygon", "coordinates": [[[78.8917172, 10.8158025], [78.8936484, 10.8174991], [78.8941312, 10.818416], [78.894437, 10.8196384], [78.8959551, 10.8193749], [78.8973767, 10.8191273], [78.8990128, 10.8189481], [78.9002305, 10.818574], [78.901298, 10.8179365], [78.9025587, 10.8168932], [78.9019901, 10.8155232], [78.9018291, 10.8151596], [78.9011157, 10.8152966], [78.9009976, 10.814775], [78.9009708, 10.8143745], [78.9024192, 10.8140795], [78.9038032, 10.8144905], [78.903991, 10.8146907], [78.904742, 10.8142375], [78.9049834, 10.8133734], [78.9069253, 10.8114449], [78.9076495, 10.8105965], [78.9077085, 10.8095743], [78.9077246, 10.8078144], [78.9078319, 10.8069502], [78.9090121, 10.8072348], [78.909065, 10.806498], [78.9108252, 10.8065708], [78.9107072, 10.8100064], [78.9113134, 10.8100485], [78.9113724, 10.8110075], [78.9116728, 10.812014], [78.9120859, 10.8119665], [78.9121878, 10.8123617], [78.9124614, 10.8122774], [78.9124775, 10.8124566], [78.9130032, 10.8123248], [78.9134216, 10.8118453], [78.9143121, 10.810939], [78.916769, 10.8108547], [78.918153, 10.8110392], [78.9196336, 10.8100169], [78.9209908, 10.8094215], [78.9216936, 10.8091949], [78.9239305, 10.8078513], [78.9253683, 10.8063012], [78.9253592, 10.804833], [78.926661, 10.8039573], [78.9316714, 10.8030826], [78.9344072, 10.8024818], [78.9372735, 10.8015988], [78.9379507, 10.8012277], [78.937958, 10.8009656], [78.9398467, 10.7996575], [78.9379658, 10.7970346], [78.9320147, 10.7970233], [78.9320235, 10.7925455], [78.930694, 10.7925429], [78.930695, 10.7920378], [78.9085722, 10.7919957], [78.9085668, 10.7946932], [78.9081001, 10.7939138], [78.9075637, 10.7982769], [78.9067912, 10.8008484], [78.9053535, 10.8033776], [78.903079, 10.8058015], [78.8976717, 10.8093003], [78.8945603, 10.8117452], [78.8914919, 10.8154758], [78.8917172, 10.8158025]]]}, "properties": {"osm_id": "1106204338", "name": "", "kind": "landuse", "landuse": "farmland", "natural": null, "water": null, "waterway": null}}, {"type": "Feature", "geometry": {"type": "Polygon", "coordinates": [[[78.8842553, 10.8230527], [78.8862079, 10.8226839], [78.8872218, 10.8225153], [78.8883215, 10.8230316], [78.888976, 10.8236639], [78.8898504, 10.8245227], [78.8904351, 10.8249601], [78.8921303, 10.8250496], [78.8923448, 10.8252499], [78.8946515, 10.8249074], [78.8958102, 10.8247704], [78.8976449, 10.824254], [78.8986748, 10.8240117], [78.9002734, 10.8233952], [78.9009869, 10.8220779], [78.9014322, 10.8214825], [78.9021671, 10.820571], [78.9024085, 10.8202865], [78.9023173, 10.8200546], [78.902564, 10.8197754], [78.9033687, 10.819591], [78.904168, 10.818769], [78.9040232, 10.8184054], [78.9032829, 10.8186214], [78.9029717, 10.8176994], [78.9028537, 10.8170987], [78.9016253, 10.8180418], [78.9007294, 10.8187426], [78.8997048, 10.8190324], [78.8982403, 10.8193328], [78.8980801, 10.8193468], [78.8969743, 10.8194434], [78.895365, 10.8197596], [78.894437, 10.8199334], [78.8936484, 10.8203023], [78.8928491, 10.8205973], [78.8924307, 10.8206816], [78.8925111, 10.8211506], [78.8913202, 10.821472], [78.8901722, 10.8216933], [78.8889384, 10.8217354], [78.8889652, 10.8219146], [78.8886058, 10.8219093], [78.8885146, 10.8215985], [78.8867551, 10.821256], [78.8857788, 10.8219093], [78.8851511, 10.8224257], [78.8840836, 10.8230053], [78.8842553, 10.8230527]]]}, "properties": {"osm_id": "1106204340", "name": "", "kind": "landuse", "landuse": "farmland", "natural": null, "water": null, "waterway": null}}, {"type": "Feature", "geometry": {"type": "Polygon", "coordinates": [[[78.8802373, 10.8253289], [78.8808864, 10.8251919], [78.8811332, 10.8253236], [78.8822973, 10.8252973], [78.8834989, 10.8252551], [78.8856071, 10.8253394], [78.8867819, 10.8252973], [78.888074, 10.825178], [78.8881579, 10.8251024], [78.8885522, 10.8249179], [78.8888625, 10.8248552], [78.8895661, 10.8247862], [78.8889545, 10.8241118], [78.8880587, 10.8233688], [78.8871413, 10.8228367], [78.8862026, 10.8230422], [78.8842392, 10.8234373], [78.8826996, 10.8237693], [78.8808274, 10.8242646], [78.8799959, 10.8245912], [78.8802373, 10.8253289]]]}, "properties": {"osm_id": "1106204342", "name": "", "kind": "landuse", "landuse": "farmland", "natural": null, "water": null, "waterway": null}}, {"type": "Feature", "geometry": {"type": "Polygon", "coordinates": [[[78.888756, 10.8195857], [78.8887131, 10.8198808], [78.8885844, 10.8199756], [78.8884985, 10.8204182], [78.889389, 10.8205657], [78.8893568, 10.8207133], [78.889507, 10.8208608], [78.8894212, 10.8213877], [78.8893944, 10.8215405], [78.8900435, 10.8214193], [78.8909018, 10.8210874], [78.8910252, 10.821198], [78.8921946, 10.8210557], [78.8921249, 10.8206448], [78.8924521, 10.8205446], [78.8931066, 10.820355], [78.894209, 10.8198175], [78.8938764, 10.8187874], [78.8935706, 10.8178785], [78.8927042, 10.8171198], [78.8910842, 10.816087], [78.8894105, 10.8179312], [78.8894427, 10.8185003], [78.8886702, 10.8187743], [78.8883483, 10.8193222], [78.888756, 10.8195857]]]}, "properties": {"osm_id": "1106204344", "name": "", "kind": "landuse", "landuse": "farmland", "natural": null, "water": null, "waterway": null}}, {"type": "Feature", "geometry": {"type": "Polygon", "coordinates": [[[79.3040344, 10.2680787], [79.3040076, 10.2677039], [79.3039593, 10.2676485], [79.3036455, 10.2675957], [79.3035355, 10.2679995], [79.3040344, 10.2680787]]]}, "properties": {"osm_id": "1111032052", "name": "", "kind": "landuse", "landuse": "industrial", "natural": null, "water": null, "waterway": null}}, {"type": "Feature", "geometry": {"type": "Polygon", "coordinates": [[[78.9312315, 10.675975], [78.9314836, 10.6761173], [78.9316338, 10.6764336], [78.9323473, 10.6764178], [78.9330822, 10.6765232], [78.93305, 10.6761226], [78.9332217, 10.6759381], [78.9338493, 10.6758379], [78.9339727, 10.6756059], [78.9336294, 10.6754162], [78.9337658, 10.6750211], [78.9337857, 10.6747182], [78.9336333, 10.6746505], [78.933624, 10.6741563], [78.9332753, 10.6741194], [78.9325136, 10.674151], [78.9321169, 10.6744015], [78.9320379, 10.6744442], [78.9319771, 10.6744548], [78.9315641, 10.6746676], [78.9312905, 10.6751262], [78.9312154, 10.6756323], [78.9312315, 10.675975]]]}, "properties": {"osm_id": "1122734092", "name": "", "kind": "landuse", "landuse": "residential", "natural": null, "water": null, "waterway": null}}, {"type": "Feature", "geometry": {"type": "Polygon", "coordinates": [[[78.7901157, 10.8302372], [78.7906575, 10.830095], [78.7914085, 10.829842], [78.7917411, 10.8295681], [78.7920415, 10.8291992], [78.7924009, 10.8288225], [78.7931412, 10.8285801], [78.7940425, 10.8282746], [78.7942785, 10.8279268], [78.7950188, 10.8273999], [78.7959522, 10.82701], [78.796671, 10.8267571], [78.7971324, 10.8265885], [78.798688, 10.8262513], [78.799364, 10.8262724], [78.7999648, 10.8262618], [78.8008445, 10.8262618], [78.8015634, 10.8265042], [78.8019389, 10.8264304], [78.8030225, 10.8266096], [78.803795, 10.8265253], [78.8041919, 10.8265463], [78.8050824, 10.8263777], [78.8068205, 10.8258719], [78.8058972, 10.8259085], [78.8044596, 10.8259717], [78.8032472, 10.825761], [78.8022172, 10.8254343], [78.8016593, 10.8246545], [78.8000071, 10.8254027], [78.7994921, 10.8258347], [78.7983978, 10.8258979], [78.7973571, 10.8260455], [78.7965095, 10.825919], [78.795619, 10.8259612], [78.7949216, 10.8264881], [78.7942243, 10.8269096], [78.793205, 10.8269623], [78.7924111, 10.8276683], [78.7911558, 10.8286483], [78.7897289, 10.8288485], [78.7887102, 10.829136], [78.7901157, 10.8302372]]]}, "properties": {"osm_id": "1136754592", "name": "", "kind": "landuse", "landuse": "farmland", "natural": null, "water": null, "waterway": null}}, {"type": "Feature", "geometry": {"type": "Polygon", "coordinates": [[[79.4606196, 10.415083], [79.4608323, 10.4155796], [79.4611396, 10.4155011], [79.4615494, 10.4154116], [79.4619308, 10.4152492], [79.4622097, 10.4152157], [79.4622552, 10.4155011], [79.4628757, 10.4154452], [79.462944, 10.4150925], [79.4633196, 10.4149917], [79.4632172, 10.4144039], [79.4632172, 10.4137713], [79.4629724, 10.4134298], [79.4627447, 10.4131219], [79.4623576, 10.4131387], [79.4623207, 10.4131911], [79.4622666, 10.4132675], [79.4620047, 10.4132562], [79.4618624, 10.4131275], [79.4612193, 10.4128364], [79.4608835, 10.4128644], [79.4605362, 10.4129204], [79.4606443, 10.4140009], [79.4606274, 10.4144767], [79.4605135, 10.414835], [79.4606196, 10.415083]]]}, "properties": {"osm_id": "1141452056", "name": "", "kind": "landuse", "landuse": "residential", "natural": null, "water": null, "waterway": null}}, {"type": "Feature", "geometry": {"type": "Polygon", "coordinates": [[[79.3116289, 10.4004748], [79.3118155, 10.4011349], [79.3120301, 10.4014936], [79.312191, 10.4020951], [79.3122377, 10.4025145], [79.3123659, 10.4034818], [79.3123406, 10.4040646], [79.3128776, 10.4044378], [79.3143153, 10.4041423], [79.3140471, 10.4025911], [79.3141007, 10.4018524], [79.3141973, 10.4014725], [79.3137467, 10.4013776], [79.313734, 10.401233], [79.3136287, 10.4000374], [79.3136072, 10.3992248], [79.3115258, 10.3993831], [79.3116289, 10.4004748]]]}, "properties": {"osm_id": "1172062636", "name": "", "kind": "landuse", "landuse": "farmland", "natural": null, "water": null, "waterway": null}}, {"type": "Feature", "geometry": {"type": "Polygon", "coordinates": [[[79.2988336, 10.4054825], [79.2990886, 10.405783], [79.2998099, 10.4066327], [79.3002498, 10.4070442], [79.3015373, 10.4077934], [79.3053446, 10.4101081], [79.3057269, 10.4095662], [79.3057289, 10.4084439], [79.3064187, 10.4083135], [79.3063116, 10.4073661], [79.3066549, 10.4069598], [79.3084466, 10.4063689], [79.3083823, 10.4040684], [79.3081891, 10.4022007], [79.3081784, 10.4008288], [79.3089294, 10.4007866], [79.3098307, 10.4002273], [79.3088651, 10.3981168], [79.3108928, 10.3979796], [79.3102705, 10.3960696], [79.3095732, 10.3949827], [79.3096268, 10.3921229], [79.3085539, 10.392355], [79.3082642, 10.3936636], [79.3078887, 10.3942862], [79.3070141, 10.3954336], [79.305228, 10.3963651], [79.3045092, 10.3964706], [79.3038547, 10.3967872], [79.303447, 10.3983173], [79.3030393, 10.3987605], [79.3026209, 10.398961], [79.3016767, 10.3995203], [79.300797, 10.4003118], [79.2998314, 10.4011665], [79.2992413, 10.4014303], [79.2983937, 10.4016203], [79.2977285, 10.4018419], [79.2972028, 10.402264], [79.296838, 10.4026966], [79.2968166, 10.4029921], [79.2988336, 10.4054825]]]}, "properties": {"osm_id": "1172062640", "name": "", "kind": "landuse", "landuse": "farmland", "natural": null, "water": null, "waterway": null}}, {"type": "Feature", "geometry": {"type": "Polygon", "coordinates": [[[79.2909182, 10.9624582], [79.2984635, 10.9634015], [79.2986083, 10.961732], [79.2987692, 10.9600257], [79.2991876, 10.9570816], [79.2949233, 10.9566277], [79.2948639, 10.9572554], [79.2912805, 10.9570132], [79.2909157, 10.9569816], [79.2907548, 10.9571185], [79.2905295, 10.9589513], [79.2902291, 10.9589197], [79.2901969, 10.9615319], [79.2901872, 10.9617818], [79.2901647, 10.962364], [79.2909182, 10.9624582]]]}, "properties": {"osm_id": "1182578080", "name": "", "kind": "landuse", "landuse": "industrial", "natural": null, "water": null, "waterway": null}}, {"type": "Feature", "geometry": {"type": "Polygon", "coordinates": [[[79.1337535, 10.7948359], [79.1337926, 10.7946446], [79.1338139, 10.7944691], [79.13384, 10.7942976], [79.1328878, 10.7941521], [79.1328041, 10.7946833], [79.1337535, 10.7948359]]]}, "properties": {"osm_id": "1184619472", "name": "", "kind": "landuse", "landuse": "religious", "natural": null, "water": null, "waterway": null}}, {"type": "Feature", "geometry": {"type": "Polygon", "coordinates": [[[79.3849358, 10.3394413], [79.3850518, 10.3391022], [79.3847957, 10.3389795], [79.3847142, 10.3393951], [79.3849358, 10.3394413]]]}, "properties": {"osm_id": "1223906904", "name": "", "kind": "landuse", "landuse": "healthcare", "natural": null, "water": null, "waterway": null}}, {"type": "Feature", "geometry": {"type": "Polygon", "coordinates": [[[79.384725, 10.3397223], [79.3847235, 10.3399074], [79.3848742, 10.3398975], [79.3849395, 10.3397091], [79.3849798, 10.3394505], [79.3849358, 10.3394413], [79.3847142, 10.3393951], [79.3846821, 10.3394716], [79.3845935, 10.3394478], [79.3845479, 10.3397302], [79.384725, 10.3397223]]]}, "properties": {"osm_id": "1223906912", "name": "", "kind": "landuse", "landuse": "religious", "natural": null, "water": null, "waterway": null}}, {"type": "Feature", "geometry": {"type": "Polygon", "coordinates": [[[79.2261779, 10.1742948], [79.2267412, 10.1741681], [79.2269987, 10.1742368], [79.2270577, 10.174638], [79.2272562, 10.1747331], [79.2272991, 10.1752136], [79.2273849, 10.1755198], [79.2276049, 10.1755937], [79.2276746, 10.1757944], [79.2279911, 10.1757152], [79.2281038, 10.1757785], [79.2281359, 10.1758894], [79.2287475, 10.1757838], [79.2288816, 10.1751344], [79.2290693, 10.1749654], [79.2293429, 10.1749654], [79.2297721, 10.1751291], [79.2301422, 10.175071], [79.2305392, 10.1749918], [79.2305177, 10.1747172], [79.230727, 10.1746116], [79.2306599, 10.1743793], [79.2308316, 10.1742711], [79.2307484, 10.1741866], [79.2306036, 10.1739305], [79.2305446, 10.1736295], [79.2305499, 10.173318], [79.2303622, 10.1726052], [79.2303619, 10.1723583], [79.2309995, 10.172205], [79.2309254, 10.1716601], [79.2308128, 10.1713538], [79.2304587, 10.1714911], [79.2305231, 10.1717815], [79.2302173, 10.1719452], [79.2298311, 10.171998], [79.2297292, 10.1716918], [79.2293483, 10.1717604], [79.2290908, 10.1718607], [79.2291766, 10.1722884], [79.2288333, 10.1724046], [79.2284417, 10.1723834], [79.2282969, 10.1720402], [79.2280233, 10.1720614], [79.2277873, 10.1722145], [79.2276263, 10.1721194], [79.2273366, 10.1721564], [79.2269289, 10.1722937], [79.226932, 10.1723523], [79.2269558, 10.1725366], [79.226768, 10.1726316], [79.2265803, 10.1727372], [79.2263496, 10.172827], [79.2261779, 10.1730699], [79.2263496, 10.1735451], [79.2260764, 10.1736733], [79.2260009, 10.1737087], [79.2261779, 10.1742948]]]}, "properties": {"osm_id": "1244225532", "name": "", "kind": "landuse", "landuse": "residential", "natural": null, "water": null, "waterway": null}}, {"type": "Feature", "geometry": {"type": "Polygon", "coordinates": [[[79.3838474, 10.3444797], [79.3838779, 10.3440361], [79.3832354, 10.3440089], [79.3832086, 10.3441936], [79.3838474, 10.3444797]]]}, "properties": {"osm_id": "1263421342", "name": "Imam Shafi (Rah) Matriculation School", "kind": "landuse", "landuse": "education", "natural": null, "water": null, "waterway": null}}, {"type": "Feature", "geometry": {"type": "Polygon", "coordinates": [[[79.3799474, 10.3404905], [79.3801896, 10.3404602], [79.3804318, 10.3404426], [79.3809421, 10.3404381], [79.3809535, 10.3403384], [79.3808489, 10.3403358], [79.380851, 10.3401361], [79.3802862, 10.3401424], [79.3802957, 10.340057], [79.3799087, 10.3400822], [79.3799474, 10.3404905]]]}, "properties": {"osm_id": "1263611192", "name": "Thaqwa Mosque", "kind": "landuse", "landuse": "religious", "natural": null, "water": null, "waterway": null}}, {"type": "Feature", "geometry": {"type": "MultiPolygon", "coordinates": [[[[79.2256898, 10.1412082], [79.22591629394188, 10.141096767355712], [79.22555589392981, 10.14104762189952], [79.2256898, 10.1412082]]], [[[79.223215, 10.1414403], [79.2233109, 10.141888], [79.2242414, 10.141731], [79.2245203, 10.1416729], [79.2246813, 10.1418208], [79.225105, 10.1416571], [79.2250353, 10.1412716], [79.2254602334111, 10.141034577283332], [79.22528, 10.14101], [79.22503, 10.14098], [79.22454, 10.14091], [79.22343, 10.14076], [79.22301, 10.1407], [79.22299671891128, 10.140698159057008], [79.223215, 10.1414403]]]]}, "properties": {"osm_id": "1291275010", "name": "", "kind": "landuse", "landuse": "residential", "natural": null, "water": null, "waterway": null}}, {"type": "Feature", "geometry": {"type": "Polygon", "coordinates": [[[79.2249495, 10.1430723], [79.2259365, 10.1428558], [79.2260063, 10.1426287], [79.2260224, 10.1424228], [79.2259097, 10.1421429], [79.2257059, 10.1421588], [79.225266, 10.1422961], [79.224869, 10.1424386], [79.2249495, 10.1430723]]]}, "properties": {"osm_id": "1291275012", "name": "", "kind": "landuse", "landuse": "residential", "natural": null, "water": null, "waterway": null}}, {"type": "Feature", "geometry": {"type": "Polygon", "coordinates": [[[79.2202395, 10.1404267], [79.2194027, 10.1405535], [79.2193973, 10.1409495], [79.2195368, 10.1414089], [79.2205238, 10.1412294], [79.2206097, 10.1416729], [79.2207438, 10.1420479], [79.2209637, 10.1421112], [79.221366, 10.1421112], [79.2219239, 10.1419], [79.2219293, 10.1414934], [79.2221117, 10.1414617], [79.2220527, 10.1411502], [79.221881, 10.141166], [79.2216504, 10.1406591], [79.220953, 10.1407172], [79.22094681509226, 10.140418070116366], [79.22023411863843, 10.140320480975387], [79.2202395, 10.1404267]]]}, "properties": {"osm_id": "1291275014", "name": "", "kind": "landuse", "landuse": "residential", "natural": null, "water": null, "waterway": null}}, {"type": "Feature", "geometry": {"type": "Polygon", "coordinates": [[[79.1799635, 10.5729565], [79.1800493, 10.5733994], [79.1800976, 10.5739901], [79.180178, 10.5744594], [79.1804677, 10.5746018], [79.1807145, 10.5746861], [79.1813207, 10.5746703], [79.1814333, 10.5741535], [79.1813153, 10.5733678], [79.1812187, 10.5726981], [79.1819483, 10.5725821], [79.1819107, 10.5722604], [79.1817015, 10.5722393], [79.1816479, 10.5719756], [79.1813368, 10.5720389], [79.1813582, 10.5722393], [79.1808432, 10.5722762], [79.180626, 10.5722446], [79.1804516, 10.5722419], [79.1802746, 10.5722551], [79.180178, 10.5725135], [79.1799366, 10.5725821], [79.1799635, 10.5729565]]]}, "properties": {"osm_id": "1293089220", "name": "", "kind": "landuse", "landuse": "residential", "natural": null, "water": null, "waterway": null}}, {"type": "Feature", "geometry": {"type": "Polygon", "coordinates": [[[79.1535008, 10.5296751], [79.1533935, 10.5291161], [79.1532487, 10.5287996], [79.1528571, 10.5288365], [79.15263124230961, 10.52891671660658], [79.15269, 10.52953], [79.15333616264519, 10.529713190440644], [79.1535008, 10.5296751]]]}, "properties": {"osm_id": "1293119844", "name": "", "kind": "landuse", "landuse": "residential", "natural": null, "water": null, "waterway": null}}, {"type": "Feature", "geometry": {"type": "Polygon", "coordinates": [[[79.5170284, 10.3213232], [79.5158702, 10.3213875], [79.5156461, 10.3219296], [79.5139742, 10.3224626], [79.51363788903238, 10.322508784138108], [79.51316, 10.32389], [79.51253712689356, 10.326243076179852], [79.5143758, 10.3254489], [79.5156928, 10.3250814], [79.5169723, 10.3254765], [79.51798491370066, 10.325190656527287], [79.51813, 10.32481], [79.5189161789489, 10.323000943063827], [79.51904134054587, 10.322623953282543], [79.51853530505117, 10.32137518827144], [79.5170284, 10.3213232]]]}, "properties": {"osm_id": "1293927346", "name": "", "kind": "landuse", "landuse": "farmland", "natural": null, "water": null, "waterway": null}}, {"type": "Feature", "geometry": {"type": "Polygon", "coordinates": [[[79.1825116, 10.5288787], [79.1826564, 10.5288576], [79.1827208, 10.5290528], [79.1828602, 10.5290264], [79.1829354, 10.5291952], [79.183343, 10.5292637], [79.1836005, 10.5290422], [79.1839492, 10.5290053], [79.1841692, 10.529095], [79.1844213, 10.5289209], [79.1852474, 10.5288946], [79.1853064, 10.5284357], [79.185006, 10.5284093], [79.1849577, 10.527845], [79.1845876, 10.5278767], [79.1843677, 10.5274389], [79.1835362, 10.5274916], [79.1834772, 10.5277817], [79.1833055, 10.5279083], [79.1833001, 10.5281826], [79.1828388, 10.5282669], [79.1828227, 10.5285254], [79.1824096, 10.5285465], [79.1823506, 10.5287891], [79.1825116, 10.5288787]]]}, "properties": {"osm_id": "1294096310", "name": "", "kind": "landuse", "landuse": "residential", "natural": null, "water": null, "waterway": null}}, {"type": "Feature", "geometry": {"type": "MultiPolygon", "coordinates": [[[[79.1743469, 10.5834555], [79.1740411, 10.5836559], [79.1741109, 10.5840408], [79.1741002, 10.5842412], [79.1737783, 10.5842676], [79.1733813, 10.5842834], [79.1730165, 10.5842676], [79.1726035, 10.584025], [79.1723889, 10.5841358], [79.1721529, 10.5841094], [79.1720831, 10.5838299], [79.17176379784033, 10.583800214311685], [79.1711, 10.58415], [79.16943, 10.58503], [79.16949, 10.58525], [79.1696737981669, 10.58586648968482], [79.1698247, 10.5858759], [79.1699159, 10.586245], [79.1701573, 10.5862767], [79.17027, 10.5864665], [79.1705006, 10.5864612], [79.1706616, 10.5866036], [79.1708118, 10.586593], [79.1708708, 10.5868778], [79.1711765, 10.5867512], [79.1711444, 10.5866352], [79.1714448, 10.5865403], [79.1714072, 10.5858284], [79.171772, 10.5857704], [79.1717076, 10.5852431], [79.1723084, 10.5851429], [79.1724801, 10.5857177], [79.1730595, 10.585665], [79.1730273, 10.5854013], [79.1730756, 10.5850427], [79.1732258, 10.5848371], [79.1731724, 10.5846491], [79.1732472, 10.5846367], [79.1734618, 10.5846499], [79.1738695, 10.5846288], [79.1740626, 10.5846446], [79.1742182, 10.5851007], [79.1746741, 10.5853011], [79.1749746, 10.5855121], [79.175275, 10.5858495], [79.1754252, 10.5856702], [79.1755485, 10.5855806], [79.1759294, 10.5856122], [79.1759294, 10.5861817], [79.1762942, 10.5863558], [79.1766643, 10.5854171], [79.17711223791468, 10.5854171], [79.17594, 10.58454], [79.17449849068323, 10.5834555], [79.1743469, 10.5834555]]], [[[79.1799957, 10.5846789], [79.1798615, 10.5835188], [79.17983872164793, 10.583517827565624], [79.17967597641183, 10.584745814347048], [79.1799957, 10.5846789]]], [[[79.179604, 10.5854013], [79.17964709017697, 10.584963774119146], [79.17958916391459, 10.58540085409901], [79.179604, 10.5854013]]], [[[79.1781932, 10.5863452], [79.1782254, 10.5868303], [79.1775334, 10.586688], [79.177351, 10.5869305], [79.177528, 10.5872047], [79.1782951, 10.5877057], [79.1787779, 10.5876951], [79.178883, 10.5876439], [79.1788423, 10.5873155], [79.1787484, 10.5868356], [79.1787431, 10.586659], [79.17874476066696, 10.586638597520315], [79.17832800522942, 10.58632676987024], [79.1781932, 10.5863452]]]]}, "properties": {"osm_id": "1294096352", "name": "", "kind": "landuse", "landuse": "residential", "natural": null, "water": null, "waterway": null}}, {"type": "Feature", "geometry": {"type": "Polygon", "coordinates": [[[79.141978, 10.4421499], [79.1420907, 10.4420022], [79.1421014, 10.4422237], [79.1424501, 10.4421235], [79.1427827, 10.4420074], [79.1429061, 10.4423714], [79.1430616, 10.4423556], [79.1430616, 10.4419705], [79.1429543, 10.4416645], [79.14267, 10.4416012], [79.1425306, 10.4413744], [79.1422516, 10.4413269], [79.1421068, 10.4411475], [79.1419566, 10.4411581], [79.1417849, 10.4409418], [79.1416722, 10.4410473], [79.1416776, 10.4414799], [79.1414094, 10.4414535], [79.1411895, 10.4412688], [79.1410259100013, 10.44132138027725], [79.14126, 10.44157], [79.14173830138138, 10.442081125985986], [79.141742, 10.4420813], [79.14174065087794, 10.442083636722499], [79.14192683061215, 10.442282593497296], [79.141978, 10.4421499]]]}, "properties": {"osm_id": "1294919864", "name": "", "kind": "landuse", "landuse": "residential", "natural": null, "water": null, "waterway": null}}, {"type": "Feature", "geometry": {"type": "Polygon", "coordinates": [[[79.0912423, 10.7484224], [79.0916393, 10.748454], [79.0930555, 10.746894], [79.0930984, 10.7468518], [79.0882811, 10.7423509], [79.0865109, 10.7442166], [79.0912423, 10.7484224]]]}, "properties": {"osm_id": "1295244086", "name": "", "kind": "landuse", "landuse": "residential", "natural": null, "water": null, "waterway": null}}, {"type": "Feature", "geometry": {"type": "Polygon", "coordinates": [[[79.1272801, 10.7773334], [79.1274843, 10.7763523], [79.1258526, 10.776082], [79.1256241, 10.776742], [79.1255834, 10.7768649], [79.1255083, 10.7770915], [79.1272801, 10.7773334]]]}, "properties": {"osm_id": "1295610488", "name": "", "kind": "landuse", "landuse": "residential", "natural": null, "water": null, "waterway": null}}, {"type": "Feature", "geometry": {"type": "Polygon", "coordinates": [[[79.124887, 10.7764501], [79.1256241, 10.776742], [79.1258526, 10.776082], [79.1246456, 10.7755422], [79.1241146, 10.7753319], [79.1238577, 10.7760545], [79.124887, 10.7764501]]]}, "properties": {"osm_id": "1295610492", "name": "", "kind": "landuse", "landuse": "residential", "natural": null, "water": null, "waterway": null}}, {"type": "Feature", "geometry": {"type": "Polygon", "coordinates": [[[79.123793, 10.7771486], [79.1238141, 10.7777983], [79.123882, 10.7782151], [79.1239032, 10.778354], [79.1239701, 10.778418], [79.1242413, 10.7784275], [79.1244518, 10.7784271], [79.1245463, 10.7775632], [79.1243069, 10.7775299], [79.1243858, 10.7768149], [79.1247448, 10.7768442], [79.1248179, 10.7765272], [79.1238329, 10.776154], [79.1235795, 10.7769704], [79.123793, 10.7771486]]]}, "properties": {"osm_id": "1295610498", "name": "", "kind": "landuse", "landuse": "residential", "natural": null, "water": null, "waterway": null}}, {"type": "Feature", "geometry": {"type": "Polygon", "coordinates": [[[79.1270339, 10.7787094], [79.1270756, 10.7783087], [79.1271278, 10.7778673], [79.1246524, 10.7775865], [79.1245223, 10.7784656], [79.1270339, 10.7787094]]]}, "properties": {"osm_id": "1295610504", "name": "", "kind": "landuse", "landuse": "residential", "natural": null, "water": null, "waterway": null}}, {"type": "Feature", "geometry": {"type": "Polygon", "coordinates": [[[79.1271385, 10.7777777], [79.1272199, 10.7774112], [79.1250819, 10.7771427], [79.1252039, 10.7766827], [79.1248792, 10.776556], [79.1247756, 10.7769082], [79.1244711, 10.7768908], [79.1243771, 10.7774724], [79.1271385, 10.7777777]]]}, "properties": {"osm_id": "1295610510", "name": "", "kind": "landuse", "landuse": "residential", "natural": null, "water": null, "waterway": null}}, {"type": "Feature", "geometry": {"type": "Polygon", "coordinates": [[[79.1240184, 10.7790007], [79.1269689, 10.7792704], [79.1270236, 10.778795], [79.123966, 10.7786057], [79.1240184, 10.7790007]]]}, "properties": {"osm_id": "1295610514", "name": "", "kind": "landuse", "landuse": "residential", "natural": null, "water": null, "waterway": null}}, {"type": "Feature", "geometry": {"type": "Polygon", "coordinates": [[[79.1248982, 10.7811957], [79.1258319, 10.7811507], [79.1259625, 10.78097], [79.1271241, 10.7808728], [79.1296332, 10.7813127], [79.1298075, 10.7809126], [79.1290725, 10.7806986], [79.1278366, 10.7805485], [79.1259747, 10.7806121], [79.1248283, 10.7808106], [79.1248982, 10.7811957]]]}, "properties": {"osm_id": "1295610518", "name": "", "kind": "landuse", "landuse": "residential", "natural": null, "water": null, "waterway": null}}, {"type": "Feature", "geometry": {"type": "Polygon", "coordinates": [[[79.1269188, 10.781202], [79.1274982, 10.7811493], [79.1287825, 10.7814696], [79.1288494, 10.7811751], [79.1271217, 10.7808617], [79.1259699, 10.7809878], [79.1259425, 10.7811124], [79.1269188, 10.781202]]]}, "properties": {"osm_id": "1295610524", "name": "", "kind": "landuse", "landuse": "residential", "natural": null, "water": null, "waterway": null}}, {"type": "Feature", "geometry": {"type": "Polygon", "coordinates": [[[79.1292406, 10.781621], [79.1291527, 10.7822292], [79.1293167, 10.7822402], [79.1294938, 10.7813019], [79.1289225, 10.7811882], [79.1288652, 10.7811785], [79.1287837, 10.7815014], [79.1292406, 10.781621]]]}, "properties": {"osm_id": "1295610530", "name": "", "kind": "landuse", "landuse": "residential", "natural": null, "water": null, "waterway": null}}, {"type": "Feature", "geometry": {"type": "Polygon", "coordinates": [[[79.1291083, 10.7822868], [79.1292025, 10.7817878], [79.1281517, 10.7816102], [79.1278924, 10.7819831], [79.1291083, 10.7822868]]]}, "properties": {"osm_id": "1295610534", "name": "", "kind": "landuse", "landuse": "residential", "natural": null, "water": null, "waterway": null}}, {"type": "Feature", "geometry": {"type": "Polygon", "coordinates": [[[79.1276172, 10.7819271], [79.1278816, 10.7819824], [79.1281517, 10.7816102], [79.1292081, 10.7817799], [79.1292392, 10.7816248], [79.1275567, 10.7812149], [79.1276172, 10.7819271]]]}, "properties": {"osm_id": "1295610538", "name": "", "kind": "landuse", "landuse": "residential", "natural": null, "water": null, "waterway": null}}, {"type": "Feature", "geometry": {"type": "Polygon", "coordinates": [[[79.1258283, 10.7814011], [79.1276007, 10.7819274], [79.1275125, 10.7812225], [79.126975, 10.7812517], [79.1269139, 10.781256], [79.1268502, 10.7812491], [79.1263718, 10.7811784], [79.125722, 10.7811872], [79.1253752, 10.7811999], [79.1252033, 10.7812174], [79.1249242, 10.7812655], [79.1258283, 10.7814011]]]}, "properties": {"osm_id": "1295610542", "name": "", "kind": "landuse", "landuse": "residential", "natural": null, "water": null, "waterway": null}}, {"type": "Feature", "geometry": {"type": "Polygon", "coordinates": [[[79.1286333, 10.7845563], [79.1291223, 10.7822262], [79.1251683, 10.7813718], [79.124751, 10.7839276], [79.1286333, 10.7845563]]]}, "properties": {"osm_id": "1295610546", "name": "", "kind": "landuse", "landuse": "residential", "natural": null, "water": null, "waterway": null}}, {"type": "Feature", "geometry": {"type": "Polygon", "coordinates": [[[79.1264809, 10.7863277], [79.1265956, 10.7857913], [79.1245403, 10.7853625], [79.1244585, 10.7859503], [79.1264809, 10.7863277]]]}, "properties": {"osm_id": "1295610550", "name": "", "kind": "landuse", "landuse": "residential", "natural": null, "water": null, "waterway": null}}, {"type": "Feature", "geometry": {"type": "Polygon", "coordinates": [[[79.1265956, 10.7857913], [79.1267118, 10.7851702], [79.1246223, 10.7847928], [79.1245403, 10.7853625], [79.1265956, 10.7857913]]]}, "properties": {"osm_id": "1295610554", "name": "", "kind": "landuse", "landuse": "residential", "natural": null, "water": null, "waterway": null}}, {"type": "Feature", "geometry": {"type": "Polygon", "coordinates": [[[79.126733, 10.7851267], [79.1284382, 10.7854824], [79.1286216, 10.7845621], [79.1247594, 10.783939], [79.1246124, 10.7847619], [79.126733, 10.7851267]]]}, "properties": {"osm_id": "1295610558", "name": "", "kind": "landuse", "landuse": "residential", "natural": null, "water": null, "waterway": null}}, {"type": "Feature", "geometry": {"type": "Polygon", "coordinates": [[[79.1282759, 10.7860438], [79.1283553, 10.7855018], [79.126802, 10.7851915], [79.1266676, 10.7857483], [79.1282759, 10.7860438]]]}, "properties": {"osm_id": "1295610562", "name": "", "kind": "landuse", "landuse": "residential", "natural": null, "water": null, "waterway": null}}, {"type": "Feature", "geometry": {"type": "Polygon", "coordinates": [[[79.12817, 10.7866424], [79.128268, 10.7860611], [79.1266538, 10.7857706], [79.1265455, 10.7863413], [79.12817, 10.7866424]]]}, "properties": {"osm_id": "1295610566", "name": "", "kind": "landuse", "landuse": "residential", "natural": null, "water": null, "waterway": null}}, {"type": "Feature", "geometry": {"type": "Polygon", "coordinates": [[[79.128088, 10.7871181], [79.1281673, 10.7866555], [79.1244583, 10.7859883], [79.1243692, 10.7864715], [79.128088, 10.7871181]]]}, "properties": {"osm_id": "1295610570", "name": "", "kind": "landuse", "landuse": "residential", "natural": null, "water": null, "waterway": null}}, {"type": "Feature", "geometry": {"type": "Polygon", "coordinates": [[[79.1279427, 10.7879597], [79.1280728, 10.7872023], [79.1243707, 10.7865317], [79.1242168, 10.787329], [79.1279427, 10.7879597]]]}, "properties": {"osm_id": "1295610574", "name": "", "kind": "landuse", "landuse": "residential", "natural": null, "water": null, "waterway": null}}, {"type": "Feature", "geometry": {"type": "Polygon", "coordinates": [[[79.1246972, 10.7885607], [79.1248135, 10.7881829], [79.1250698, 10.7881764], [79.1253576, 10.7882343], [79.1255006, 10.7881683], [79.1256689, 10.7876285], [79.1242117, 10.7873564], [79.1240832, 10.7884514], [79.1246972, 10.7885607]]]}, "properties": {"osm_id": "1295610578", "name": "", "kind": "landuse", "landuse": "residential", "natural": null, "water": null, "waterway": null}}, {"type": "Feature", "geometry": {"type": "Polygon", "coordinates": [[[79.1264853, 10.7880696], [79.1266419, 10.7883172], [79.1267541, 10.7883444], [79.1266917, 10.7886136], [79.1268834, 10.7889645], [79.1279899, 10.7891633], [79.1285556, 10.7887948], [79.128733, 10.7881659], [79.1265299, 10.7877447], [79.1264475, 10.787806], [79.1262548, 10.787798], [79.1262141, 10.7880752], [79.1264853, 10.7880696]]]}, "properties": {"osm_id": "1295610582", "name": "", "kind": "landuse", "landuse": "residential", "natural": null, "water": null, "waterway": null}}, {"type": "Feature", "geometry": {"type": "Polygon", "coordinates": [[[79.1240768, 10.7883518], [79.1247934, 10.7835627], [79.1235573, 10.7833211], [79.1235118, 10.7883255], [79.1240768, 10.7883518]]]}, "properties": {"osm_id": "1295610588", "name": "", "kind": "landuse", "landuse": "residential", "natural": null, "water": null, "waterway": null}}, {"type": "Feature", "geometry": {"type": "Polygon", "coordinates": [[[79.1242379, 10.7834051], [79.1245889, 10.7813842], [79.1235417, 10.7814709], [79.1235326, 10.7832551], [79.1242379, 10.7834051]]]}, "properties": {"osm_id": "1295610592", "name": "", "kind": "landuse", "landuse": "residential", "natural": null, "water": null, "waterway": null}}, {"type": "Feature", "geometry": {"type": "Polygon", "coordinates": [[[79.1248003, 10.7835204], [79.1250773, 10.7818692], [79.1245557, 10.7817251], [79.1242502, 10.7834161], [79.1248003, 10.7835204]]]}, "properties": {"osm_id": "1295610596", "name": "", "kind": "landuse", "landuse": "residential", "natural": null, "water": null, "waterway": null}}, {"type": "Feature", "geometry": {"type": "Polygon", "coordinates": [[[79.1250611, 10.7818292], [79.125176, 10.7813253], [79.1248334, 10.7812732], [79.1246147, 10.7813852], [79.1245737, 10.7816988], [79.1250611, 10.7818292]]]}, "properties": {"osm_id": "1295610600", "name": "", "kind": "landuse", "landuse": "residential", "natural": null, "water": null, "waterway": null}}, {"type": "Feature", "geometry": {"type": "Polygon", "coordinates": [[[79.1275263, 10.7930074], [79.1285133, 10.7939875], [79.13082, 10.7955368], [79.133631, 10.7962745], [79.1361415, 10.7963377], [79.1370428, 10.7960742], [79.1385198, 10.7952566], [79.1392529, 10.7938189], [79.1399208, 10.7915082], [79.1401327, 10.7890763], [79.1385146, 10.7875033], [79.1332263, 10.7863279], [79.1320282, 10.7864102], [79.1309623, 10.7869527], [79.1298557, 10.7874707], [79.1293077, 10.7885638], [79.1283918, 10.7901557], [79.1279895, 10.7905878], [79.1276676, 10.7910621], [79.1275048, 10.7916742], [79.1273278, 10.7923566], [79.1275263, 10.7930074]]]}, "properties": {"osm_id": "1295610602", "name": "", "kind": "landuse", "landuse": "residential", "natural": null, "water": null, "waterway": null}}, {"type": "Feature", "geometry": {"type": "Polygon", "coordinates": [[[79.1411463, 10.7735637], [79.141593, 10.7759851], [79.1427085, 10.776158], [79.1454292, 10.7751687], [79.1454077, 10.7686551], [79.1434392, 10.7686727], [79.1406871, 10.7686973], [79.1411463, 10.7735637]]]}, "properties": {"osm_id": "1295610606", "name": "", "kind": "landuse", "landuse": "residential", "natural": null, "water": null, "waterway": null}}, {"type": "Feature", "geometry": {"type": "Polygon", "coordinates": [[[79.1319778, 10.7712307], [79.1320702, 10.7714456], [79.1323552, 10.7719995], [79.1326079, 10.7723612], [79.1381701, 10.7747444], [79.1401562, 10.7756724], [79.1405451, 10.7757317], [79.1409977, 10.7731749], [79.1405583, 10.7685708], [79.130838, 10.7686973], [79.1319778, 10.7712307]]]}, "properties": {"osm_id": "1295610610", "name": "", "kind": "landuse", "landuse": "residential", "natural": null, "water": null, "waterway": null}}, {"type": "Feature", "geometry": {"type": "Polygon", "coordinates": [[[79.1423745, 10.7901593], [79.1427426, 10.7901176], [79.1454748, 10.7901454], [79.145489, 10.7857788], [79.1430002, 10.7862716], [79.1423532, 10.789831], [79.1424453, 10.7900342], [79.142332, 10.7900898], [79.1423745, 10.7901593]]]}, "properties": {"osm_id": "1295610612", "name": "", "kind": "landuse", "landuse": "residential", "natural": null, "water": null, "waterway": null}}, {"type": "Feature", "geometry": {"type": "Polygon", "coordinates": [[[79.1411754, 10.7889628], [79.1422828, 10.7896283], [79.1428694, 10.7868678], [79.1417776, 10.7866616], [79.1415361, 10.7883504], [79.1408766, 10.7884276], [79.1411754, 10.7889628]]]}, "properties": {"osm_id": "1295610614", "name": "", "kind": "landuse", "landuse": "residential", "natural": null, "water": null, "waterway": null}}, {"type": "Feature", "geometry": {"type": "Polygon", "coordinates": [[[79.1429814, 10.7862189], [79.1435543, 10.7860723], [79.1454702, 10.7856843], [79.1454843, 10.7830838], [79.1428815, 10.7835144], [79.1429814, 10.7862189]]]}, "properties": {"osm_id": "1295610616", "name": "", "kind": "landuse", "landuse": "residential", "natural": null, "water": null, "waterway": null}}, {"type": "Feature", "geometry": {"type": "Polygon", "coordinates": [[[79.1429724, 10.7834787], [79.1445097, 10.783312], [79.1444324, 10.7824678], [79.1428819, 10.7827317], [79.1429724, 10.7834787]]]}, "properties": {"osm_id": "1295610618", "name": "", "kind": "landuse", "landuse": "residential", "natural": null, "water": null, "waterway": null}}, {"type": "Feature", "geometry": {"type": "Polygon", "coordinates": [[[79.1415349, 10.784686], [79.1430281, 10.7843165], [79.1427465, 10.781976], [79.1422375, 10.7811885], [79.1417009, 10.7817157], [79.1412523, 10.7823466], [79.1389709, 10.7830731], [79.1390003, 10.7842241], [79.138831, 10.7855777], [79.1415349, 10.784686]]]}, "properties": {"osm_id": "1295610622", "name": "", "kind": "landuse", "landuse": "residential", "natural": null, "water": null, "waterway": null}}, {"type": "Feature", "geometry": {"type": "Polygon", "coordinates": [[[79.0274038, 10.8213698], [79.0273809, 10.8215946], [79.0288687, 10.8217407], [79.0291549, 10.8209201], [79.0297729, 10.8210775], [79.0298644, 10.8204255], [79.0284796, 10.820167], [79.0284796, 10.8202681], [79.0283308, 10.8202457], [79.0283194, 10.8204705], [79.027667, 10.8204817], [79.0272779, 10.8212686], [79.0274038, 10.8213698]]]}, "properties": {"osm_id": "1295621392", "name": "", "kind": "landuse", "landuse": "residential", "natural": null, "water": null, "waterway": null}}, {"type": "Feature", "geometry": {"type": "Polygon", "coordinates": [[[79.0264064, 10.8244176], [79.0264955, 10.824939], [79.0270147, 10.8254279], [79.0269965, 10.8254372], [79.0274021, 10.8255133], [79.0277586, 10.8253941], [79.02777, 10.8251356], [79.0281248, 10.8249782], [79.0281019, 10.8244948], [79.0282622, 10.8242251], [79.0290746, 10.8238165], [79.0301514, 10.8231554], [79.0306798, 10.8227998], [79.0308881, 10.8224436], [79.0309991, 10.8222425], [79.0313621, 10.8220037], [79.0316468, 10.821908], [79.0320289, 10.8215747], [79.0320031, 10.8213557], [79.0318558, 10.8212012], [79.031581, 10.8211954], [79.0310547, 10.8215047], [79.03084, 10.8215014], [79.0305242, 10.8219515], [79.0295157, 10.8224995], [79.0292138, 10.8224297], [79.0290731, 10.8225074], [79.0291348, 10.8227208], [79.0266762, 10.8240832], [79.0264653, 10.8241239], [79.0263852, 10.8243824], [79.0264064, 10.8244176]]]}, "properties": {"osm_id": "1295621394", "name": "", "kind": "landuse", "landuse": "residential", "natural": null, "water": null, "waterway": null}}, {"type": "Feature", "geometry": {"type": "Polygon", "coordinates": [[[79.1146064, 10.7055585], [79.1155619, 10.7055689], [79.1155549, 10.7046578], [79.1154793, 10.7046575], [79.1145993, 10.7046543], [79.1146064, 10.7055585]]]}, "properties": {"osm_id": "1295625610", "name": "", "kind": "landuse", "landuse": "industrial", "natural": null, "water": null, "waterway": null}}, {"type": "Feature", "geometry": {"type": "Polygon", "coordinates": [[[79.0927379, 10.7176573], [79.0943794, 10.719907], [79.0947867, 10.7196157], [79.0959943, 10.721261], [79.0962273, 10.7210845], [79.0966052, 10.7214966], [79.0960452, 10.721981], [79.0962916, 10.7222949], [79.1009944, 10.7237312], [79.102885, 10.7222343], [79.1053512, 10.7237497], [79.1223595, 10.7313224], [79.122605, 10.7314586], [79.1228049, 10.7318348], [79.1230757, 10.7329676], [79.1244726, 10.7327737], [79.124484, 10.7328514], [79.1247869, 10.7328261], [79.1247484, 10.7324031], [79.1257398, 10.7322776], [79.1257507, 10.7323691], [79.1270099, 10.7320928], [79.1270723, 10.7317693], [79.1280058, 10.731282], [79.1280589, 10.7303846], [79.128249, 10.7301283], [79.1282317, 10.7296602], [79.1286504, 10.7296011], [79.1284442, 10.7272195], [79.1294259, 10.7268591], [79.1294435, 10.7261685], [79.1288812, 10.7261973], [79.1286879, 10.7256103], [79.128764, 10.7247529], [79.1287699, 10.7244536], [79.1294727, 10.7242522], [79.1286293, 10.7212137], [79.1279148, 10.7211561], [79.1268488, 10.7209777], [79.1264095, 10.7211159], [79.1249862, 10.7212309], [79.1248984, 10.7222726], [79.1235923, 10.7229977], [79.1235981, 10.7231876], [79.1229597, 10.7233717], [79.1228894, 10.7234753], [79.122907, 10.7235904], [79.122374, 10.7240508], [79.1224761, 10.7243194], [79.122097, 10.7244666], [79.1221046, 10.7246378], [79.1215892, 10.7249082], [79.1193658, 10.7255269], [79.1194089, 10.7250395], [79.1191221, 10.7239178], [79.1190865, 10.7239222], [79.1190111, 10.7234468], [79.1180301, 10.7235297], [79.1179857, 10.723377], [79.1177371, 10.7234032], [79.1176528, 10.7229278], [79.1164055, 10.7228886], [79.1163611, 10.7225745], [79.1169959, 10.7225309], [79.1169515, 10.7221559], [79.1167295, 10.7221733], [79.1166363, 10.7216979], [79.1175241, 10.7215889], [79.1186071, 10.7211964], [79.1192108, 10.7210743], [79.1191176, 10.7204593], [79.1192153, 10.7204419], [79.1191176, 10.7196176], [79.1191487, 10.7196001], [79.11902, 10.7187758], [79.1191753, 10.7186668], [79.12072, 10.7183964], [79.121812, 10.7183004], [79.1217454, 10.7175634], [79.12246, 10.7176768], [79.1233167, 10.7174194], [79.123299, 10.7168437], [79.1244264, 10.7165995], [79.1244133, 10.7165409], [79.1244023, 10.7164602], [79.1243421, 10.7161546], [79.1242769, 10.7160291], [79.1242356, 10.7159496], [79.1241645, 10.7156792], [79.124129, 10.7156138], [79.123805, 10.7155876], [79.1237872, 10.7144275], [79.1236496, 10.713516], [79.1234233, 10.7135465], [79.1233123, 10.7132543], [79.1230371, 10.7118281], [79.1227929, 10.7118586], [79.1227796, 10.7117801], [79.1220916, 10.7119415], [79.1220339, 10.7118935], [79.1226997, 10.7115664], [79.1223979, 10.7107944], [79.1219895, 10.7108598], [79.1218253, 10.7100879], [79.1213903, 10.7099352], [79.1208665, 10.7099047], [79.1210441, 10.7097389], [79.1216167, 10.7095601], [79.1210174, 10.7073706], [79.1203782, 10.7050939], [79.1199521, 10.705203], [79.1195571, 10.7037854], [79.1195349, 10.7033711], [79.1194638, 10.7029786], [79.1193351, 10.7009635], [79.1167517, 10.7009068], [79.1167517, 10.7006887], [79.1162501, 10.7007192], [79.1162368, 10.7010682], [79.1156021, 10.7011292], [79.1155888, 10.7009548], [79.1147676, 10.7008981], [79.1146122, 10.7009722], [79.1143237, 10.700946], [79.1142926, 10.700584], [79.1123573, 10.7004008], [79.1122596, 10.7008763], [79.1115628, 10.7008152], [79.1114962, 10.7004619], [79.1109901, 10.7005579], [79.1099959, 10.7006102], [79.1099337, 10.7007105], [79.1100314, 10.701151], [79.1094898, 10.7011292], [79.1094011, 10.701199], [79.1084556, 10.7012775], [79.1074125, 10.7012295], [79.1072527, 10.7011947], [79.106831, 10.7011903], [79.1064137, 10.7012426], [79.1064049, 10.7023723], [79.1061252, 10.7024072], [79.1062406, 10.7027997], [79.1062406, 10.702948], [79.1063116, 10.7030963], [79.1063516, 10.7033667], [79.1065824, 10.7033406], [79.1067023, 10.7038988], [79.106831, 10.7043525], [79.106973, 10.704793], [79.1067822, 10.7048322], [79.106902, 10.705469], [79.1068754, 10.7056304], [79.1069508, 10.7061669], [79.1072216, 10.7070828], [79.1073015, 10.7077501], [79.1072349, 10.7078024], [79.1072349, 10.707894], [79.1076433, 10.7078068], [79.1078919, 10.708919], [79.107954, 10.7095078], [79.1080161, 10.709848], [79.1071861, 10.7100137], [79.1075368, 10.7119502], [79.1073636, 10.7120287], [79.1073414, 10.7123297], [79.1064137, 10.7123384], [79.1038747, 10.7128051], [79.1039147, 10.7131234], [79.1035818, 10.7131583], [79.1035596, 10.712853], [79.1030269, 10.7130667], [79.1014792, 10.7135309], [79.1001272, 10.713803], [79.0994491, 10.7139933], [79.0987196, 10.7142932], [79.0976724, 10.7146232], [79.097631, 10.7146678], [79.0976998, 10.7152236], [79.0976776, 10.7153525], [79.0975996, 10.7154645], [79.0974808, 10.7155639], [79.0973599, 10.7156106], [79.0958199, 10.7158615], [79.0957291, 10.7158835], [79.0956643, 10.7159208], [79.0956019, 10.7159877], [79.0950313, 10.7168756], [79.0949665, 10.7169684], [79.0948867, 10.7170485], [79.0947716, 10.7170992], [79.0946671, 10.717133], [79.0927169, 10.7175665], [79.0927379, 10.7176573]]]}, "properties": {"osm_id": "1295633836", "name": "", "kind": "landuse", "landuse": "military", "natural": null, "water": null, "waterway": null}}, {"type": "Feature", "geometry": {"type": "Polygon", "coordinates": [[[79.2776791, 10.2694986], [79.2778986, 10.2699165], [79.2780118, 10.2701324], [79.2780189, 10.2703414], [79.27821, 10.2702996], [79.2782808, 10.2707035], [79.2785498, 10.2706339], [79.2787551, 10.2710866], [79.2793072, 10.2708986], [79.2795478, 10.2713791], [79.2806238, 10.2710239], [79.2806662, 10.2713931], [79.2811476, 10.2712816], [79.2809918, 10.270801], [79.2806733, 10.2708986], [79.2804963, 10.2702717], [79.2801141, 10.2703832], [79.280015, 10.2701812], [79.2794204, 10.2702856], [79.2790382, 10.2700488], [79.2785923, 10.2701394], [79.2785073, 10.2699861], [79.2784436, 10.269826], [79.2780755, 10.2698468], [79.2779623, 10.2695265], [79.2776438, 10.2692618], [79.2776791, 10.2694986]]]}, "properties": {"osm_id": "1295637250", "name": "", "kind": "landuse", "landuse": "farmland", "natural": null, "water": null, "waterway": null}}, {"type": "Feature", "geometry": {"type": "Polygon", "coordinates": [[[79.2953767, 10.2627528], [79.2955913, 10.2634284], [79.2959024, 10.2637029], [79.2961063, 10.2639774], [79.2963316, 10.2641885], [79.296514, 10.2643363], [79.2967071, 10.2645475], [79.2968573, 10.2647481], [79.2970933, 10.2647586], [79.2984451, 10.2634707], [79.2982413, 10.2632701], [79.2978658, 10.262985], [79.2975654, 10.2627], [79.2973723, 10.2624783], [79.296986, 10.2622249], [79.2966105, 10.2619187], [79.296353, 10.2617287], [79.2962243, 10.2615915], [79.2953767, 10.2625944], [79.2953767, 10.2627528]]]}, "properties": {"osm_id": "1295922224", "name": "", "kind": "landuse", "landuse": "farmland", "natural": null, "water": null, "waterway": null}}, {"type": "Feature", "geometry": {"type": "Polygon", "coordinates": [[[79.2836715, 10.2517493], [79.28409, 10.2522033], [79.2848946, 10.2528896], [79.2855491, 10.2533963], [79.2858656, 10.2530612], [79.2862035, 10.2527101], [79.2863216, 10.2525834], [79.285592, 10.2516227], [79.2847766, 10.2505669], [79.2844869, 10.2507253], [79.2836072, 10.2509681], [79.2834784, 10.2513693], [79.2836715, 10.2517493]]]}, "properties": {"osm_id": "1295922226", "name": "", "kind": "landuse", "landuse": "farmland", "natural": null, "water": null, "waterway": null}}, {"type": "Feature", "geometry": {"type": "Polygon", "coordinates": [[[79.2867507, 10.2543359], [79.2875339, 10.2549483], [79.2878987, 10.2551805], [79.2877485, 10.2553917], [79.2879953, 10.2556345], [79.28836, 10.2555184], [79.2886175, 10.2557929], [79.2887288, 10.2559478], [79.2892009, 10.25561], [79.2895227, 10.2552088], [79.2892652, 10.2548762], [79.2889005, 10.2545912], [79.2886322, 10.2543167], [79.2883855, 10.2541161], [79.2882567, 10.2540211], [79.2880743, 10.2539261], [79.2877019, 10.2535485], [79.2872834, 10.2532068], [79.2865813, 10.252607], [79.2863216, 10.2525834], [79.2855491, 10.2533963], [79.2867507, 10.2543359]]]}, "properties": {"osm_id": "1295922228", "name": "", "kind": "landuse", "landuse": "farmland", "natural": null, "water": null, "waterway": null}}, {"type": "Feature", "geometry": {"type": "Polygon", "coordinates": [[[79.2887932, 10.2566077], [79.2889327, 10.2567343], [79.2893511, 10.2563543], [79.2895227, 10.2564598], [79.2896086, 10.2564071], [79.2896515, 10.256217], [79.2897051, 10.2560376], [79.2898231, 10.2559109], [79.2899197, 10.2556997], [79.2899733, 10.255573], [79.2897588, 10.2554147], [79.2896193, 10.2552457], [79.2895227, 10.2552088], [79.2892009, 10.25561], [79.2887288, 10.2559478], [79.2884391, 10.2561537], [79.2887932, 10.2566077]]]}, "properties": {"osm_id": "1295922230", "name": "", "kind": "landuse", "landuse": "farmland", "natural": null, "water": null, "waterway": null}}, {"type": "Feature", "geometry": {"type": "Polygon", "coordinates": [[[79.2898124, 10.2576951], [79.290027, 10.2580012], [79.2902845, 10.2583074], [79.2905205, 10.258603], [79.2908746, 10.2589197], [79.2910999, 10.2592259], [79.2912823, 10.2594581], [79.2914539, 10.2596587], [79.2916363, 10.2597854], [79.2917651, 10.259796], [79.291926, 10.2596482], [79.2919045, 10.2595215], [79.2921191, 10.2592575], [79.2922693, 10.2590886], [79.2923981, 10.2588564], [79.2925161, 10.2586452], [79.2925268, 10.258413], [79.2925268, 10.2582546], [79.2925331, 10.2580335], [79.2920852, 10.2576772], [79.2914817, 10.2572074], [79.2911652, 10.2569224], [79.2905992, 10.2561385], [79.29028, 10.2557294], [79.290027, 10.2557208], [79.2898553, 10.2562487], [79.2897159, 10.2564493], [79.2898231, 10.2566921], [79.289748, 10.2568927], [79.2896193, 10.2570299], [79.2895657, 10.2572622], [79.2895549, 10.2573572], [79.2898124, 10.2576951]]]}, "properties": {"osm_id": "1295922232", "name": "", "kind": "landuse", "landuse": "farmland", "natural": null, "water": null, "waterway": null}}, {"type": "Feature", "geometry": {"type": "Polygon", "coordinates": [[[78.9725831, 10.6839475], [78.9745365, 10.6839112], [78.9744441, 10.6810531], [78.9735937, 10.6810349], [78.9726694, 10.6808593], [78.9706914, 10.6805142], [78.9705311, 10.6835721], [78.9725831, 10.6839475]]]}, "properties": {"osm_id": "1296335162", "name": "", "kind": "landuse", "landuse": "industrial", "natural": null, "water": null, "waterway": null}}, {"type": "Feature", "geometry": {"type": "Polygon", "coordinates": [[[78.9755899, 10.8769022], [78.975842, 10.8770577], [78.9763382, 10.8771261], [78.9765099, 10.8769576], [78.9764374, 10.8767784], [78.9763677, 10.8767363], [78.9763409, 10.8764755], [78.976306, 10.8761805], [78.976424, 10.876062], [78.9762738, 10.875738], [78.9762256, 10.875738], [78.9762899, 10.8759408], [78.9760485, 10.8759329], [78.9759359, 10.8760146], [78.9759251, 10.8763149], [78.9755738, 10.8764308], [78.9755309, 10.8767863], [78.9755899, 10.8769022]]]}, "properties": {"osm_id": "1296872828", "name": "", "kind": "landuse", "landuse": "forest", "natural": null, "water": null, "waterway": null}}, {"type": "Feature", "geometry": {"type": "Polygon", "coordinates": [[[78.921479, 10.8570279], [78.9221093, 10.857099], [78.9222407, 10.8571148], [78.922238, 10.856883], [78.9226752, 10.8568935], [78.9225948, 10.8564747], [78.9224419, 10.8561928], [78.9212564, 10.8561244], [78.921251, 10.8563641], [78.9211303, 10.8569278], [78.921479, 10.8570279]]]}, "properties": {"osm_id": "1296879932", "name": "", "kind": "landuse", "landuse": "forest", "natural": null, "water": null, "waterway": null}}, {"type": "Feature", "geometry": {"type": "Polygon", "coordinates": [[[78.9199689, 10.8585715], [78.9206904, 10.8587981], [78.9207843, 10.8587111], [78.920677, 10.8579683], [78.9197275, 10.8580579], [78.9197248, 10.8582765], [78.9199689, 10.8585715]]]}, "properties": {"osm_id": "1296879942", "name": "", "kind": "landuse", "landuse": "residential", "natural": null, "water": null, "waterway": null}}, {"type": "Feature", "geometry": {"type": "Polygon", "coordinates": [[[78.9423519, 10.8581158], [78.9425933, 10.8567355], [78.9424517, 10.8567079], [78.9420789, 10.8579961], [78.9423519, 10.8581158]]]}, "properties": {"osm_id": "1296891102", "name": "", "kind": "landuse", "landuse": "farmland", "natural": null, "water": null, "waterway": null}}, {"type": "Feature", "geometry": {"type": "Polygon", "coordinates": [[[78.9420789, 10.8579961], [78.9424517, 10.8567079], [78.9419866, 10.8566182], [78.9416675, 10.85793], [78.9420789, 10.8579961]]]}, "properties": {"osm_id": "1296891104", "name": "", "kind": "landuse", "landuse": "farmland", "natural": null, "water": null, "waterway": null}}, {"type": "Feature", "geometry": {"type": "Polygon", "coordinates": [[[78.9434387, 10.8582911], [78.9436801, 10.8569108], [78.9433261, 10.8568528], [78.9430783, 10.8582303], [78.9434387, 10.8582911]]]}, "properties": {"osm_id": "1296891106", "name": "", "kind": "landuse", "landuse": "farmland", "natural": null, "water": null, "waterway": null}}, {"type": "Feature", "geometry": {"type": "Polygon", "coordinates": [[[78.9430783, 10.8582303], [78.9433261, 10.8568528], [78.9429538, 10.8567963], [78.9427243, 10.8581723], [78.9430783, 10.8582303]]]}, "properties": {"osm_id": "1296891108", "name": "", "kind": "landuse", "landuse": "farmland", "natural": null, "water": null, "waterway": null}}, {"type": "Feature", "geometry": {"type": "Polygon", "coordinates": [[[78.9427243, 10.8581723], [78.9429538, 10.8567963], [78.9425933, 10.8567355], [78.9423519, 10.8581158], [78.9427243, 10.8581723]]]}, "properties": {"osm_id": "1296891110", "name": "", "kind": "landuse", "landuse": "farmland", "natural": null, "water": null, "waterway": null}}, {"type": "Feature", "geometry": {"type": "Polygon", "coordinates": [[[79.4100319, 10.5220949], [79.4103595, 10.5219381], [79.4102704, 10.5217582], [79.4099428, 10.5219151], [79.4100319, 10.5220949]]]}, "properties": {"osm_id": "1296896794", "name": "", "kind": "landuse", "landuse": "farmland", "natural": null, "water": null, "waterway": null}}, {"type": "Feature", "geometry": {"type": "Polygon", "coordinates": [[[79.4099428, 10.5219151], [79.4102704, 10.5217582], [79.4101558, 10.521527], [79.4098283, 10.5216839], [79.4099428, 10.5219151]]]}, "properties": {"osm_id": "1296896796", "name": "", "kind": "landuse", "landuse": "farmland", "natural": null, "water": null, "waterway": null}}, {"type": "Feature", "geometry": {"type": "Polygon", "coordinates": [[[79.4098283, 10.5216839], [79.4101558, 10.521527], [79.4100728, 10.5213594], [79.4097452, 10.5215163], [79.4098283, 10.5216839]]]}, "properties": {"osm_id": "1296896798", "name": "", "kind": "landuse", "landuse": "farmland", "natural": null, "water": null, "waterway": null}}, {"type": "Feature", "geometry": {"type": "Polygon", "coordinates": [[[79.4097452, 10.5215163], [79.4100728, 10.5213594], [79.409987, 10.5211864], [79.4096595, 10.5213433], [79.4097452, 10.5215163]]]}, "properties": {"osm_id": "1296896800", "name": "", "kind": "landuse", "landuse": "farmland", "natural": null, "water": null, "waterway": null}}, {"type": "Feature", "geometry": {"type": "Polygon", "coordinates": [[[79.4096595, 10.5213433], [79.409987, 10.5211864], [79.4098341, 10.5208778], [79.4095066, 10.5210347], [79.4096595, 10.5213433]]]}, "properties": {"osm_id": "1296896802", "name": "", "kind": "landuse", "landuse": "farmland", "natural": null, "water": null, "waterway": null}}, {"type": "Feature", "geometry": {"type": "Polygon", "coordinates": [[[79.4104442, 10.521019], [79.4107057, 10.5209014], [79.4106554, 10.5206915], [79.4103541, 10.5208254], [79.4104442, 10.521019]]]}, "properties": {"osm_id": "1296896804", "name": "", "kind": "landuse", "landuse": "farmland", "natural": null, "water": null, "waterway": null}}, {"type": "Feature", "geometry": {"type": "Polygon", "coordinates": [[[79.4103541, 10.5208254], [79.4106554, 10.5206915], [79.410612, 10.5205007], [79.4102859, 10.5206788], [79.4103541, 10.5208254]]]}, "properties": {"osm_id": "1296896808", "name": "", "kind": "landuse", "landuse": "farmland", "natural": null, "water": null, "waterway": null}}, {"type": "Feature", "geometry": {"type": "Polygon", "coordinates": [[[79.4105073, 10.521331], [79.4108072, 10.5211934], [79.4107057, 10.5209014], [79.4104442, 10.521019], [79.4103763, 10.5210495], [79.4105073, 10.521331]]]}, "properties": {"osm_id": "1296896812", "name": "", "kind": "landuse", "landuse": "farmland", "natural": null, "water": null, "waterway": null}}, {"type": "Feature", "geometry": {"type": "Polygon", "coordinates": [[[79.4101502, 10.5214916], [79.4105073, 10.521331], [79.4103763, 10.5210495], [79.4102201, 10.5211198], [79.4100192, 10.5212101], [79.4101502, 10.5214916]]]}, "properties": {"osm_id": "1296896816", "name": "", "kind": "landuse", "landuse": "farmland", "natural": null, "water": null, "waterway": null}}, {"type": "Feature", "geometry": {"type": "Polygon", "coordinates": [[[79.4102201, 10.5211198], [79.4103763, 10.5210495], [79.4104442, 10.521019], [79.4103541, 10.5208254], [79.4102859, 10.5206788], [79.4100619, 10.5207796], [79.4102201, 10.5211198]]]}, "properties": {"osm_id": "1296896826", "name": "", "kind": "landuse", "landuse": "farmland", "natural": null, "water": null, "waterway": null}}, {"type": "Feature", "geometry": {"type": "Polygon", "coordinates": [[[79.4100192, 10.5212101], [79.4102201, 10.5211198], [79.4100619, 10.5207796], [79.409861, 10.5208699], [79.4100192, 10.5212101]]]}, "properties": {"osm_id": "1296896830", "name": "", "kind": "landuse", "landuse": "farmland", "natural": null, "water": null, "waterway": null}}, {"type": "Feature", "geometry": {"type": "Polygon", "coordinates": [[[79.3987142, 10.3477649], [79.3987789, 10.3478559], [79.3989139, 10.3481289], [79.3991038, 10.3484187], [79.3995688, 10.3490782], [79.399717, 10.3494193], [79.3999246, 10.3496941], [79.4000537, 10.3498376], [79.4004895, 10.3497008], [79.4005056, 10.3495795], [79.4018467, 10.349627], [79.4017582, 10.3489015], [79.4014655, 10.3488834], [79.4013146, 10.3488379], [79.4012283, 10.3487985], [79.4006799, 10.3482529], [79.4004549, 10.3481499], [79.400267, 10.3481226], [79.4001307, 10.3479135], [79.3992235, 10.3472153], [79.3985731, 10.34766], [79.3987142, 10.3477649]]]}, "properties": {"osm_id": "1297074330", "name": "", "kind": "landuse", "landuse": "residential", "natural": null, "water": null, "waterway": null}}, {"type": "Feature", "geometry": {"type": "Polygon", "coordinates": [[[79.3989815, 10.3515444], [79.3997406, 10.3515629], [79.4000437, 10.3512594], [79.4009878, 10.3513043], [79.4010978, 10.3510985], [79.4009047, 10.350956], [79.4009079, 10.3507375], [79.4005219, 10.3505323], [79.4002088, 10.3502584], [79.4000156, 10.3499903], [79.3999606, 10.3498442], [79.3995475, 10.3494045], [79.399408, 10.3494362], [79.3993088, 10.3501117], [79.3990996, 10.3501592], [79.3986704, 10.3513861], [79.3989815, 10.3515444]]]}, "properties": {"osm_id": "1297078120", "name": "", "kind": "landuse", "landuse": "residential", "natural": null, "water": null, "waterway": null}}, {"type": "Feature", "geometry": {"type": "Polygon", "coordinates": [[[79.3927985, 10.3464159], [79.3927417, 10.3460178], [79.3922661, 10.3459458], [79.3921727, 10.345791], [79.3920303, 10.3455659], [79.3915912, 10.3455219], [79.3912823, 10.3463048], [79.3927985, 10.3464159]]]}, "properties": {"osm_id": "1297078140", "name": "", "kind": "landuse", "landuse": "residential", "natural": null, "water": null, "waterway": null}}, {"type": "Feature", "geometry": {"type": "Polygon", "coordinates": [[[79.393506, 10.3455739], [79.3936727, 10.345118], [79.3931564, 10.344906], [79.3932702, 10.3442701], [79.3929206, 10.3440341], [79.3921766, 10.3438622], [79.3920831, 10.3440141], [79.3920709, 10.3445061], [79.3917782, 10.34515], [79.393506, 10.3455739]]]}, "properties": {"osm_id": "1297078142", "name": "", "kind": "landuse", "landuse": "residential", "natural": null, "water": null, "waterway": null}}, {"type": "Feature", "geometry": {"type": "Polygon", "coordinates": [[[79.2920503, 10.7530516], [79.2923507, 10.7530147], [79.29223, 10.7526116], [79.292002, 10.7527091], [79.2920503, 10.7530516]]]}, "properties": {"osm_id": "1298057582", "name": "", "kind": "landuse", "landuse": "residential", "natural": null, "water": null, "waterway": null}}, {"type": "Feature", "geometry": {"type": "Polygon", "coordinates": [[[79.2930615, 10.7530042], [79.2933002, 10.7529436], [79.2931285, 10.7525114], [79.2929461, 10.7525615], [79.2930615, 10.7530042]]]}, "properties": {"osm_id": "1298057590", "name": "", "kind": "landuse", "landuse": "residential", "natural": null, "water": null, "waterway": null}}, {"type": "Feature", "geometry": {"type": "Polygon", "coordinates": [[[79.2931232, 10.7535365], [79.293614, 10.7535391], [79.2936462, 10.7533784], [79.2931124, 10.7534284], [79.2931232, 10.7535365]]]}, "properties": {"osm_id": "1298057598", "name": "", "kind": "landuse", "landuse": "residential", "natural": null, "water": null, "waterway": null}}, {"type": "Feature", "geometry": {"type": "Polygon", "coordinates": [[[79.2929622, 10.7536472], [79.2930186, 10.7534205], [79.2927798, 10.7534363], [79.2927423, 10.7536498], [79.2929622, 10.7536472]]]}, "properties": {"osm_id": "1298057602", "name": "", "kind": "landuse", "landuse": "residential", "natural": null, "water": null, "waterway": null}}, {"type": "Feature", "geometry": {"type": "Polygon", "coordinates": [[[79.2907011, 10.7537341], [79.2908433, 10.7537526], [79.2908057, 10.7534311], [79.2906689, 10.7534311], [79.2907011, 10.7537341]]]}, "properties": {"osm_id": "1298057622", "name": "", "kind": "landuse", "landuse": "residential", "natural": null, "water": null, "waterway": null}}, {"type": "Feature", "geometry": {"type": "Polygon", "coordinates": [[[79.2920905, 10.7551544], [79.292216, 10.7551557], [79.2922054, 10.7555559], [79.2926238, 10.7555085], [79.2926613, 10.7551448], [79.2923587, 10.7551522], [79.2923587, 10.7548962], [79.292214, 10.7548989], [79.29219, 10.7548994], [79.2920771, 10.7549015], [79.2920905, 10.7551544]]]}, "properties": {"osm_id": "1298057668", "name": "", "kind": "landuse", "landuse": "residential", "natural": null, "water": null, "waterway": null}}, {"type": "Feature", "geometry": {"type": "Polygon", "coordinates": [[[79.291943, 10.7548857], [79.29219, 10.7548994], [79.2921656, 10.7547407], [79.2919376, 10.7547671], [79.291943, 10.7548857]]]}, "properties": {"osm_id": "1298057672", "name": "", "kind": "landuse", "landuse": "residential", "natural": null, "water": null, "waterway": null}}, {"type": "Feature", "geometry": {"type": "Polygon", "coordinates": [[[79.292214, 10.7548989], [79.2924017, 10.7548936], [79.2923856, 10.7547275], [79.2921978, 10.7547565], [79.292214, 10.7548989]]]}, "properties": {"osm_id": "1298057676", "name": "", "kind": "landuse", "landuse": "residential", "natural": null, "water": null, "waterway": null}}, {"type": "Feature", "geometry": {"type": "Polygon", "coordinates": [[[79.2931656, 10.7549709], [79.2935947, 10.7549762], [79.293584, 10.7541857], [79.2930208, 10.7542647], [79.2931656, 10.7549709]]]}, "properties": {"osm_id": "1298057684", "name": "", "kind": "landuse", "landuse": "residential", "natural": null, "water": null, "waterway": null}}, {"type": "Feature", "geometry": {"type": "Polygon", "coordinates": [[[79.2894588, 10.755967], [79.2902474, 10.7558879], [79.2902849, 10.7543543], [79.2892227, 10.7545809], [79.2894588, 10.755967]]]}, "properties": {"osm_id": "1298057688", "name": "", "kind": "landuse", "landuse": "residential", "natural": null, "water": null, "waterway": null}}, {"type": "Feature", "geometry": {"type": "Polygon", "coordinates": [[[79.2898879, 10.7543438], [79.2898718, 10.7537799], [79.2895897, 10.7537625], [79.2895661, 10.7543332], [79.2898879, 10.7543438]]]}, "properties": {"osm_id": "1298057696", "name": "", "kind": "landuse", "landuse": "residential", "natural": null, "water": null, "waterway": null}}, {"type": "Feature", "geometry": {"type": "Polygon", "coordinates": [[[79.2908152, 10.7676375], [79.2908857, 10.7684939], [79.2925004, 10.7681935], [79.2928115, 10.7685519], [79.293171, 10.7685519], [79.2930348, 10.7677565], [79.2952792, 10.7671501], [79.2950646, 10.7667735], [79.2947658, 10.7668626], [79.2945818, 10.7662173], [79.2925541, 10.7666284], [79.2907892, 10.7670447], [79.2908152, 10.7676375]]]}, "properties": {"osm_id": "1298057712", "name": "", "kind": "landuse", "landuse": "residential", "natural": null, "water": null, "waterway": null}}, {"type": "Feature", "geometry": {"type": "Polygon", "coordinates": [[[79.2914919, 10.7664439], [79.2933051, 10.7663701], [79.2933641, 10.7659169], [79.2914758, 10.7659485], [79.2914919, 10.7664439]]]}, "properties": {"osm_id": "1298057716", "name": "", "kind": "landuse", "landuse": "residential", "natural": null, "water": null, "waterway": null}}, {"type": "Feature", "geometry": {"type": "Polygon", "coordinates": [[[79.2892099, 10.7680882], [79.2897704, 10.7680051], [79.2900006, 10.7677034], [79.2899845, 10.7673503], [79.2901669, 10.7673029], [79.2902956, 10.7669604], [79.2906121, 10.7669446], [79.2906711, 10.7667074], [79.2901079, 10.7667812], [79.2897163, 10.7668602], [79.2896519, 10.7676982], [79.2891906, 10.7677087], [79.2892099, 10.7680882]]]}, "properties": {"osm_id": "1298057724", "name": "", "kind": "landuse", "landuse": "residential", "natural": null, "water": null, "waterway": null}}, {"type": "Feature", "geometry": {"type": "Polygon", "coordinates": [[[79.2894212, 10.7685414], [79.2893569, 10.7681198], [79.2887507, 10.7681725], [79.2887775, 10.7680513], [79.2887185, 10.767714], [79.2865995, 10.7679775], [79.2866216, 10.768227], [79.2855267, 10.768183], [79.2854998, 10.7685361], [79.2894212, 10.7685414]]]}, "properties": {"osm_id": "1298057730", "name": "", "kind": "landuse", "landuse": "residential", "natural": null, "water": null, "waterway": null}}, {"type": "Feature", "geometry": {"type": "Polygon", "coordinates": [[[79.1455767, 10.8106211], [79.1458625, 10.8106318], [79.1458733, 10.8109968], [79.1461098, 10.8110102], [79.146109, 10.8106347], [79.1465427, 10.8106573], [79.1464247, 10.8099402], [79.1465722, 10.8099185], [79.1466064, 10.8094962], [79.1459329, 10.8094732], [79.1458436, 10.8098546], [79.1455324, 10.8099113], [79.1455767, 10.8106211]]]}, "properties": {"osm_id": "1298513354", "name": "", "kind": "landuse", "landuse": "residential", "natural": null, "water": null, "waterway": null}}, {"type": "Feature", "geometry": {"type": "Polygon", "coordinates": [[[79.1569827, 10.8441554], [79.158179, 10.844324], [79.1580384, 10.8435053], [79.1578377, 10.8429687], [79.1569559, 10.8430015], [79.1569827, 10.8441554]]]}, "properties": {"osm_id": "1298522848", "name": "", "kind": "landuse", "landuse": "commercial", "natural": null, "water": null, "waterway": null}}, {"type": "Feature", "geometry": {"type": "Polygon", "coordinates": [[[79.2882198, 10.3688235], [79.2882117, 10.3677437], [79.2879149, 10.3677317], [79.2879109, 10.3687915], [79.2882198, 10.3688235]]]}, "properties": {"osm_id": "1298556308", "name": "", "kind": "landuse", "landuse": "farmland", "natural": null, "water": null, "waterway": null}}, {"type": "Feature", "geometry": {"type": "Polygon", "coordinates": [[[79.2882605, 10.3688035], [79.2886061, 10.3688035], [79.2885695, 10.3677597], [79.2882442, 10.3677637], [79.2882605, 10.3688035]]]}, "properties": {"osm_id": "1298556310", "name": "", "kind": "landuse", "landuse": "farmland", "natural": null, "water": null, "waterway": null}}, {"type": "Feature", "geometry": {"type": "Polygon", "coordinates": [[[79.287484, 10.3683116], [79.287858, 10.3682756], [79.2878905, 10.3677117], [79.2874799, 10.3677117], [79.287484, 10.3683116]]]}, "properties": {"osm_id": "1298556312", "name": "", "kind": "landuse", "landuse": "farmland", "natural": null, "water": null, "waterway": null}}, {"type": "Feature", "geometry": {"type": "Polygon", "coordinates": [[[79.2886386, 10.3687995], [79.2889476, 10.3687955], [79.2889394, 10.3677557], [79.2885857, 10.3677317], [79.2886386, 10.3687995]]]}, "properties": {"osm_id": "1298556314", "name": "", "kind": "landuse", "landuse": "farmland", "natural": null, "water": null, "waterway": null}}, {"type": "Feature", "geometry": {"type": "Polygon", "coordinates": [[[79.2353214, 10.4220695], [79.2362309, 10.421964], [79.2361038, 10.4212258], [79.2351943, 10.4216633], [79.2353214, 10.4220695]]]}, "properties": {"osm_id": "1298878164", "name": "", "kind": "landuse", "landuse": "orchard", "natural": null, "water": null, "waterway": null}}, {"type": "Feature", "geometry": {"type": "Polygon", "coordinates": [[[79.2342908, 10.4224775], [79.2348374, 10.4229517], [79.2352151, 10.4229668], [79.2348681, 10.4218856], [79.2342509, 10.4220517], [79.2342908, 10.4224775]]]}, "properties": {"osm_id": "1298878168", "name": "", "kind": "landuse", "landuse": "orchard", "natural": null, "water": null, "waterway": null}}, {"type": "Feature", "geometry": {"type": "Polygon", "coordinates": [[[79.3036011, 10.6209694], [79.304819, 10.6208807], [79.3052972, 10.6225478], [79.3067768, 10.6222995], [79.3066557, 10.6218486], [79.3083306, 10.6208466], [79.3081616, 10.6198422], [79.3081911, 10.6196471], [79.3081429, 10.6187218], [79.3080195, 10.6186796], [79.3069949, 10.6186954], [79.3069933, 10.6193378], [79.306046, 10.6194531], [79.3058836, 10.6182205], [79.3046025, 10.6182383], [79.3046566, 10.6188058], [79.304792, 10.618788], [79.3048732, 10.619462], [79.3034838, 10.6195861], [79.3036011, 10.6209694]]]}, "properties": {"osm_id": "1299027556", "name": "", "kind": "landuse", "landuse": "plant_nursery", "natural": null, "water": null, "waterway": null}}, {"type": "Feature", "geometry": {"type": "Polygon", "coordinates": [[[79.3005483, 10.6220973], [79.3006878, 10.6222818], [79.3009184, 10.6230463], [79.3007468, 10.6231307], [79.3009882, 10.6238372], [79.3018894, 10.6235314], [79.3014602, 10.6225454], [79.3015675, 10.6220182], [79.301648, 10.6219233], [79.3014549, 10.6219444], [79.3013422, 10.6213433], [79.3020879, 10.6210058], [79.3018357, 10.6204364], [79.3013529, 10.6205682], [79.3014441, 10.6211324], [79.3003981, 10.6213907], [79.3005483, 10.6220973]]]}, "properties": {"osm_id": "1299027558", "name": "", "kind": "landuse", "landuse": "plant_nursery", "natural": null, "water": null, "waterway": null}}, {"type": "Feature", "geometry": {"type": "Polygon", "coordinates": [[[79.3000923, 10.6232994], [79.3005644, 10.6230621], [79.3005, 10.6228512], [79.2999582, 10.6230094], [79.3000923, 10.6232994]]]}, "properties": {"osm_id": "1299027560", "name": "", "kind": "landuse", "landuse": "plant_nursery", "natural": null, "water": null, "waterway": null}}, {"type": "Feature", "geometry": {"type": "Polygon", "coordinates": [[[79.3119186, 10.6197907], [79.3132838, 10.6198032], [79.3132838, 10.6192953], [79.3131115, 10.6192828], [79.3130669, 10.6190633], [79.3118357, 10.6191198], [79.3119186, 10.6197907]]]}, "properties": {"osm_id": "1299027578", "name": "", "kind": "landuse", "landuse": "plant_nursery", "natural": null, "water": null, "waterway": null}}, {"type": "Feature", "geometry": {"type": "Polygon", "coordinates": [[[79.3103046, 10.6195211], [79.3111275, 10.6193706], [79.3118101, 10.6189505], [79.3117846, 10.6188752], [79.3113189, 10.6189567], [79.3112488, 10.6184614], [79.3107129, 10.6185304], [79.310732, 10.6186307], [79.3100941, 10.6186809], [79.3103046, 10.6195211]]]}, "properties": {"osm_id": "1299027580", "name": "", "kind": "landuse", "landuse": "plant_nursery", "natural": null, "water": null, "waterway": null}}, {"type": "Feature", "geometry": {"type": "Polygon", "coordinates": [[[79.3269164, 10.6387424], [79.3279268, 10.6385473], [79.3290636, 10.6383434], [79.3289192, 10.6374035], [79.3276562, 10.6375631], [79.3276562, 10.6376784], [79.3269254, 10.6378291], [79.3266953, 10.6380308], [79.3269164, 10.6387424]]]}, "properties": {"osm_id": "1299035716", "name": "", "kind": "landuse", "landuse": "plant_nursery", "natural": null, "water": null, "waterway": null}}, {"type": "Feature", "geometry": {"type": "Polygon", "coordinates": [[[79.3293293, 10.6299837], [79.329212, 10.6312871], [79.3292932, 10.6320586], [79.3290045, 10.6331403], [79.3293383, 10.6335837], [79.3287068, 10.6341334], [79.3285714, 10.634896], [79.3290225, 10.6354103], [79.3298165, 10.635428], [79.3298255, 10.6360043], [79.330024, 10.6360753], [79.330033, 10.6368822], [79.331702, 10.6371038], [79.3319997, 10.6361728], [79.3311697, 10.63596], [79.3314674, 10.635029], [79.3311517, 10.6347186], [79.3313592, 10.6338231], [79.3333891, 10.6341866], [79.3336417, 10.6336413], [79.3335673, 10.6331337], [79.3317358, 10.6328788], [79.3305286, 10.6326658], [79.3302251, 10.6313162], [79.3304119, 10.6306487], [79.3322704, 10.6302852], [79.3322614, 10.6295758], [79.3332718, 10.6293985], [79.3334523, 10.6290083], [79.334156, 10.6290527], [79.3344627, 10.6297798], [79.3357348, 10.6295847], [79.3361949, 10.6282901], [79.3357077, 10.6277847], [79.335401, 10.6272349], [79.3353108, 10.6267915], [79.3350401, 10.6267029], [79.3348506, 10.6261709], [79.3335695, 10.6263305], [79.3334523, 10.6254703], [79.3341469, 10.6252132], [79.3340657, 10.6245748], [79.3336417, 10.6245393], [79.3336056, 10.624362], [79.3332808, 10.624291], [79.3331816, 10.6238299], [79.3321712, 10.6237856], [79.3321892, 10.6243265], [79.3317652, 10.6244772], [79.3317471, 10.6248851], [79.3303036, 10.6254171], [79.3298525, 10.6263925], [79.3302044, 10.6264723], [79.3303217, 10.6277935], [79.3295187, 10.6278379], [79.3295999, 10.6284763], [79.3286526, 10.6282458], [79.3278226, 10.627962], [79.3274798, 10.628831], [79.3293293, 10.6299837]]]}, "properties": {"osm_id": "1299035720", "name": "", "kind": "landuse", "landuse": "residential", "natural": null, "water": null, "waterway": null}}, {"type": "Feature", "geometry": {"type": "Polygon", "coordinates": [[[79.3238875, 10.6232432], [79.3238768, 10.6241922], [79.3247673, 10.6242449], [79.3247351, 10.6255209], [79.3268487, 10.6247827], [79.3266449, 10.6232221], [79.3270418, 10.6223257], [79.3273422, 10.6213872], [79.3271062, 10.6209127], [79.3250784, 10.6207967], [79.3244454, 10.6199742], [79.3233833, 10.6203222], [79.3235657, 10.6214083], [79.3228147, 10.6227897], [79.3238875, 10.6232432]]]}, "properties": {"osm_id": "1299035730", "name": "", "kind": "landuse", "landuse": "residential", "natural": null, "water": null, "waterway": null}}, {"type": "Feature", "geometry": {"type": "Polygon", "coordinates": [[[79.3333581, 10.6308328], [79.3346639, 10.630676], [79.3353225, 10.6307425], [79.3355886, 10.6306383], [79.3361006, 10.6307003], [79.3360984, 10.6303257], [79.3365224, 10.63037], [79.336545, 10.6306538], [79.3367141, 10.6306538], [79.3367773, 10.6303346], [79.3365517, 10.6303191], [79.3365382, 10.6299178], [79.3361277, 10.6299067], [79.3361164, 10.6300974], [79.3356811, 10.6300663], [79.3357555, 10.629756], [79.3348466, 10.6297516], [79.3348387, 10.629868], [79.3342486, 10.6299576], [79.3341896, 10.6297414], [79.3332025, 10.6297836], [79.3333581, 10.6308328]]]}, "properties": {"osm_id": "1299035736", "name": "", "kind": "landuse", "landuse": "plant_nursery", "natural": null, "water": null, "waterway": null}}, {"type": "Feature", "geometry": {"type": "Polygon", "coordinates": [[[79.3287982, 10.6144913], [79.3292177, 10.6144026], [79.3292538, 10.6145267], [79.3299801, 10.6142474], [79.3297049, 10.6132764], [79.3321814, 10.6128951], [79.3320596, 10.6121769], [79.3292583, 10.6130725], [79.3288749, 10.6132498], [79.3285636, 10.6134981], [79.3287982, 10.6144913]]]}, "properties": {"osm_id": "1299040074", "name": "", "kind": "landuse", "landuse": "plant_nursery", "natural": null, "water": null, "waterway": null}}, {"type": "Feature", "geometry": {"type": "Polygon", "coordinates": [[[79.302516, 10.5989218], [79.3031092, 10.5988622], [79.3034091, 10.5989218], [79.3035686, 10.5989343], [79.3039131, 10.5988716], [79.3043413, 10.5987847], [79.3044075, 10.5987713], [79.3046307, 10.5986741], [79.3043405, 10.5983355], [79.3025064, 10.598696], [79.302516, 10.5989218]]]}, "properties": {"osm_id": "1299052464", "name": "", "kind": "landuse", "landuse": "basin", "natural": null, "water": null, "waterway": null}}, {"type": "Feature", "geometry": {"type": "Polygon", "coordinates": [[[79.3205026, 10.5663917], [79.3208206, 10.5663673], [79.3207755, 10.5659261], [79.3205883, 10.5659327], [79.3204394, 10.5662875], [79.3205026, 10.5663917]]]}, "properties": {"osm_id": "1299100030", "name": "", "kind": "landuse", "landuse": "basin", "natural": null, "water": null, "waterway": null}}, {"type": "Feature", "geometry": {"type": "Polygon", "coordinates": [[[79.2215533, 10.4040942], [79.2217589, 10.4044606], [79.2226333, 10.4049744], [79.2227161, 10.405023], [79.2232749, 10.4042079], [79.2237117, 10.4035951], [79.2235383, 10.4026094], [79.2211551, 10.4031086], [79.2215533, 10.4040942]]]}, "properties": {"osm_id": "1299906240", "name": "", "kind": "landuse", "landuse": "residential", "natural": null, "water": null, "waterway": null}}, {"type": "Feature", "geometry": {"type": "Polygon", "coordinates": [[[79.0945779, 10.8268674], [79.0948972, 10.826849], [79.0948746, 10.8260973], [79.0948677, 10.8258663], [79.0945529, 10.8258887], [79.0945779, 10.8268674]]]}, "properties": {"osm_id": "1300024930", "name": "", "kind": "landuse", "landuse": "farmland", "natural": null, "water": null, "waterway": null}}, {"type": "Feature", "geometry": {"type": "Polygon", "coordinates": [[[79.0926205, 10.8270823], [79.0926478, 10.8259124], [79.0923303, 10.8259164], [79.0922955, 10.8271282], [79.0926205, 10.8270823]]]}, "properties": {"osm_id": "1300024932", "name": "", "kind": "landuse", "landuse": "farmland", "natural": null, "water": null, "waterway": null}}, {"type": "Feature", "geometry": {"type": "Polygon", "coordinates": [[[79.0929456, 10.8270364], [79.0929653, 10.8259085], [79.0926478, 10.8259124], [79.0926205, 10.8270823], [79.0929456, 10.8270364]]]}, "properties": {"osm_id": "1300024934", "name": "", "kind": "landuse", "landuse": "farmland", "natural": null, "water": null, "waterway": null}}, {"type": "Feature", "geometry": {"type": "Polygon", "coordinates": [[[79.0932707, 10.8269905], [79.0932829, 10.8259045], [79.0929653, 10.8259085], [79.0929456, 10.8270364], [79.0932707, 10.8269905]]]}, "properties": {"osm_id": "1300024936", "name": "", "kind": "landuse", "landuse": "farmland", "natural": null, "water": null, "waterway": null}}, {"type": "Feature", "geometry": {"type": "Polygon", "coordinates": [[[79.093596, 10.8269465], [79.0936004, 10.8259006], [79.0932829, 10.8259045], [79.0932707, 10.8269905], [79.093596, 10.8269465]]]}, "properties": {"osm_id": "1300024938", "name": "", "kind": "landuse", "landuse": "farmland", "natural": null, "water": null, "waterway": null}}, {"type": "Feature", "geometry": {"type": "Polygon", "coordinates": [[[79.0939233, 10.8269202], [79.0939179, 10.8258966], [79.0936004, 10.8259006], [79.093596, 10.8269465], [79.0939233, 10.8269202]]]}, "properties": {"osm_id": "1300024940", "name": "", "kind": "landuse", "landuse": "farmland", "natural": null, "water": null, "waterway": null}}, {"type": "Feature", "geometry": {"type": "Polygon", "coordinates": [[[79.0939233, 10.8269202], [79.0942506, 10.8268938], [79.0942354, 10.8258927], [79.0939179, 10.8258966], [79.0939233, 10.8269202]]]}, "properties": {"osm_id": "1300024942", "name": "", "kind": "landuse", "landuse": "farmland", "natural": null, "water": null, "waterway": null}}, {"type": "Feature", "geometry": {"type": "Polygon", "coordinates": [[[79.0942506, 10.8268938], [79.0945779, 10.8268674], [79.0945529, 10.8258887], [79.0942354, 10.8258927], [79.0942506, 10.8268938]]]}, "properties": {"osm_id": "1300024944", "name": "", "kind": "landuse", "landuse": "farmland", "natural": null, "water": null, "waterway": null}}, {"type": "Feature", "geometry": {"type": "Polygon", "coordinates": [[[79.0973604, 10.8273228], [79.0973863, 10.8275577], [79.0976354, 10.8275311], [79.0976303, 10.8274839], [79.0975771, 10.8269583], [79.0973237, 10.8269904], [79.0973604, 10.8273228]]]}, "properties": {"osm_id": "1300028306", "name": "", "kind": "landuse", "landuse": "farmland", "natural": null, "water": null, "waterway": null}}, {"type": "Feature", "geometry": {"type": "Polygon", "coordinates": [[[79.0972724, 10.8265342], [79.0973237, 10.8269904], [79.0975771, 10.8269583], [79.0975012, 10.826344], [79.0972531, 10.8263625], [79.0972724, 10.8265342]]]}, "properties": {"osm_id": "1300028308", "name": "", "kind": "landuse", "landuse": "farmland", "natural": null, "water": null, "waterway": null}}, {"type": "Feature", "geometry": {"type": "Polygon", "coordinates": [[[79.0972531, 10.8263625], [79.0975012, 10.826344], [79.0974517, 10.8258327], [79.0971985, 10.8258558], [79.0972531, 10.8263625]]]}, "properties": {"osm_id": "1300028310", "name": "", "kind": "landuse", "landuse": "farmland", "natural": null, "water": null, "waterway": null}}, {"type": "Feature", "geometry": {"type": "Polygon", "coordinates": [[[79.0915871, 10.8278698], [79.0916565, 10.8283734], [79.0919473, 10.8284851], [79.0918406, 10.8272399], [79.0917575, 10.8272468], [79.0915042, 10.8272679], [79.0915871, 10.8278698]]]}, "properties": {"osm_id": "1300028312", "name": "", "kind": "landuse", "landuse": "farmland", "natural": null, "water": null, "waterway": null}}, {"type": "Feature", "geometry": {"type": "Polygon", "coordinates": [[[79.0919473, 10.8284851], [79.0922836, 10.8284572], [79.0921769, 10.827212], [79.0918406, 10.8272399], [79.0919473, 10.8284851]]]}, "properties": {"osm_id": "1300028314", "name": "", "kind": "landuse", "landuse": "farmland", "natural": null, "water": null, "waterway": null}}, {"type": "Feature", "geometry": {"type": "Polygon", "coordinates": [[[79.0922836, 10.8284572], [79.09262, 10.8284292], [79.0925133, 10.8271841], [79.0921769, 10.827212], [79.0922836, 10.8284572]]]}, "properties": {"osm_id": "1300028316", "name": "", "kind": "landuse", "landuse": "farmland", "natural": null, "water": null, "waterway": null}}, {"type": "Feature", "geometry": {"type": "Polygon", "coordinates": [[[79.09262, 10.8284292], [79.0929563, 10.8284013], [79.0928496, 10.8271562], [79.0925133, 10.8271841], [79.09262, 10.8284292]]]}, "properties": {"osm_id": "1300028318", "name": "", "kind": "landuse", "landuse": "farmland", "natural": null, "water": null, "waterway": null}}, {"type": "Feature", "geometry": {"type": "Polygon", "coordinates": [[[79.0929563, 10.8284013], [79.0932927, 10.8283734], [79.0932443, 10.8278515], [79.0931632, 10.8271104], [79.0928496, 10.8271562], [79.0929563, 10.8284013]]]}, "properties": {"osm_id": "1300028320", "name": "", "kind": "landuse", "landuse": "farmland", "natural": null, "water": null, "waterway": null}}, {"type": "Feature", "geometry": {"type": "Polygon", "coordinates": [[[79.0905869, 10.8251814], [79.0916759, 10.8250549], [79.0918475, 10.8249285], [79.0947819, 10.824802], [79.0995455, 10.8244964], [79.1000014, 10.8245333], [79.1015732, 10.8242488], [79.101584, 10.8228999], [79.0996957, 10.8231054], [79.0993255, 10.8233267], [79.098596, 10.8232371], [79.0977377, 10.8228736], [79.0957528, 10.8225047], [79.0935534, 10.8229947], [79.0917242, 10.8235164], [79.0905547, 10.8236797], [79.0905869, 10.8251814]]]}, "properties": {"osm_id": "1300030544", "name": "", "kind": "landuse", "landuse": "forest", "natural": null, "water": null, "waterway": null}}, {"type": "Feature", "geometry": {"type": "Polygon", "coordinates": [[[79.3399841, 10.7932867], [79.339966, 10.7924762], [79.339712, 10.7924793], [79.3397086, 10.7932976], [79.3399841, 10.7932867]]]}, "properties": {"osm_id": "1300084144", "name": "", "kind": "landuse", "landuse": "farmland", "natural": null, "water": null, "waterway": null}}, {"type": "Feature", "geometry": {"type": "Polygon", "coordinates": [[[79.3393445, 10.7933006], [79.3397086, 10.7932976], [79.339712, 10.7924793], [79.3393077, 10.7924954], [79.3393445, 10.7933006]]]}, "properties": {"osm_id": "1300084148", "name": "", "kind": "landuse", "landuse": "farmland", "natural": null, "water": null, "waterway": null}}, {"type": "Feature", "geometry": {"type": "Polygon", "coordinates": [[[79.3390503, 10.7933036], [79.3393445, 10.7933006], [79.3393077, 10.7924954], [79.3389732, 10.7924958], [79.3390503, 10.7933036]]]}, "properties": {"osm_id": "1300084160", "name": "", "kind": "landuse", "landuse": "farmland", "natural": null, "water": null, "waterway": null}}, {"type": "Feature", "geometry": {"type": "Polygon", "coordinates": [[[79.3385468, 10.7933119], [79.3390503, 10.7933036], [79.3389732, 10.7924958], [79.3385019, 10.7925094], [79.3385468, 10.7933119]]]}, "properties": {"osm_id": "1300084162", "name": "", "kind": "landuse", "landuse": "farmland", "natural": null, "water": null, "waterway": null}}, {"type": "Feature", "geometry": {"type": "Polygon", "coordinates": [[[79.3381077, 10.7933254], [79.3385468, 10.7933119], [79.3385019, 10.7925094], [79.3380762, 10.7925176], [79.3381077, 10.7933254]]]}, "properties": {"osm_id": "1300084164", "name": "", "kind": "landuse", "landuse": "farmland", "natural": null, "water": null, "waterway": null}}, {"type": "Feature", "geometry": {"type": "Polygon", "coordinates": [[[79.3376256, 10.7933258], [79.3381077, 10.7933254], [79.3380762, 10.7925176], [79.3376183, 10.7925233], [79.3376256, 10.7933258]]]}, "properties": {"osm_id": "1300084166", "name": "", "kind": "landuse", "landuse": "farmland", "natural": null, "water": null, "waterway": null}}, {"type": "Feature", "geometry": {"type": "Polygon", "coordinates": [[[79.3372858, 10.7933446], [79.3376256, 10.7933258], [79.3376183, 10.7925233], [79.3372677, 10.7925342], [79.3372858, 10.7933446]]]}, "properties": {"osm_id": "1300084168", "name": "", "kind": "landuse", "landuse": "farmland", "natural": null, "water": null, "waterway": null}}, {"type": "Feature", "geometry": {"type": "Polygon", "coordinates": [[[79.3389122, 10.7924378], [79.3395635, 10.7924499], [79.339379, 10.7916782], [79.3387579, 10.7918112], [79.3389122, 10.7924378]]]}, "properties": {"osm_id": "1300084170", "name": "", "kind": "landuse", "landuse": "farmland", "natural": null, "water": null, "waterway": null}}, {"type": "Feature", "geometry": {"type": "Polygon", "coordinates": [[[79.3383871, 10.7924467], [79.3389122, 10.7924378], [79.3387579, 10.7918112], [79.3382441, 10.7919232], [79.3383871, 10.7924467]]]}, "properties": {"osm_id": "1300084172", "name": "", "kind": "landuse", "landuse": "farmland", "natural": null, "water": null, "waterway": null}}, {"type": "Feature", "geometry": {"type": "Polygon", "coordinates": [[[79.3378753, 10.7924399], [79.3383871, 10.7924467], [79.3382441, 10.7919232], [79.3377356, 10.7920642], [79.3378753, 10.7924399]]]}, "properties": {"osm_id": "1300084174", "name": "", "kind": "landuse", "landuse": "farmland", "natural": null, "water": null, "waterway": null}}, {"type": "Feature", "geometry": {"type": "Polygon", "coordinates": [[[79.3375808, 10.7924725], [79.3378753, 10.7924399], [79.3377356, 10.7920642], [79.3374954, 10.7920997], [79.3375808, 10.7924725]]]}, "properties": {"osm_id": "1300084176", "name": "", "kind": "landuse", "landuse": "farmland", "natural": null, "water": null, "waterway": null}}, {"type": "Feature", "geometry": {"type": "Polygon", "coordinates": [[[79.3388322, 10.7917845], [79.3393671, 10.7916584], [79.3392196, 10.7911499], [79.3387128, 10.7913037], [79.3388322, 10.7917845]]]}, "properties": {"osm_id": "1300084178", "name": "", "kind": "landuse", "landuse": "farmland", "natural": null, "water": null, "waterway": null}}, {"type": "Feature", "geometry": {"type": "Polygon", "coordinates": [[[79.3382972, 10.7919107], [79.3388322, 10.7917845], [79.3387128, 10.7913037], [79.338206, 10.7914575], [79.3382972, 10.7919107]]]}, "properties": {"osm_id": "1300084180", "name": "", "kind": "landuse", "landuse": "farmland", "natural": null, "water": null, "waterway": null}}, {"type": "Feature", "geometry": {"type": "Polygon", "coordinates": [[[79.3377622, 10.7920368], [79.3382972, 10.7919107], [79.338206, 10.7914575], [79.3376991, 10.7916113], [79.3377622, 10.7920368]]]}, "properties": {"osm_id": "1300084182", "name": "", "kind": "landuse", "landuse": "farmland", "natural": null, "water": null, "waterway": null}}, {"type": "Feature", "geometry": {"type": "Polygon", "coordinates": [[[79.3372272, 10.792163], [79.3374954, 10.7920997], [79.3377622, 10.7920368], [79.3376991, 10.7916113], [79.3371923, 10.7917651], [79.3372272, 10.792163]]]}, "properties": {"osm_id": "1300084184", "name": "", "kind": "landuse", "landuse": "farmland", "natural": null, "water": null, "waterway": null}}, {"type": "Feature", "geometry": {"type": "Polygon", "coordinates": [[[79.3419237, 10.7923014], [79.3426214, 10.7920962], [79.3424919, 10.7916716], [79.3417942, 10.7918768], [79.3419237, 10.7923014]]]}, "properties": {"osm_id": "1300087090", "name": "", "kind": "landuse", "landuse": "farmland", "natural": null, "water": null, "waterway": null}}, {"type": "Feature", "geometry": {"type": "Polygon", "coordinates": [[[79.341226, 10.7925067], [79.3419237, 10.7923014], [79.3417942, 10.7918768], [79.3410966, 10.792082], [79.341226, 10.7925067]]]}, "properties": {"osm_id": "1300087092", "name": "", "kind": "landuse", "landuse": "farmland", "natural": null, "water": null, "waterway": null}}, {"type": "Feature", "geometry": {"type": "Polygon", "coordinates": [[[79.3405284, 10.7927119], [79.341226, 10.7925067], [79.3410966, 10.792082], [79.3403989, 10.7922872], [79.3405284, 10.7927119]]]}, "properties": {"osm_id": "1300087094", "name": "", "kind": "landuse", "landuse": "farmland", "natural": null, "water": null, "waterway": null}}, {"type": "Feature", "geometry": {"type": "Polygon", "coordinates": [[[79.3406578, 10.7931366], [79.3413555, 10.7929313], [79.341226, 10.7925067], [79.3405284, 10.7927119], [79.3406578, 10.7931366]]]}, "properties": {"osm_id": "1300087096", "name": "", "kind": "landuse", "landuse": "farmland", "natural": null, "water": null, "waterway": null}}, {"type": "Feature", "geometry": {"type": "Polygon", "coordinates": [[[79.3413555, 10.7929313], [79.3420532, 10.7927261], [79.3419237, 10.7923014], [79.341226, 10.7925067], [79.3413555, 10.7929313]]]}, "properties": {"osm_id": "1300087098", "name": "", "kind": "landuse", "landuse": "farmland", "natural": null, "water": null, "waterway": null}}, {"type": "Feature", "geometry": {"type": "Polygon", "coordinates": [[[79.3420532, 10.7927261], [79.3427508, 10.7925209], [79.3426214, 10.7920962], [79.3419237, 10.7923014], [79.3420532, 10.7927261]]]}, "properties": {"osm_id": "1300087100", "name": "", "kind": "landuse", "landuse": "farmland", "natural": null, "water": null, "waterway": null}}, {"type": "Feature", "geometry": {"type": "Polygon", "coordinates": [[[79.3417966, 10.7909059], [79.3422863, 10.7907951], [79.3421835, 10.7903568], [79.3416937, 10.7904677], [79.3417966, 10.7909059]]]}, "properties": {"osm_id": "1300087102", "name": "", "kind": "landuse", "landuse": "farmland", "natural": null, "water": null, "waterway": null}}, {"type": "Feature", "geometry": {"type": "Polygon", "coordinates": [[[79.3418994, 10.7913442], [79.3423891, 10.7912333], [79.3422863, 10.7907951], [79.3417966, 10.7909059], [79.3418994, 10.7913442]]]}, "properties": {"osm_id": "1300087104", "name": "", "kind": "landuse", "landuse": "farmland", "natural": null, "water": null, "waterway": null}}, {"type": "Feature", "geometry": {"type": "Polygon", "coordinates": [[[79.3420129, 10.7918009], [79.3424919, 10.7916716], [79.3423891, 10.7912333], [79.3418994, 10.7913442], [79.3420129, 10.7918009]]]}, "properties": {"osm_id": "1300087106", "name": "", "kind": "landuse", "landuse": "farmland", "natural": null, "water": null, "waterway": null}}, {"type": "Feature", "geometry": {"type": "Polygon", "coordinates": [[[79.3402988, 10.791878], [79.3405377, 10.7918023], [79.3404287, 10.7913737], [79.3401879, 10.7914476], [79.3402988, 10.791878]]]}, "properties": {"osm_id": "1300087108", "name": "", "kind": "landuse", "landuse": "farmland", "natural": null, "water": null, "waterway": null}}, {"type": "Feature", "geometry": {"type": "Polygon", "coordinates": [[[79.3405377, 10.7918023], [79.3407767, 10.7917267], [79.3406694, 10.7912999], [79.3404287, 10.7913737], [79.3405377, 10.7918023]]]}, "properties": {"osm_id": "1300087110", "name": "", "kind": "landuse", "landuse": "farmland", "natural": null, "water": null, "waterway": null}}, {"type": "Feature", "geometry": {"type": "Polygon", "coordinates": [[[79.3403989, 10.7922872], [79.3410966, 10.792082], [79.3410157, 10.7916511], [79.3402988, 10.791878], [79.3403989, 10.7922872]]]}, "properties": {"osm_id": "1300087112", "name": "", "kind": "landuse", "landuse": "farmland", "natural": null, "water": null, "waterway": null}}, {"type": "Feature", "geometry": {"type": "Polygon", "coordinates": [[[79.3407767, 10.7917267], [79.3410157, 10.7916511], [79.3409102, 10.791226], [79.3406694, 10.7912999], [79.3407767, 10.7917267]]]}, "properties": {"osm_id": "1300087114", "name": "", "kind": "landuse", "landuse": "farmland", "natural": null, "water": null, "waterway": null}}, {"type": "Feature", "geometry": {"type": "Polygon", "coordinates": [[[79.3401879, 10.7914476], [79.3409102, 10.791226], [79.3408476, 10.7909326], [79.3401039, 10.7910858], [79.3401879, 10.7914476]]]}, "properties": {"osm_id": "1300087116", "name": "", "kind": "landuse", "landuse": "farmland", "natural": null, "water": null, "waterway": null}}, {"type": "Feature", "geometry": {"type": "Polygon", "coordinates": [[[79.3401039, 10.7910858], [79.3408476, 10.7909326], [79.3407904, 10.790634], [79.3400466, 10.7907872], [79.3401039, 10.7910858]]]}, "properties": {"osm_id": "1300087118", "name": "", "kind": "landuse", "landuse": "farmland", "natural": null, "water": null, "waterway": null}}, {"type": "Feature", "geometry": {"type": "Polygon", "coordinates": [[[79.3400466, 10.7907872], [79.3407904, 10.790634], [79.3407278, 10.7903407], [79.3399841, 10.7904938], [79.3400466, 10.7907872]]]}, "properties": {"osm_id": "1300087120", "name": "", "kind": "landuse", "landuse": "farmland", "natural": null, "water": null, "waterway": null}}, {"type": "Feature", "geometry": {"type": "Polygon", "coordinates": [[[79.5251517, 11.0814478], [79.5253341, 11.0812319], [79.5255379, 11.080974], [79.5240252, 11.0806686], [79.5239661, 11.0808792], [79.5251517, 11.0814478]]]}, "properties": {"osm_id": "1300147706", "name": "", "kind": "landuse", "landuse": "residential", "natural": null, "water": null, "waterway": null}}, {"type": "Feature", "geometry": {"type": "Polygon", "coordinates": [[[79.0196356, 10.6867346], [79.0209767, 10.6843414], [79.0206227, 10.6838564], [79.0206574, 10.683011], [79.0200142, 10.6825225], [79.01728857861127, 10.682187498327322], [79.01667969989771, 10.684658140799671], [79.0171456, 10.6847676], [79.01676822098507, 10.686789808987822], [79.01857024947762, 10.688671519012345], [79.0196356, 10.6867346]]]}, "properties": {"osm_id": "1300539746", "name": "", "kind": "landuse", "landuse": "orchard", "natural": null, "water": null, "waterway": null}}, {"type": "Feature", "geometry": {"type": "Polygon", "coordinates": [[[79.4328895, 11.1191296], [79.4326213, 11.1186137], [79.4320098, 11.1182558], [79.43172020726874, 11.117863937856255], [79.43192, 11.1183], [79.43245788125247, 11.11898575238717], [79.4328895, 11.1191296]]]}, "properties": {"osm_id": "1300545294", "name": "", "kind": "landuse", "landuse": "grass", "natural": null, "water": null, "waterway": null}}, {"type": "Feature", "geometry": {"type": "Polygon", "coordinates": [[[79.2159144, 10.4078], [79.2159332, 10.4079926], [79.2164026, 10.4079847], [79.2167164, 10.4079425], [79.2168371, 10.4080348], [79.217049, 10.4079741], [79.217218, 10.4079873], [79.2173011, 10.4081377], [79.2174406, 10.4081482], [79.2176552, 10.408106], [79.2176767, 10.4078607], [79.2176176, 10.4076233], [79.2174943, 10.4074676], [79.217218, 10.4074096], [79.2171027, 10.4072223], [79.217041, 10.407006], [79.2168505, 10.4069347], [79.2167432, 10.4068872], [79.2166346, 10.4070008], [79.2166038, 10.4072065], [79.2162765, 10.4071379], [79.2161344, 10.4071669], [79.2161049, 10.4070112], [79.2159037, 10.4070112], [79.2158474, 10.4072144], [79.2159144, 10.4078]]]}, "properties": {"osm_id": "1300588882", "name": "", "kind": "landuse", "landuse": "residential", "natural": null, "water": null, "waterway": null}}, {"type": "Feature", "geometry": {"type": "Polygon", "coordinates": [[[79.2185376, 10.4084015], [79.2186771, 10.4085941], [79.2187039, 10.4088183], [79.2188488, 10.4088473], [79.2190419, 10.4086073], [79.2192055, 10.4084701], [79.2193316, 10.4081984], [79.2193343, 10.4081456], [79.2192189, 10.4080797], [79.219007, 10.4079873], [79.2189722, 10.4078581], [79.2185618, 10.4078712], [79.2183821, 10.4079293], [79.2185376, 10.4084015]]]}, "properties": {"osm_id": "1300588884", "name": "", "kind": "landuse", "landuse": "residential", "natural": null, "water": null, "waterway": null}}, {"type": "Feature", "geometry": {"type": "Polygon", "coordinates": [[[79.2129035, 10.4031232], [79.2135858, 10.4031051], [79.214054, 10.4030951], [79.214434, 10.4030869], [79.2151469, 10.4031051], [79.2151162, 10.4027061], [79.2153928, 10.4025791], [79.2154358, 10.4017872], [79.2151592, 10.4010436], [79.2148888, 10.4008804], [79.214686, 10.4005963], [79.2140836, 10.400693], [79.2138316, 10.4002819], [79.2135244, 10.4004134], [79.2135366, 10.4009953], [79.2135489, 10.4014063], [79.2137702, 10.4017086], [79.2136227, 10.4021318], [79.2135489, 10.4025126], [79.2137456, 10.4027605], [79.2128913, 10.4028693], [79.2129035, 10.4031232]]]}, "properties": {"osm_id": "1300590722", "name": "", "kind": "landuse", "landuse": "residential", "natural": null, "water": null, "waterway": null}}, {"type": "Feature", "geometry": {"type": "Polygon", "coordinates": [[[79.2296997, 10.4245738], [79.2296863, 10.4250196], [79.2300859, 10.4250064], [79.2309201, 10.425141], [79.2310247, 10.4244709], [79.2312553, 10.4243311], [79.2315611, 10.4244841], [79.2319635, 10.4244498], [79.2320144, 10.4245896], [79.2321861, 10.4245712], [79.2323604, 10.4251251], [79.2326769, 10.4251119], [79.2326608, 10.4248007], [79.2329693, 10.4247532], [79.2330122, 10.4240673], [79.233267, 10.4240805], [79.2332831, 10.4238457], [79.2341495, 10.4239539], [79.23493, 10.4239433], [79.2348871, 10.4236822], [79.2342353, 10.4237217], [79.2341897, 10.4232944], [79.2342862, 10.422809], [79.2334923, 10.4228591], [79.2333099, 10.422751], [79.2327564, 10.4226948], [79.2323809, 10.4216976], [79.2327779, 10.4215921], [79.2331342, 10.4218936], [79.2329921, 10.4220203], [79.2330032, 10.4222068], [79.2335567, 10.4221442], [79.233613, 10.4217222], [79.233325, 10.4217082], [79.2331195, 10.4215085], [79.2331078, 10.4212967], [79.2321878, 10.4212439], [79.2318981, 10.4210197], [79.2318016, 10.4202969], [79.2312299, 10.4202106], [79.2308627, 10.4202336], [79.2307287, 10.4207902], [79.2305365, 10.4211102], [79.2305097, 10.4214083], [79.230051, 10.4215032], [79.2301708, 10.4218374], [79.2297631, 10.421972], [79.2297654, 10.4224014], [79.2300098, 10.4226368], [79.2301708, 10.4229111], [79.230161, 10.4234052], [79.2299759, 10.4234606], [79.2300242, 10.4240172], [79.229646, 10.4241016], [79.2296997, 10.4245738]]]}, "properties": {"osm_id": "1300592536", "name": "", "kind": "landuse", "landuse": "residential", "natural": null, "water": null, "waterway": null}}, {"type": "Feature", "geometry": {"type": "Polygon", "coordinates": [[[78.909494, 10.8206804], [78.9095014, 10.8206937], [78.909513, 10.8207037], [78.9095273, 10.8207093], [78.9095427, 10.8207098], [78.9095573, 10.8207052], [78.9095696, 10.820696], [78.9095779, 10.8206833], [78.9095814, 10.8206685], [78.9095796, 10.8206535], [78.9095727, 10.8206399], [78.9095627, 10.8206302], [78.9095501, 10.820624], [78.9095361, 10.8206219], [78.9095222, 10.8206242], [78.9095097, 10.8206307], [78.9094998, 10.8206406], [78.9094936, 10.820653], [78.9094916, 10.8206667], [78.909494, 10.8206804]]]}, "properties": {"osm_id": "1300593876", "name": "", "kind": "landuse", "landuse": "forest", "natural": null, "water": null, "waterway": null}}, {"type": "Feature", "geometry": {"type": "Polygon", "coordinates": [[[78.9090671, 10.8201311], [78.909083, 10.8202249], [78.9091538, 10.8202701], [78.9091715, 10.8203275], [78.9092582, 10.8203275], [78.9093095, 10.8202684], [78.9093555, 10.8202788], [78.9094192, 10.8202354], [78.909506, 10.8201815], [78.9094564, 10.8200876], [78.9094511, 10.8200268], [78.9092989, 10.8199573], [78.9092193, 10.8199625], [78.9090954, 10.8199938], [78.9090441, 10.8200459], [78.9090671, 10.8201311]]]}, "properties": {"osm_id": "1300593882", "name": "", "kind": "landuse", "landuse": "forest", "natural": null, "water": null, "waterway": null}}, {"type": "Feature", "geometry": {"type": "Polygon", "coordinates": [[[79.0976303, 10.8274839], [79.0978596, 10.8274334], [79.097779, 10.8269343], [79.0975771, 10.8269583], [79.0976303, 10.8274839]]]}, "properties": {"osm_id": "1300602616", "name": "", "kind": "landuse", "landuse": "farmland", "natural": null, "water": null, "waterway": null}}, {"type": "Feature", "geometry": {"type": "Polygon", "coordinates": [[[79.0975771, 10.8269583], [79.097779, 10.8269343], [79.097703, 10.82632], [79.0975012, 10.826344], [79.0975771, 10.8269583]]]}, "properties": {"osm_id": "1300602624", "name": "", "kind": "landuse", "landuse": "farmland", "natural": null, "water": null, "waterway": null}}, {"type": "Feature", "geometry": {"type": "Polygon", "coordinates": [[[79.0975012, 10.826344], [79.097703, 10.82632], [79.097654, 10.825815], [79.0974517, 10.8258327], [79.0975012, 10.826344]]]}, "properties": {"osm_id": "1300602626", "name": "", "kind": "landuse", "landuse": "farmland", "natural": null, "water": null, "waterway": null}}, {"type": "Feature", "geometry": {"type": "Polygon", "coordinates": [[[79.0980447, 10.8277104], [79.0983028, 10.8275887], [79.0982156, 10.8269889], [79.0979453, 10.8270271], [79.0980447, 10.8277104]]]}, "properties": {"osm_id": "1300602630", "name": "", "kind": "landuse", "landuse": "farmland", "natural": null, "water": null, "waterway": null}}, {"type": "Feature", "geometry": {"type": "Polygon", "coordinates": [[[79.0978704, 10.826326], [79.0979463, 10.8270117], [79.0982156, 10.8269889], [79.0981621, 10.8263077], [79.0982101, 10.8267632], [79.0985578, 10.8267326], [79.0985476, 10.8262984], [79.0985362, 10.8258411], [79.0981507, 10.8258504], [79.0978272, 10.825855], [79.0978704, 10.826326]]]}, "properties": {"osm_id": "1300602632", "name": "", "kind": "landuse", "landuse": "farmland", "natural": null, "water": null, "waterway": null}}, {"type": "Feature", "geometry": {"type": "Polygon", "coordinates": [[[79.097701, 10.8277938], [79.0979424, 10.8277964], [79.0978596, 10.8274334], [79.0976303, 10.8274839], [79.097701, 10.8277938]]]}, "properties": {"osm_id": "1300602646", "name": "", "kind": "landuse", "landuse": "farmland", "natural": null, "water": null, "waterway": null}}, {"type": "Feature", "geometry": {"type": "Polygon", "coordinates": [[[79.0932443, 10.8278515], [79.0938053, 10.8277923], [79.0937242, 10.8270511], [79.0931632, 10.8271104], [79.0932443, 10.8278515]]]}, "properties": {"osm_id": "1300602648", "name": "", "kind": "landuse", "landuse": "farmland", "natural": null, "water": null, "waterway": null}}, {"type": "Feature", "geometry": {"type": "Polygon", "coordinates": [[[79.0932927, 10.8283734], [79.0939008, 10.8283737], [79.0938421, 10.8278507], [79.0938053, 10.8277923], [79.0932443, 10.8278515], [79.0932927, 10.8283734]]]}, "properties": {"osm_id": "1300602650", "name": "", "kind": "landuse", "landuse": "farmland", "natural": null, "water": null, "waterway": null}}, {"type": "Feature", "geometry": {"type": "Polygon", "coordinates": [[[79.0938053, 10.8277923], [79.0940636, 10.8276854], [79.0940069, 10.8270562], [79.0937242, 10.8270511], [79.0938053, 10.8277923]]]}, "properties": {"osm_id": "1300602652", "name": "", "kind": "landuse", "landuse": "farmland", "natural": null, "water": null, "waterway": null}}, {"type": "Feature", "geometry": {"type": "Polygon", "coordinates": [[[79.0940636, 10.8276854], [79.0943007, 10.8276854], [79.0942476, 10.8270597], [79.0940069, 10.8270562], [79.0940636, 10.8276854]]]}, "properties": {"osm_id": "1300602654", "name": "", "kind": "landuse", "landuse": "farmland", "natural": null, "water": null, "waterway": null}}, {"type": "Feature", "geometry": {"type": "Polygon", "coordinates": [[[79.0944175, 10.8274734], [79.0949271, 10.8274317], [79.0948811, 10.8269172], [79.0943821, 10.8269937], [79.0944175, 10.8274734]]]}, "properties": {"osm_id": "1300602656", "name": "", "kind": "landuse", "landuse": "farmland", "natural": null, "water": null, "waterway": null}}, {"type": "Feature", "geometry": {"type": "Polygon", "coordinates": [[[79.0948972, 10.826849], [79.095097, 10.8268511], [79.0950333, 10.8260794], [79.0948746, 10.8260973], [79.0948972, 10.826849]]]}, "properties": {"osm_id": "1300602658", "name": "", "kind": "landuse", "landuse": "farmland", "natural": null, "water": null, "waterway": null}}, {"type": "Feature", "geometry": {"type": "Polygon", "coordinates": [[[79.0950121, 10.8258569], [79.0950085, 10.8257109], [79.0948776, 10.8257214], [79.0948677, 10.8258663], [79.0950121, 10.8258569]]]}, "properties": {"osm_id": "1300602660", "name": "", "kind": "landuse", "landuse": "farmland", "natural": null, "water": null, "waterway": null}}, {"type": "Feature", "geometry": {"type": "Polygon", "coordinates": [[[79.0948746, 10.8260973], [79.0950333, 10.8260794], [79.0950121, 10.8258569], [79.0948677, 10.8258663], [79.0948746, 10.8260973]]]}, "properties": {"osm_id": "1300602662", "name": "", "kind": "landuse", "landuse": "farmland", "natural": null, "water": null, "waterway": null}}, {"type": "Feature", "geometry": {"type": "Polygon", "coordinates": [[[79.0936056, 10.8258198], [79.0935995, 10.8253658], [79.0930018, 10.8254415], [79.0929987, 10.8258621], [79.0936056, 10.8258198]]]}, "properties": {"osm_id": "1300602672", "name": "", "kind": "landuse", "landuse": "farmland", "natural": null, "water": null, "waterway": null}}, {"type": "Feature", "geometry": {"type": "Polygon", "coordinates": [[[79.0936056, 10.8258198], [79.0940185, 10.8258258], [79.0940248, 10.8255614], [79.0940277, 10.8254385], [79.0935995, 10.8253658], [79.0936056, 10.8258198]]]}, "properties": {"osm_id": "1300602674", "name": "", "kind": "landuse", "landuse": "farmland", "natural": null, "water": null, "waterway": null}}, {"type": "Feature", "geometry": {"type": "Polygon", "coordinates": [[[79.0945926, 10.8258398], [79.0946111, 10.8256159], [79.0940248, 10.8255614], [79.0940185, 10.8258258], [79.0945926, 10.8258398]]]}, "properties": {"osm_id": "1300602676", "name": "", "kind": "landuse", "landuse": "farmland", "natural": null, "water": null, "waterway": null}}, {"type": "Feature", "geometry": {"type": "Polygon", "coordinates": [[[79.100675, 10.8308152], [79.1012236, 10.830989], [79.101167, 10.8297654], [79.1009298, 10.8297376], [79.1008732, 10.8299913], [79.1008484, 10.830193], [79.1008874, 10.8304537], [79.1008661, 10.8306136], [79.1007387, 10.8306727], [79.1006609, 10.8306727], [79.100675, 10.8308152]]]}, "properties": {"osm_id": "1300602678", "name": "", "kind": "landuse", "landuse": "farmland", "natural": null, "water": null, "waterway": null}}, {"type": "Feature", "geometry": {"type": "Polygon", "coordinates": [[[79.091152, 10.8270516], [79.0917128, 10.8270213], [79.0916696, 10.8265069], [79.0911089, 10.8265735], [79.091152, 10.8270516]]]}, "properties": {"osm_id": "1300602680", "name": "", "kind": "landuse", "landuse": "farmland", "natural": null, "water": null, "waterway": null}}, {"type": "Feature", "geometry": {"type": "Polygon", "coordinates": [[[79.0906036, 10.8271], [79.091152, 10.8270516], [79.0911089, 10.8265735], [79.0906036, 10.8266279], [79.0906036, 10.8271]]]}, "properties": {"osm_id": "1300602682", "name": "", "kind": "landuse", "landuse": "farmland", "natural": null, "water": null, "waterway": null}}, {"type": "Feature", "geometry": {"type": "Polygon", "coordinates": [[[79.0907884, 10.8280684], [79.0916565, 10.8283734], [79.0915871, 10.8278698], [79.0907884, 10.8278324], [79.0907884, 10.8280684]]]}, "properties": {"osm_id": "1300602684", "name": "", "kind": "landuse", "landuse": "farmland", "natural": null, "water": null, "waterway": null}}, {"type": "Feature", "geometry": {"type": "Polygon", "coordinates": [[[79.0915871, 10.8278698], [79.0915042, 10.8272679], [79.0908501, 10.8273482], [79.0908123, 10.8276446], [79.0907884, 10.8278324], [79.0915871, 10.8278698]]]}, "properties": {"osm_id": "1300602686", "name": "", "kind": "landuse", "landuse": "farmland", "natural": null, "water": null, "waterway": null}}, {"type": "Feature", "geometry": {"type": "Polygon", "coordinates": [[[79.0907884, 10.8280684], [79.0908123, 10.8276446], [79.0905913, 10.8276508], [79.0905728, 10.8279897], [79.0907884, 10.8280684]]]}, "properties": {"osm_id": "1300602690", "name": "", "kind": "landuse", "landuse": "farmland", "natural": null, "water": null, "waterway": null}}, {"type": "Feature", "geometry": {"type": "Polygon", "coordinates": [[[79.0906036, 10.8276508], [79.0908123, 10.8276446], [79.0908501, 10.8273482], [79.0908364, 10.8273145], [79.0908131, 10.8272574], [79.0905851, 10.8272211], [79.0906036, 10.8276508]]]}, "properties": {"osm_id": "1300602694", "name": "", "kind": "landuse", "landuse": "farmland", "natural": null, "water": null, "waterway": null}}, {"type": "Feature", "geometry": {"type": "Polygon", "coordinates": [[[79.097055, 10.8265717], [79.0972724, 10.8265342], [79.0971985, 10.8258558], [79.0969803, 10.8259204], [79.097055, 10.8265717]]]}, "properties": {"osm_id": "1300602706", "name": "", "kind": "landuse", "landuse": "farmland", "natural": null, "water": null, "waterway": null}}, {"type": "Feature", "geometry": {"type": "Polygon", "coordinates": [[[79.0970746, 10.8267517], [79.0971391, 10.8273423], [79.0972178, 10.8273354], [79.0973604, 10.8273228], [79.0972724, 10.8265342], [79.097055, 10.8265717], [79.0970746, 10.8267517]]]}, "properties": {"osm_id": "1300602708", "name": "", "kind": "landuse", "landuse": "farmland", "natural": null, "water": null, "waterway": null}}, {"type": "Feature", "geometry": {"type": "Polygon", "coordinates": [[[79.0972745, 10.827801], [79.0973863, 10.8275577], [79.0973604, 10.8273228], [79.0972178, 10.8273354], [79.0972745, 10.827801]]]}, "properties": {"osm_id": "1300602710", "name": "", "kind": "landuse", "landuse": "farmland", "natural": null, "water": null, "waterway": null}}, {"type": "Feature", "geometry": {"type": "Polygon", "coordinates": [[[79.0970457, 10.8278881], [79.0972745, 10.827801], [79.0972178, 10.8273354], [79.097013, 10.8273744], [79.0970457, 10.8278881]]]}, "properties": {"osm_id": "1300602712", "name": "", "kind": "landuse", "landuse": "farmland", "natural": null, "water": null, "waterway": null}}, {"type": "Feature", "geometry": {"type": "Polygon", "coordinates": [[[79.4554482, 10.9414193], [79.4555472, 10.9414604], [79.4555966, 10.9414455], [79.4556956, 10.9413969], [79.4557945, 10.9413334], [79.4559125, 10.9412736], [79.4560228, 10.9413184], [79.4561104, 10.9413259], [79.4562131, 10.9412848], [79.4563501, 10.9412624], [79.4564529, 10.9412213], [79.4565784, 10.9411989], [79.4566165, 10.9411129], [79.4566127, 10.9410121], [79.4566127, 10.9409336], [79.4566393, 10.9408252], [79.4566469, 10.9407617], [79.4567535, 10.9408028], [79.4568144, 10.9408066], [79.4568486, 10.9407281], [79.4568677, 10.9406907], [79.4569247, 10.9406459], [79.4570275, 10.9406646], [79.4570123, 10.9405861], [79.4569742, 10.9405002], [79.4569552, 10.9403993], [79.4569704, 10.9402536], [79.4569818, 10.940149], [79.4569514, 10.9400593], [79.456803, 10.9400294], [79.4566698, 10.9400182], [79.4565099, 10.9399211], [79.4562245, 10.9398688], [79.456118, 10.9399248], [79.4560571, 10.9401191], [79.4560114, 10.9402274], [79.4559277, 10.9402162], [79.4558973, 10.9403096], [79.4558973, 10.9404441], [79.4558859, 10.9406459], [79.4558782, 10.940829], [79.4558516, 10.9409261], [79.4556689, 10.9409448], [79.4554901, 10.9409411], [79.4553873, 10.9410569], [79.4553417, 10.9413633], [79.4554482, 10.9414193]]]}, "properties": {"osm_id": "1300690526", "name": "", "kind": "landuse", "landuse": "farmland", "natural": null, "water": null, "waterway": null}}, {"type": "Feature", "geometry": {"type": "Polygon", "coordinates": [[[78.9405095, 10.7265938], [78.9405158, 10.7264499], [78.9404566, 10.7264407], [78.9404472, 10.7265999], [78.9405095, 10.7265938]]]}, "properties": {"osm_id": "1301256466", "name": "", "kind": "landuse", "landuse": "residential", "natural": null, "water": null, "waterway": null}}, {"type": "Feature", "geometry": {"type": "Polygon", "coordinates": [[[79.039718, 10.8503259], [79.0398382, 10.8505575], [79.0400314, 10.8507354], [79.0402745, 10.8508382], [79.0405388, 10.8508539], [79.0407928, 10.8507805], [79.0409219, 10.8506875], [79.0409281, 10.8507333], [79.0410072, 10.8508899], [79.0411334, 10.851013], [79.0412934, 10.8510896], [79.0414699, 10.8511114], [79.0416442, 10.8510762], [79.0417976, 10.8509876], [79.0418679, 10.8509071], [79.0418625, 10.8509509], [79.0426408, 10.8510427], [79.0427421, 10.8502147], [79.0419637, 10.850123], [79.0419371, 10.850341], [79.041937, 10.8503408], [79.0418314, 10.8501969], [79.0416836, 10.8500949], [79.04151, 10.850046], [79.0413297, 10.8500555], [79.0411625, 10.8501225], [79.0412071, 10.8499659], [79.0411556, 10.8498242], [79.0411924, 10.8498505], [79.0413549, 10.8499017], [79.0415256, 10.8499002], [79.0416872, 10.8498462], [79.0418313, 10.8497367], [79.0419298, 10.8495863], [79.0419715, 10.8494121], [79.0419514, 10.8492343], [79.041872, 10.8490733], [79.0417423, 10.8489476], [79.0415773, 10.8488718], [79.0413959, 10.8488546], [79.0412192, 10.8488979], [79.0410673, 10.8489967], [79.0409633, 10.8491296], [79.0409071, 10.8492879], [79.0409042, 10.8494555], [79.0409243, 10.8495188], [79.040777, 10.8494209], [79.0405442, 10.8493556], [79.0403023, 10.8493646], [79.0400753, 10.8494472], [79.0398857, 10.8495951], [79.0397433, 10.8498142], [79.0396851, 10.8500679], [79.039718, 10.8503259]]]}, "properties": {"osm_id": "1301296894", "name": "", "kind": "landuse", "landuse": "residential", "natural": null, "water": null, "waterway": null}}, {"type": "Feature", "geometry": {"type": "Polygon", "coordinates": [[[79.5237556, 11.0916552], [79.5237916, 11.0915214], [79.5238299, 11.091379], [79.5235267, 11.0913004], [79.5234523, 11.0915766], [79.5237556, 11.0916552]]]}, "properties": {"osm_id": "1302205444", "name": "", "kind": "landuse", "landuse": "farmland", "natural": null, "water": null, "waterway": null}}, {"type": "Feature", "geometry": {"type": "Polygon", "coordinates": [[[79.2906584, 10.4966322], [79.2907423, 10.4966199], [79.2907507, 10.4965168], [79.2906584, 10.4965374], [79.2906584, 10.4966322]]]}, "properties": {"osm_id": "1302260552", "name": "", "kind": "landuse", "landuse": "residential", "natural": null, "water": null, "waterway": null}}, {"type": "Feature", "geometry": {"type": "Polygon", "coordinates": [[[79.2756002, 10.7218495], [79.2762116, 10.7229865], [79.2763315, 10.7231671], [79.27645, 10.7233611], [79.2765734, 10.7235454], [79.2767066, 10.7237346], [79.2767522, 10.7238149], [79.2768017, 10.7239173], [79.2776737, 10.7236849], [79.2777858, 10.7250431], [79.2782893, 10.7254922], [79.2803221, 10.7252685], [79.2803708, 10.72562], [79.2813303, 10.7258277], [79.2815092, 10.7255241], [79.280875, 10.7249329], [79.2809075, 10.7242938], [79.2820296, 10.7242778], [79.2822965, 10.7241065], [79.2827234, 10.7238888], [79.2827701, 10.7238489], [79.2828047, 10.723747], [79.2828616, 10.7236831], [79.2834118, 10.722696], [79.2827288, 10.7209864], [79.2823873, 10.7202514], [79.28094, 10.7201236], [79.279883, 10.7203792], [79.2794108, 10.7190132], [79.2794567, 10.7189905], [79.27957, 10.718951], [79.2802995, 10.718922], [79.2808226, 10.7185978], [79.2813563, 10.717989], [79.2824426, 10.7166529], [79.2818767, 10.7154623], [79.2816891, 10.7145034], [79.2810332, 10.7145677], [79.2809427, 10.7155908], [79.2787011, 10.7160863], [79.279, 10.7173344], [79.2782341, 10.7175363], [79.2788082, 10.7192488], [79.2781162, 10.7200605], [79.2768261, 10.721618], [79.2755442, 10.7189312], [79.2743673, 10.7198306], [79.2756002, 10.7218495]]]}, "properties": {"osm_id": "1302461586", "name": "", "kind": "landuse", "landuse": "residential", "natural": null, "water": null, "waterway": null}}, {"type": "Feature", "geometry": {"type": "Polygon", "coordinates": [[[79.0910803, 10.7283746], [79.0914706, 10.7277355], [79.0910803, 10.7275198], [79.0912266, 10.7272242], [79.0905098, 10.7267953], [79.0895829, 10.7264039], [79.0891939, 10.7269526], [79.089389, 10.7270565], [79.0891289, 10.7274559], [79.0910803, 10.7283746]]]}, "properties": {"osm_id": "1302728332", "name": "", "kind": "landuse", "landuse": "industrial", "natural": null, "water": null, "waterway": null}}, {"type": "Feature", "geometry": {"type": "Polygon", "coordinates": [[[79.0905153, 10.7395097], [79.091182, 10.7393739], [79.0913528, 10.7387588], [79.0908443, 10.7378975], [79.0902678, 10.7379528], [79.0902195, 10.7382532], [79.0899942, 10.7384482], [79.0899907, 10.7389941], [79.0899531, 10.7394158], [79.0905153, 10.7395097]]]}, "properties": {"osm_id": "1302728354", "name": "", "kind": "landuse", "landuse": "residential", "natural": null, "water": null, "waterway": null}}, {"type": "Feature", "geometry": {"type": "Polygon", "coordinates": [[[79.0868537, 10.7319316], [79.0867571, 10.7332071], [79.0880016, 10.7332809], [79.0882806, 10.7327749], [79.0880982, 10.7326906], [79.0881411, 10.7320897], [79.0884844, 10.7321741], [79.0886776, 10.7314256], [79.0888492, 10.7314151], [79.0889887, 10.7306456], [79.0874503, 10.7299615], [79.0873257, 10.7306667], [79.0865103, 10.7306561], [79.0862958, 10.7309197], [79.0861348, 10.7318473], [79.0868537, 10.7319316]]]}, "properties": {"osm_id": "1302728366", "name": "", "kind": "landuse", "landuse": "residential", "natural": null, "water": null, "waterway": null}}, {"type": "Feature", "geometry": {"type": "Polygon", "coordinates": [[[79.080195, 10.7437203], [79.0804203, 10.7426451], [79.0819652, 10.7429297], [79.0827484, 10.7425186], [79.0828772, 10.7413697], [79.083478, 10.7414435], [79.0837999, 10.7409164], [79.0829094, 10.7406002], [79.0825124, 10.7402102], [79.0825875, 10.7397464], [79.0821154, 10.7392826], [79.0817614, 10.7383128], [79.0817077, 10.7380071], [79.081933, 10.7379333], [79.0820618, 10.7375012], [79.0816648, 10.7373641], [79.0815897, 10.7371428], [79.0818365, 10.7368898], [79.0817077, 10.7361941], [79.0810962, 10.7359411], [79.0806027, 10.7359622], [79.0796907, 10.7363943], [79.0797229, 10.7377647], [79.0799482, 10.7378385], [79.0797444, 10.7382812], [79.0797014, 10.7387871], [79.0800233, 10.7389031], [79.0802701, 10.7383971], [79.0805168, 10.7384604], [79.0802057, 10.738998], [79.0804846, 10.7392931], [79.0804095, 10.739915], [79.0809782, 10.7400731], [79.0810211, 10.7404315], [79.0803344, 10.7403156], [79.0798838, 10.7406423], [79.0798195, 10.7411589], [79.079519, 10.7413907], [79.0788217, 10.7414118], [79.07865, 10.7427927], [79.080195, 10.7437203]]]}, "properties": {"osm_id": "1302728402", "name": "", "kind": "landuse", "landuse": "residential", "natural": null, "water": null, "waterway": null}}, {"type": "Feature", "geometry": {"type": "Polygon", "coordinates": [[[79.2554719, 10.558138], [79.2556914, 10.5584577], [79.2561061, 10.5585057], [79.2563093, 10.5582738], [79.2567972, 10.5582579], [79.2571143, 10.5593449], [79.2569598, 10.5599684], [79.2569436, 10.5606159], [79.2566508, 10.5606319], [79.2566021, 10.5607837], [79.2563419, 10.5609436], [79.2563419, 10.5615271], [79.2558296, 10.561631], [79.2554881, 10.5613912], [79.2554963, 10.5623264], [79.2558947, 10.5632776], [79.2563093, 10.5633176], [79.2564801, 10.5636852], [79.2570689, 10.5634815], [79.2571631, 10.5633176], [79.2571092, 10.5630833], [79.2565593, 10.5630912], [79.2565432, 10.562519], [79.2568704, 10.5623984], [79.2570574, 10.5623584], [79.2575559, 10.562233], [79.2576347, 10.5626381], [79.2580006, 10.5626222], [79.2579681, 10.5622465], [79.2583502, 10.5622065], [79.258258, 10.561471], [79.2589482, 10.5614044], [79.2589728, 10.5615861], [79.2599033, 10.5616164], [79.2600389, 10.5621373], [79.260347, 10.5620646], [79.2602422, 10.5616103], [79.2609139, 10.561471], [79.260994, 10.5617739], [79.2612836, 10.5616346], [79.2611419, 10.5611196], [79.2604702, 10.5611136], [79.2604702, 10.5607865], [79.2590221, 10.5609803], [79.2589051, 10.5599444], [79.2583505, 10.5599808], [79.2582087, 10.5590116], [79.2578082, 10.5590358], [79.2576911, 10.5583876], [79.2584552, 10.5582786], [79.258486, 10.558424], [79.2595151, 10.558327], [79.260082, 10.5578848], [79.2600943, 10.5577031], [79.2604641, 10.5577152], [79.2605565, 10.5584785], [79.260957, 10.5583391], [79.2610578, 10.5586096], [79.2622043, 10.5584337], [79.2624889, 10.558074], [79.2628548, 10.5580341], [79.262871, 10.5576584], [79.2618465, 10.5577223], [79.2618709, 10.5574505], [79.26144, 10.5575225], [79.2613587, 10.5578742], [79.2610253, 10.5578422], [79.2607895, 10.5575385], [79.2602529, 10.5571788], [79.2591796, 10.5571868], [79.2588055, 10.5573626], [79.2584966, 10.5574585], [79.2581469, 10.5577063], [79.2570005, 10.5576344], [79.2569761, 10.5571548], [79.25635, 10.5571068], [79.2563419, 10.5575385], [79.2554719, 10.5574186], [79.2554719, 10.558138]]]}, "properties": {"osm_id": "1302816532", "name": "", "kind": "landuse", "landuse": "residential", "natural": null, "water": null, "waterway": null}}, {"type": "Feature", "geometry": {"type": "Polygon", "coordinates": [[[79.257056, 10.5652526], [79.2574707, 10.5655084], [79.2583732, 10.5652925], [79.2584383, 10.5658521], [79.2582513, 10.565932], [79.2583082, 10.5664435], [79.2590562, 10.5662997], [79.2590562, 10.5658041], [79.2586985, 10.5658041], [79.2586416, 10.5652925], [79.2595441, 10.5650528], [79.2595278, 10.564813], [79.2586416, 10.5649009], [79.2586334, 10.5645971], [79.2584871, 10.5646051], [79.2583001, 10.5639817], [79.2583895, 10.5639257], [79.2583082, 10.5637179], [79.2580968, 10.5637818], [79.2581537, 10.5640856], [79.2569178, 10.5645252], [79.257056, 10.5652526]]]}, "properties": {"osm_id": "1302816536", "name": "", "kind": "landuse", "landuse": "residential", "natural": null, "water": null, "waterway": null}}, {"type": "Feature", "geometry": {"type": "Polygon", "coordinates": [[[79.273582, 10.559609], [79.273464, 10.5598938], [79.2738502, 10.5600731], [79.2750841, 10.557816], [79.2740648, 10.5576156], [79.2732172, 10.5593981], [79.273582, 10.559609]]]}, "properties": {"osm_id": "1302816580", "name": "", "kind": "landuse", "landuse": "residential", "natural": null, "water": null, "waterway": null}}, {"type": "Feature", "geometry": {"type": "Polygon", "coordinates": [[[79.2742999, 10.5634672], [79.2748609, 10.5633313], [79.2750316, 10.5631875], [79.2749097, 10.5627319], [79.2727387, 10.5626679], [79.2723403, 10.5634752], [79.2742999, 10.5634672]]]}, "properties": {"osm_id": "1302816590", "name": "", "kind": "landuse", "landuse": "farmyard", "natural": null, "water": null, "waterway": null}}, {"type": "Feature", "geometry": {"type": "Polygon", "coordinates": [[[79.1141009, 10.8241254], [79.1144511, 10.8241483], [79.1146566, 10.8241437], [79.1149508, 10.8241071], [79.115273, 10.8241071], [79.1154131, 10.8241071], [79.1155766, 10.8240933], [79.115712, 10.8240979], [79.1158708, 10.8241529], [79.1159128, 10.82413], [79.1158801, 10.8240658], [79.1158755, 10.8240199], [79.1158708, 10.8239465], [79.1158941, 10.8238639], [79.1158988, 10.8237951], [79.1158988, 10.823708], [79.1159315, 10.8235979], [79.1159175, 10.8234144], [79.1159315, 10.8232309], [79.1159829, 10.8230842], [79.1159829, 10.8230108], [79.1158848, 10.8229466], [79.115684, 10.8228915], [79.1154879, 10.8228319], [79.1153758, 10.8227952], [79.1152824, 10.8227677], [79.1151656, 10.8227493], [79.1149882, 10.8226805], [79.1149134, 10.8226713], [79.1146706, 10.8226071], [79.1145959, 10.8226071], [79.1145539, 10.8226117], [79.1144231, 10.8225704], [79.1143297, 10.8225613], [79.1142176, 10.8225337], [79.1141195, 10.8225108], [79.1140635, 10.8241346], [79.1141009, 10.8241254]]]}, "properties": {"osm_id": "1303062614", "name": "", "kind": "landuse", "landuse": "farmland", "natural": null, "water": null, "waterway": null}}, {"type": "Feature", "geometry": {"type": "Polygon", "coordinates": [[[79.5268562, 11.0905144], [79.5273599, 11.09023], [79.5276924, 11.089111], [79.5263051, 11.0890691], [79.5257112, 11.089484], [79.5268562, 11.0905144]]]}, "properties": {"osm_id": "1303247220", "name": "", "kind": "landuse", "landuse": "residential", "natural": null, "water": null, "waterway": null}}, {"type": "Feature", "geometry": {"type": "Polygon", "coordinates": [[[79.276454, 10.9203788], [79.2767862, 10.9204191], [79.2768153, 10.9203283], [79.2769625, 10.9203418], [79.2769693, 10.920167], [79.2764044, 10.9202224], [79.276454, 10.9203788]]]}, "properties": {"osm_id": "1303249720", "name": "", "kind": "landuse", "landuse": "residential", "natural": null, "water": null, "waterway": null}}, {"type": "Feature", "geometry": {"type": "Polygon", "coordinates": [[[79.3886223, 10.9752606], [79.3888024, 10.975006], [79.3883803, 10.9746944], [79.3881188, 10.9749432], [79.3886223, 10.9752606]]]}, "properties": {"osm_id": "1303254560", "name": "", "kind": "landuse", "landuse": "grass", "natural": null, "water": null, "waterway": null}}, {"type": "Feature", "geometry": {"type": "Polygon", "coordinates": [[[79.0447522, 10.8137069], [79.0448214, 10.8137296], [79.0448715, 10.8137069], [79.04491, 10.8136615], [79.04496, 10.8136578], [79.0449869, 10.8137107], [79.0449869, 10.8137485], [79.0450909, 10.8137447], [79.0451986, 10.8137371], [79.0453487, 10.8137296], [79.0455258, 10.8137182], [79.0457066, 10.8137107], [79.045849, 10.813688], [79.045926, 10.8136729], [79.0459953, 10.8136729], [79.0460068, 10.813601], [79.0460145, 10.8135028], [79.0460261, 10.8134045], [79.046053, 10.8132835], [79.0460607, 10.8131928], [79.0460607, 10.8130983], [79.0460415, 10.8129924], [79.0460261, 10.8129093], [79.0460107, 10.8128525], [79.0459606, 10.8128299], [79.0459068, 10.8128488], [79.0458837, 10.8129017], [79.0458106, 10.8129206], [79.0457413, 10.8129508], [79.0457028, 10.8129282], [79.0456682, 10.8129471], [79.0456374, 10.812913], [79.0455065, 10.8129168], [79.0454796, 10.8128563], [79.0454026, 10.8128714], [79.0453487, 10.8129055], [79.0452563, 10.8129055], [79.0451563, 10.8129055], [79.045037, 10.8129055], [79.0449985, 10.8128903], [79.0449677, 10.8128752], [79.0449061, 10.812879], [79.0448522, 10.8129093], [79.044783, 10.8129244], [79.0447637, 10.8129773], [79.044756, 10.8131663], [79.0447445, 10.8133364], [79.0447252, 10.8135217], [79.044706, 10.8136351], [79.0446867, 10.813688], [79.0447522, 10.8137069]]]}, "properties": {"osm_id": "1303254766", "name": "", "kind": "landuse", "landuse": "farmland", "natural": null, "water": null, "waterway": null}}, {"type": "Feature", "geometry": {"type": "Polygon", "coordinates": [[[79.0460107, 10.8088805], [79.0468157, 10.8144663], [79.0460168, 10.8144868], [79.0460257, 10.8144254], [79.0460774, 10.8141965], [79.0460464, 10.8141355], [79.0459894, 10.8141355], [79.0459584, 10.8140948], [79.0459791, 10.8140185], [79.0459066, 10.8139321], [79.0458755, 10.8138659], [79.0457927, 10.8138609], [79.0456218, 10.8138659], [79.0454768, 10.813871], [79.0453422, 10.8138659], [79.0452283, 10.813871], [79.0451092, 10.813871], [79.0450729, 10.8138914], [79.0450263, 10.8139015], [79.0449953, 10.8138761], [79.0449176, 10.8138609], [79.0448296, 10.8139066], [79.044814, 10.8139931], [79.0448, 10.8140896], [79.0448, 10.8141999], [79.0448, 10.8142965], [79.044814, 10.814347], [79.0448178, 10.8144468], [79.0448155, 10.8145177], [79.0443994, 10.8145284], [79.044359, 10.8144048], [79.0442348, 10.8145326], [79.0438909, 10.8145414], [79.0439011, 10.8144141], [79.0439093, 10.8141336], [79.0439134, 10.8139172], [79.0439297, 10.8136568], [79.0439379, 10.8135005], [79.0438114, 10.8135165], [79.0436034, 10.8135846], [79.043326, 10.8137409], [79.0432933, 10.8139733], [79.0432729, 10.8142258], [79.0433056, 10.814366], [79.043481, 10.8143339], [79.0435789, 10.8143099], [79.0436401, 10.8144101], [79.0436278, 10.8145183], [79.0436926, 10.8145465], [79.0378761, 10.814696], [79.0377796, 10.8173727], [79.0385198, 10.8176888], [79.0406549, 10.8190904], [79.0422642, 10.8199229], [79.0444744, 10.8203023], [79.0464806, 10.8199334], [79.0487766, 10.8196173], [79.0487675, 10.8194169], [79.0593767, 10.8179417], [79.058262, 10.8102073], [79.064792, 10.8094762], [79.0652239, 10.8115766], [79.0644407, 10.811956], [79.0645802, 10.8130098], [79.0650737, 10.8130941], [79.0651059, 10.8139583], [79.064945, 10.8142217], [79.0646446, 10.8152756], [79.0635717, 10.8154231], [79.0635073, 10.817183], [79.066565, 10.8168985], [79.0687752, 10.8163083], [79.0695155, 10.8191325], [79.0721011, 10.8183422], [79.0742254, 10.818026], [79.0749442, 10.818026], [79.0747082, 10.8095322], [79.0743863, 10.80949], [79.0743649, 10.8082992], [79.0726912, 10.808668], [79.0728092, 10.8098589], [79.069848, 10.8098167], [79.0692043, 10.8098272], [79.0691974, 10.8089829], [79.070127, 10.8088788], [79.0696476, 10.8047477], [79.0725517, 10.8044315], [79.0737319, 10.8080094], [79.078474, 10.8063074], [79.079166, 10.8066183], [79.0790909, 10.8089683], [79.0805662, 10.8089315], [79.0804267, 10.8127885], [79.0882051, 10.8128201], [79.0883471, 10.8068664], [79.0949459, 10.8067234], [79.0964341, 10.8107336], [79.096756, 10.811956], [79.1098451, 10.8121668], [79.1099524, 10.8087523], [79.1092014, 10.8045158], [79.1095447, 10.7995837], [79.1068196, 10.7960637], [79.1020989, 10.7892344], [79.0984297, 10.7891374], [79.0984297, 10.7859672], [79.0947611, 10.7855433], [79.0947793, 10.7843941], [79.0776951, 10.7841335], [79.0777017, 10.7813966], [79.0760956, 10.7813928], [79.0760708, 10.7777465], [79.0376401, 10.7779994], [79.0376871, 10.7849003], [79.0387344, 10.7856669], [79.0387773, 10.7858935], [79.0392977, 10.7859251], [79.0410818, 10.7853832], [79.0404832, 10.7881699], [79.0408759, 10.7900297], [79.0339494, 10.8023238], [79.0460107, 10.8088805]]]}, "properties": {"osm_id": "1303254768", "name": "", "kind": "landuse", "landuse": "farmland", "natural": null, "water": null, "waterway": null}}, {"type": "Feature", "geometry": {"type": "Polygon", "coordinates": [[[79.3450277, 10.8064574], [79.3451128, 10.8065745], [79.3451278, 10.8066361], [79.3451063, 10.8066639], [79.3451182, 10.8067284], [79.345148, 10.8070039], [79.3452196, 10.8070566], [79.3452325, 10.8071391], [79.3451315, 10.8072235], [79.3451163, 10.8074716], [79.3451719, 10.8076453], [79.3453436, 10.8079133], [79.3454548, 10.8081664], [79.3455306, 10.8084741], [79.3456518, 10.8085138], [79.3458943, 10.8089356], [79.346056, 10.8089257], [79.3460711, 10.8089688], [79.346147, 10.8089406], [79.3462278, 10.8089654], [79.3464198, 10.8089505], [79.346418, 10.8088998], [79.3466493, 10.8089025], [79.3467003, 10.8089143], [79.3467312, 10.8090105], [79.3467607, 10.8090685], [79.3467982, 10.8090737], [79.3468881, 10.8090764], [79.346935, 10.8090474], [79.3471918, 10.8089653], [79.3473444, 10.8089903], [79.3474589, 10.8089403], [79.3475606, 10.8089465], [79.347764, 10.8088466], [79.3479103, 10.8088029], [79.348273, 10.808625], [79.3484249, 10.8085865], [79.3486081, 10.8084271], [79.3487181, 10.8084219], [79.3489223, 10.8083293], [79.3491317, 10.8082213], [79.3492051, 10.8082831], [79.3493517, 10.8080979], [79.349758, 10.8080041], [79.3497205, 10.8075035], [79.3497576, 10.8049821], [79.3495906, 10.8049275], [79.3494608, 10.8050004], [79.3491949, 10.8050611], [79.3490094, 10.80497], [79.348595, 10.8048424], [79.3485012, 10.804382], [79.3485659, 10.8041194], [79.3485271, 10.8041194], [79.3483805, 10.8040304], [79.348001, 10.8039669], [79.3476172, 10.80395], [79.3475568, 10.8039203], [79.3469919, 10.8039542], [79.3469186, 10.8038737], [79.3468755, 10.8038186], [79.3468324, 10.8038822], [79.3467418, 10.8039711], [79.3466383, 10.803933], [79.3464399, 10.8039754], [79.3463709, 10.804149], [79.3462674, 10.8042126], [79.3460648, 10.8048607], [79.3459656, 10.8051275], [79.3458966, 10.8051487], [79.3457605, 10.8052576], [79.3457322, 10.8052547], [79.3451268, 10.8056311], [79.3450032, 10.8059508], [79.3450277, 10.8064574]]]}, "properties": {"osm_id": "1303255900", "name": "", "kind": "landuse", "landuse": "farmland", "natural": null, "water": null, "waterway": null}}, {"type": "Feature", "geometry": {"type": "Polygon", "coordinates": [[[79.3468081, 10.80965], [79.3471834, 10.8098263], [79.3477946, 10.8100722], [79.3485054, 10.8102593], [79.3490097, 10.8103989], [79.3492109, 10.8104411], [79.3494549, 10.8106097], [79.3497553, 10.8107441], [79.3499753, 10.8107256], [79.350045, 10.8104543], [79.3500343, 10.8098931], [79.3499485, 10.8093135], [79.3498144, 10.8083966], [79.3497661, 10.8081727], [79.3496293, 10.8082359], [79.3495059, 10.8083808], [79.3491787, 10.8085494], [79.3490311, 10.8085863], [79.3488642, 10.8085119], [79.3485031, 10.8086219], [79.3483936, 10.8087588], [79.3483139, 10.8087393], [79.3480848, 10.8088273], [79.3477164, 10.8090816], [79.3474375, 10.8091305], [79.3472782, 10.809199], [79.347308, 10.8092675], [79.3472383, 10.8093262], [79.3471786, 10.8092479], [79.3469396, 10.8092675], [79.3468499, 10.8091697], [79.3466109, 10.8091599], [79.3463321, 10.8091403], [79.3462658, 10.8091422], [79.3462624, 10.809199], [79.3462043, 10.8093134], [79.3468081, 10.80965]]]}, "properties": {"osm_id": "1303255918", "name": "", "kind": "landuse", "landuse": "farmland", "natural": null, "water": null, "waterway": null}}, {"type": "Feature", "geometry": {"type": "Polygon", "coordinates": [[[79.3574068, 10.8042628], [79.357438, 10.8042804], [79.3574982, 10.8044139], [79.3574447, 10.8044358], [79.3574581, 10.8046416], [79.3582315, 10.8045672], [79.3588534, 10.8045365], [79.3588713, 10.8045168], [79.3591477, 10.8044927], [79.3591304, 10.8045243], [79.3592956, 10.804802], [79.3593507, 10.8050545], [79.3594241, 10.8053647], [79.3597252, 10.8053286], [79.3597987, 10.8053106], [79.3599418, 10.805242], [79.3601291, 10.8051375], [79.3603017, 10.8050689], [79.3604265, 10.8050942], [79.3606982, 10.8050329], [79.3608928, 10.8048597], [79.3608166, 10.8043353], [79.3607421, 10.8036835], [79.3608031, 10.8035038], [79.3607008, 10.8033201], [79.3603755, 10.8034223], [79.3602671, 10.8033201], [79.3602064, 10.803286], [79.3601674, 10.8032051], [79.3600113, 10.8031923], [79.3599333, 10.8032647], [79.3598942, 10.8033712], [79.3598899, 10.8034777], [79.3598856, 10.8035415], [79.3597902, 10.8035543], [79.3597251, 10.8035288], [79.3597251, 10.8034095], [79.3596991, 10.8033627], [79.3596861, 10.8033073], [79.3595343, 10.8032391], [79.3594433, 10.8031923], [79.3591918, 10.8032264], [79.3591352, 10.8033166], [79.3591648, 10.803336], [79.3591517, 10.803378], [79.3591319, 10.8034265], [79.359076, 10.8034362], [79.3590234, 10.8034135], [79.3588969, 10.8034436], [79.3588189, 10.8034138], [79.3585977, 10.8034095], [79.358537, 10.8034691], [79.3582682, 10.8034904], [79.3582438, 10.8034523], [79.3581451, 10.8034071], [79.3580123, 10.8034308], [79.357982, 10.8034138], [79.3579083, 10.803418], [79.3577869, 10.8035245], [79.3578259, 10.8037119], [79.3579603, 10.8038227], [79.358008, 10.8039078], [79.3579847, 10.8039852], [79.3576275, 10.8039826], [79.3574023, 10.8039694], [79.3574068, 10.8042628]]]}, "properties": {"osm_id": "1303255928", "name": "", "kind": "landuse", "landuse": "farmland", "natural": null, "water": null, "waterway": null}}, {"type": "Feature", "geometry": {"type": "Polygon", "coordinates": [[[79.3541803, 10.8057885], [79.3541803, 10.806675], [79.354224, 10.8070517], [79.3545531, 10.8069482], [79.3546029, 10.8067917], [79.3549117, 10.8067623], [79.355111, 10.806733], [79.355101, 10.8066547], [79.3552803, 10.806547], [79.3554098, 10.8065862], [79.3554995, 10.8063905], [79.3556489, 10.806322], [79.356137, 10.8059991], [79.3566052, 10.8058229], [79.3577162, 10.805812], [79.3574389, 10.8047892], [79.3569041, 10.8048444], [79.3565455, 10.8049618], [79.3563462, 10.8049814], [79.3561769, 10.8050988], [79.3558681, 10.8049716], [79.3554795, 10.805001], [79.3554596, 10.8053141], [79.3554297, 10.8056664], [79.3547822, 10.8057055], [79.3547025, 10.8053239], [79.3541347, 10.8053924], [79.3540746, 10.805477], [79.3541803, 10.8057885]]]}, "properties": {"osm_id": "1303255934", "name": "", "kind": "landuse", "landuse": "farmland", "natural": null, "water": null, "waterway": null}}, {"type": "Feature", "geometry": {"type": "Polygon", "coordinates": [[[78.9759693, 10.8413482], [78.975921, 10.8413946], [78.9759818, 10.8415012], [78.9759331, 10.8415673], [78.9761646, 10.8415305], [78.9762191, 10.841477], [78.9762362, 10.8407746], [78.9762157, 10.8407578], [78.9760097, 10.8406709], [78.9759169, 10.8411626], [78.9759158, 10.8412955], [78.9759693, 10.8413482]]]}, "properties": {"osm_id": "1303256418", "name": "", "kind": "landuse", "landuse": "farmland", "natural": null, "water": null, "waterway": null}}, {"type": "Feature", "geometry": {"type": "Polygon", "coordinates": [[[78.9762508, 10.8414067], [78.9762583, 10.8414361], [78.9762321, 10.8414691], [78.9762471, 10.8415169], [78.9762564, 10.8414985], [78.9762677, 10.8415242], [78.97632, 10.8415206], [78.9764229, 10.8415022], [78.9765183, 10.841482], [78.9765501, 10.8414563], [78.9765725, 10.8414746], [78.976595, 10.8414508], [78.9766099, 10.8414159], [78.9765931, 10.8413901], [78.9765987, 10.841324], [78.9765781, 10.8412891], [78.9765875, 10.8412616], [78.9765893, 10.8412358], [78.9765912, 10.8412083], [78.976565, 10.841166], [78.9765725, 10.841144], [78.9765594, 10.8411311], [78.9765576, 10.8410962], [78.9765332, 10.8410301], [78.9765071, 10.8410356], [78.9765201, 10.8410062], [78.9764977, 10.8409474], [78.976464, 10.8409015], [78.9764285, 10.8408758], [78.9764042, 10.8408391], [78.9764042, 10.8408005], [78.9763874, 10.8407784], [78.9763705, 10.8407931], [78.9763144, 10.8407601], [78.976292, 10.8407784], [78.9762489, 10.8407711], [78.9762321, 10.8413883], [78.9762508, 10.8414067]]]}, "properties": {"osm_id": "1303256420", "name": "", "kind": "landuse", "landuse": "farmland", "natural": null, "water": null, "waterway": null}}, {"type": "Feature", "geometry": {"type": "Polygon", "coordinates": [[[78.9795067, 10.843453], [78.9796459, 10.843414], [78.979911, 10.8434465], [78.9802754, 10.8434075], [78.980514, 10.843427], [78.9803682, 10.8432122], [78.9802953, 10.8430039], [78.9795266, 10.8429128], [78.9795465, 10.8429909], [78.9794868, 10.8430755], [78.9795266, 10.8432122], [78.9794736, 10.8432578], [78.9794471, 10.8433944], [78.9795067, 10.843453]]]}, "properties": {"osm_id": "1303256470", "name": "", "kind": "landuse", "landuse": "farmland", "natural": null, "water": null, "waterway": null}}, {"type": "Feature", "geometry": {"type": "Polygon", "coordinates": [[[78.9817996, 10.8434726], [78.9819521, 10.8434921], [78.9820912, 10.8433944], [78.9821774, 10.8433619], [78.9822304, 10.8432382], [78.9822304, 10.8431146], [78.982237, 10.8429909], [78.9822503, 10.8429193], [78.9820581, 10.8429519], [78.9818659, 10.8429454], [78.9818195, 10.843082], [78.9818261, 10.8431732], [78.9818195, 10.8433033], [78.9817731, 10.8433814], [78.9817996, 10.8434726]]]}, "properties": {"osm_id": "1303256472", "name": "", "kind": "landuse", "landuse": "farmland", "natural": null, "water": null, "waterway": null}}, {"type": "Feature", "geometry": {"type": "Polygon", "coordinates": [[[78.9794139, 10.8428347], [78.9802688, 10.8429258], [78.9802754, 10.8426199], [78.9795862, 10.8424051], [78.9794007, 10.8424702], [78.9793941, 10.8425548], [78.9793543, 10.8426004], [78.9794139, 10.8428347]]]}, "properties": {"osm_id": "1303256474", "name": "", "kind": "landuse", "landuse": "farmland", "natural": null, "water": null, "waterway": null}}, {"type": "Feature", "geometry": {"type": "Polygon", "coordinates": [[[78.9339889, 10.8477466], [78.9339733, 10.8489641], [78.9370566, 10.8490021], [78.9371114, 10.8447083], [78.9541483, 10.8449182], [78.9542091, 10.8401548], [78.9572465, 10.8401922], [78.9573248, 10.834062], [78.9415097, 10.8338671], [78.9415615, 10.8298095], [78.9484244, 10.8298941], [78.9484273, 10.8296632], [78.9496746, 10.8296785], [78.9496778, 10.8294263], [78.950061, 10.829431], [78.9500717, 10.8285943], [78.948476, 10.8285747], [78.9485018, 10.8265554], [78.9473259, 10.8265409], [78.9473563, 10.8241606], [78.9507166, 10.8242322], [78.9506883, 10.8264459], [78.9491358, 10.8264267], [78.9491103, 10.8284231], [78.9586383, 10.8285406], [78.9586305, 10.8291526], [78.9632493, 10.8292096], [78.9632786, 10.826913], [78.9709989, 10.8270082], [78.9729464, 10.8265404], [78.9718294, 10.8234848], [78.9881379, 10.8192612], [78.9890789, 10.8227667], [78.9716577, 10.8272784], [78.9720131, 10.8286023], [78.9671234, 10.8298686], [78.967841, 10.8325415], [78.9646973, 10.8333557], [78.9664435, 10.8398603], [78.9727388, 10.8382301], [78.9716435, 10.8341502], [78.9777316, 10.8325735], [78.9786139, 10.8358603], [78.9851939, 10.8341563], [78.9862446, 10.8380701], [78.985862, 10.8381692], [78.985997, 10.8386721], [78.9858752, 10.8386997], [78.9857036, 10.8386154], [78.9854139, 10.8386892], [78.9849633, 10.8386575], [78.9845127, 10.8387208], [78.9845771, 10.8388472], [78.9844054, 10.8389526], [78.9842337, 10.8391633], [78.983987, 10.839079], [78.9837724, 10.8390264], [78.98359, 10.8389315], [78.9833218, 10.8391001], [78.9831072, 10.839058], [78.9832252, 10.8394057], [78.9840192, 10.8394268], [78.9842874, 10.8395638], [78.9840513, 10.8396797], [78.983826, 10.8397745], [78.9839011, 10.8401117], [78.9838154, 10.8404624], [78.9838949, 10.8405103], [78.9838118, 10.8411796], [78.9838461, 10.8413145], [78.9838118, 10.8416179], [78.9840006, 10.8417022], [78.984155, 10.8418202], [78.9841917, 10.8417986], [78.9843266, 10.841719], [78.9844307, 10.8417252], [78.9844698, 10.842019], [78.9844483, 10.8421876], [78.9844376, 10.8424721], [78.9843732, 10.8425564], [78.9842552, 10.8425775], [78.9842337, 10.8426828], [78.9843517, 10.8427144], [78.9845234, 10.8429463], [78.9847594, 10.8430411], [78.9849633, 10.8429989], [78.9850813, 10.8430727], [78.9856392, 10.8431359], [78.9861649, 10.8432518], [78.9862937, 10.8429989], [78.9862293, 10.8425985], [78.9860898, 10.8422403], [78.9859074, 10.8418609], [78.9860254, 10.8416607], [78.9860791, 10.8411128], [78.9860469, 10.840628], [78.9860469, 10.8401539], [78.9862186, 10.8401222], [78.9863688, 10.8402487], [78.9864182, 10.840241], [78.9865016, 10.8405517], [78.9868842, 10.8404526], [78.9877901, 10.8438268], [78.9799133, 10.843793], [78.9799189, 10.8435905], [78.9787817, 10.8438856], [78.9767218, 10.8436432], [78.9765394, 10.8433903], [78.9767003, 10.8420099], [78.9744472, 10.8416517], [78.9739966, 10.8416622], [78.9734816, 10.8412723], [78.972677, 10.8410089], [78.9719903, 10.8413356], [78.9717007, 10.8415042], [78.9713144, 10.8411564], [78.9707351, 10.8411986], [78.9704668, 10.8413039], [78.9700484, 10.841188], [78.9694476, 10.8415674], [78.9686108, 10.8416728], [78.9681065, 10.8419889], [78.9678383, 10.8419836], [78.9674628, 10.8416886], [78.9672026, 10.8414857], [78.9669853, 10.8414646], [78.9665455, 10.8415595], [78.966068, 10.8416912], [78.9657274, 10.8418229], [78.965368, 10.8418308], [78.9648208, 10.8417966], [78.9645982, 10.8419098], [78.964515, 10.842031], [78.9649629, 10.8437697], [78.9650166, 10.8441806], [78.9642119, 10.8451606], [78.9637935, 10.8458034], [78.9637613, 10.8464988], [78.9638901, 10.846757], [78.9630961, 10.8475262], [78.9625436, 10.8478739], [78.9623988, 10.848032], [78.96249, 10.8483112], [78.9628011, 10.8484218], [78.9637774, 10.8480846], [78.9641529, 10.8479213], [78.9642924, 10.8477369], [78.9643407, 10.8482427], [78.9661753, 10.8483059], [78.9662129, 10.8474366], [78.967849, 10.8474893], [78.9697534, 10.8474261], [78.9706975, 10.8475104], [78.9706975, 10.8485167], [78.9714754, 10.8483639], [78.9732563, 10.8479635], [78.9744365, 10.8497126], [78.9763677, 10.8503132], [78.9761118, 10.8508449], [78.9792216, 10.851662], [78.9816892, 10.8522731], [78.9829552, 10.8526103], [78.9829981, 10.8522626], [78.9850581, 10.8530739], [78.9852297, 10.8523996], [78.9858305, 10.8524733], [78.9866567, 10.8523047], [78.986603, 10.8519043], [78.9883089, 10.8515039], [78.9892101, 10.8520413], [78.9903688, 10.8522415], [78.9914417, 10.8523469], [78.9917259, 10.8493769], [78.9941657, 10.8493874], [78.9941454, 10.8545491], [78.9964806, 10.854558], [78.9964844, 10.8548514], [79.0012801, 10.8547914], [79.0011513, 10.8448655], [78.9965654, 10.8449229], [78.9965701, 10.8438645], [78.9948471, 10.8438571], [78.9917846, 10.8324495], [78.9954757, 10.8314935], [78.9947225, 10.8286879], [78.9972353, 10.8280372], [78.9982223, 10.8251814], [79.0005398, 10.8258242], [79.0016878, 10.8230738], [78.9999926, 10.8224837], [79.0007114, 10.8196068], [78.9963126, 10.8185319], [78.9973338, 10.8147881], [78.9947034, 10.8125892], [78.993045, 10.8116377], [78.9916798, 10.8098885], [78.9796829, 10.8126305], [78.9792967, 10.8119033], [78.9773118, 10.812093], [78.9772904, 10.8110497], [78.9739215, 10.8111024], [78.9736426, 10.81223], [78.971011, 10.8152415], [78.9693966, 10.8152217], [78.9694426, 10.8116187], [78.9707184, 10.8116344], [78.9707342, 10.8103966], [78.9712193, 10.8104026], [78.9712677, 10.8066136], [78.9679542, 10.8065728], [78.9679673, 10.8055469], [78.9617257, 10.80547], [78.9616587, 10.8107171], [78.9508985, 10.8105845], [78.9508121, 10.8173495], [78.954424, 10.817394], [78.954407, 10.8187271], [78.9516739, 10.8186935], [78.9516464, 10.8208489], [78.9487134, 10.821105], [78.9482582, 10.8197754], [78.9483118, 10.8194592], [78.9486337, 10.8187426], [78.9496851, 10.8181103], [78.9492881, 10.8166877], [78.9487517, 10.8165507], [78.9487624, 10.816087], [78.9484298, 10.8159816], [78.9484526, 10.8153545], [78.9500185, 10.8154093], [78.9505219, 10.8123301], [78.9494544, 10.8125778], [78.9489872, 10.8123164], [78.9485907, 10.811545], [78.9456296, 10.814258], [78.9356732, 10.815813], [78.9327979, 10.8164559], [78.9290321, 10.816724], [78.9288421, 10.8315955], [78.9336048, 10.8316542], [78.9336152, 10.8308375], [78.9372231, 10.830882], [78.9371413, 10.8372904], [78.9300386, 10.8372028], [78.9300056, 10.8397863], [78.9267575, 10.8397462], [78.9266564, 10.8476563], [78.9339889, 10.8477466]]]}, "properties": {"osm_id": "1303256478", "name": "", "kind": "landuse", "landuse": "farmland", "natural": null, "water": null, "waterway": null}}, {"type": "Feature", "geometry": {"type": "Polygon", "coordinates": [[[78.9789337, 10.8421033], [78.9790732, 10.8423878], [78.9793307, 10.8424194], [78.9795774, 10.8423351], [78.9801139, 10.8424826], [78.9801997, 10.8422192], [78.9803714, 10.8423035], [78.9804143, 10.8421665], [78.980307, 10.8420822], [78.9804786, 10.8420506], [78.9808005, 10.8418609], [78.9808541, 10.8417239], [78.981294, 10.8417766], [78.9814657, 10.8419031], [78.9817125, 10.8417239], [78.981927, 10.8417134], [78.9821309, 10.8419874], [78.9823991, 10.8417661], [78.9824742, 10.8408915], [78.9822489, 10.8406913], [78.98256, 10.8407756], [78.9829034, 10.8408177], [78.9830106, 10.8409547], [78.983075, 10.8411022], [78.9832038, 10.8411654], [78.9833862, 10.8410917], [78.9835364, 10.841176], [78.9837295, 10.8411338], [78.9837724, 10.840765], [78.9838154, 10.8404624], [78.9838368, 10.8403119], [78.9838046, 10.839901], [78.9837187, 10.8397534], [78.9832145, 10.839764], [78.9830857, 10.8396375], [78.9831501, 10.8394479], [78.9830536, 10.8391107], [78.9829141, 10.8392582], [78.9827746, 10.8393319], [78.9826137, 10.8393846], [78.9824098, 10.8395111], [78.9821416, 10.83949], [78.9820665, 10.839627], [78.9820558, 10.839901], [78.9819056, 10.8399537], [78.981573, 10.839922], [78.9813369, 10.8399958], [78.9812189, 10.8401222], [78.9809614, 10.840059], [78.9807576, 10.8401644], [78.9806932, 10.8403857], [78.9805001, 10.8405227], [78.980307, 10.8404805], [78.9801139, 10.8405016], [78.9800388, 10.8406913], [78.9797705, 10.8407966], [78.9794809, 10.8409969], [78.9794058, 10.8412708], [78.979513, 10.8414394], [78.9794916, 10.8415975], [78.9794058, 10.8416607], [78.9791697, 10.8415975], [78.9789444, 10.8415343], [78.9788157, 10.841745], [78.9789337, 10.8421033]]]}, "properties": {"osm_id": "1303256488", "name": "", "kind": "landuse", "landuse": "farmland", "natural": null, "water": null, "waterway": null}}, {"type": "Feature", "geometry": {"type": "Polygon", "coordinates": [[[79.1429523, 10.6281979], [79.1431988, 10.6285252], [79.1440584, 10.628372], [79.1440283, 10.6280509], [79.1436814, 10.6278285], [79.1435256, 10.6274481], [79.1439126, 10.6270776], [79.1446315, 10.6270924], [79.1446629, 10.6269239], [79.1431815, 10.6266033], [79.1426437, 10.6275219], [79.1429523, 10.6281979]]]}, "properties": {"osm_id": "1303257530", "name": "", "kind": "landuse", "landuse": "residential", "natural": null, "water": null, "waterway": null}}, {"type": "Feature", "geometry": {"type": "Polygon", "coordinates": [[[79.1431057, 10.6317278], [79.1437702, 10.6320808], [79.1440935, 10.6320279], [79.1449256, 10.6325044], [79.1457157, 10.6319455], [79.1460689, 10.6319043], [79.1459971, 10.6310747], [79.1453805, 10.6311277], [79.1453386, 10.6305688], [79.1449435, 10.6305335], [79.1449705, 10.6302422], [79.1447877, 10.6299566], [79.1437177, 10.6301357], [79.1436959, 10.6294411], [79.1436146, 10.628839], [79.1431357, 10.6288566], [79.1430578, 10.6303923], [79.1434829, 10.6307217], [79.1430399, 10.6312454], [79.1431057, 10.6317278]]]}, "properties": {"osm_id": "1303257534", "name": "", "kind": "landuse", "landuse": "residential", "natural": null, "water": null, "waterway": null}}, {"type": "Feature", "geometry": {"type": "Polygon", "coordinates": [[[79.1385847, 10.6384972], [79.1407966, 10.6386271], [79.1430966, 10.6382807], [79.1426384, 10.6368343], [79.1410786, 10.6362627], [79.1384614, 10.6368863], [79.1385847, 10.6384972]]]}, "properties": {"osm_id": "1303257616", "name": "", "kind": "landuse", "landuse": "residential", "natural": null, "water": null, "waterway": null}}, {"type": "Feature", "geometry": {"type": "Polygon", "coordinates": [[[78.8846011, 10.703735], [78.8846716, 10.7019306], [78.8843172, 10.7018958], [78.8843349, 10.7010426], [78.8844501, 10.700555], [78.8844501, 10.7000065], [78.8843969, 10.6997279], [78.8844324, 10.6994231], [78.8845387, 10.6994231], [78.8847071, 10.6993535], [78.8846894, 10.6991794], [78.8846096, 10.6990139], [78.8845919, 10.6987527], [78.8844324, 10.6987266], [78.884202, 10.6987527], [78.8836792, 10.6988833], [78.8834223, 10.6989791], [78.8831387, 10.6990923], [78.8829438, 10.6991881], [78.8827046, 10.69931], [78.8824476, 10.6993796], [78.8822881, 10.6994318], [78.8821552, 10.6994406], [78.8819071, 10.6994231], [78.8819043, 10.703735], [78.8846011, 10.703735]]]}, "properties": {"osm_id": "1303464688", "name": "", "kind": "landuse", "landuse": "farmland", "natural": null, "water": null, "waterway": null}}, {"type": "Feature", "geometry": {"type": "Polygon", "coordinates": [[[78.885345, 10.7037155], [78.8949944, 10.7037068], [78.8950564, 10.7026794], [78.8955792, 10.7026707], [78.8954462, 10.7011819], [78.8950298, 10.7011209], [78.8946754, 10.7010077], [78.8943475, 10.700912], [78.8940906, 10.7007378], [78.8937273, 10.7004766], [78.893364, 10.700259], [78.8930096, 10.6999107], [78.8913172, 10.6999717], [78.8900944, 10.7001632], [78.8894121, 10.7002938], [78.8894741, 10.7009555], [78.8893412, 10.7011383], [78.8889779, 10.701356], [78.8885792, 10.701504], [78.8881805, 10.7015476], [78.8879058, 10.7015737], [78.8876488, 10.7016085], [78.8873033, 10.7015998], [78.8870374, 10.701565], [78.8867539, 10.7014779], [78.8867007, 10.7015737], [78.8865767, 10.7017391], [78.8862666, 10.7017739], [78.8861336, 10.7020351], [78.8860716, 10.7022789], [78.8860096, 10.7025749], [78.8859299, 10.702871], [78.8857349, 10.7031234], [78.885345, 10.703167], [78.885345, 10.7037155]]]}, "properties": {"osm_id": "1303465076", "name": "", "kind": "landuse", "landuse": "farmland", "natural": null, "water": null, "waterway": null}}, {"type": "Feature", "geometry": {"type": "Polygon", "coordinates": [[[79.0988776, 10.8277819], [79.0994865, 10.8281083], [79.0996581, 10.8277447], [79.0995401, 10.827202], [79.0988052, 10.8272441], [79.0988776, 10.8277819]]]}, "properties": {"osm_id": "1304048668", "name": "", "kind": "landuse", "landuse": "farmland", "natural": null, "water": null, "waterway": null}}, {"type": "Feature", "geometry": {"type": "Polygon", "coordinates": [[[79.0987837, 10.8271915], [79.0995133, 10.8271704], [79.0995079, 10.8268859], [79.0987515, 10.8269175], [79.0987837, 10.8271915]]]}, "properties": {"osm_id": "1304048670", "name": "", "kind": "landuse", "landuse": "farmland", "natural": null, "water": null, "waterway": null}}, {"type": "Feature", "geometry": {"type": "Polygon", "coordinates": [[[79.0987515, 10.8269175], [79.0995025, 10.8268332], [79.0995294, 10.8265223], [79.0987515, 10.8266171], [79.0987515, 10.8269175]]]}, "properties": {"osm_id": "1304048672", "name": "", "kind": "landuse", "landuse": "farmland", "natural": null, "water": null, "waterway": null}}, {"type": "Feature", "geometry": {"type": "Polygon", "coordinates": [[[79.0987515, 10.8266171], [79.0995025, 10.8264854], [79.0994167, 10.8260481], [79.098714, 10.8261746], [79.0987515, 10.8266171]]]}, "properties": {"osm_id": "1304048674", "name": "", "kind": "landuse", "landuse": "farmland", "natural": null, "water": null, "waterway": null}}, {"type": "Feature", "geometry": {"type": "Polygon", "coordinates": [[[79.1003662, 10.8280819], [79.1006666, 10.8279976], [79.1006613, 10.8276867], [79.1004789, 10.827634], [79.1001075, 10.8276953], [79.0997118, 10.8277605], [79.099583, 10.8280503], [79.1003662, 10.8280819]]]}, "properties": {"osm_id": "1304048676", "name": "", "kind": "landuse", "landuse": "farmland", "natural": null, "water": null, "waterway": null}}, {"type": "Feature", "geometry": {"type": "Polygon", "coordinates": [[[79.0996849, 10.8277025], [79.0998673, 10.827692], [79.0998083, 10.8272073], [79.0996045, 10.8272336], [79.0996849, 10.8277025]]]}, "properties": {"osm_id": "1304048678", "name": "", "kind": "landuse", "landuse": "farmland", "natural": null, "water": null, "waterway": null}}, {"type": "Feature", "geometry": {"type": "Polygon", "coordinates": [[[79.1011548, 10.8273864], [79.1013962, 10.8273759], [79.1015249, 10.8270334], [79.1014927, 10.8266909], [79.1010797, 10.8267383], [79.1011548, 10.8273864]]]}, "properties": {"osm_id": "1304048680", "name": "", "kind": "landuse", "landuse": "farmland", "natural": null, "water": null, "waterway": null}}, {"type": "Feature", "geometry": {"type": "Polygon", "coordinates": [[[79.1010797, 10.8267383], [79.1014981, 10.8266593], [79.101482, 10.8261904], [79.101128, 10.8261271], [79.1009939, 10.826359], [79.1010797, 10.8267383]]]}, "properties": {"osm_id": "1304048682", "name": "", "kind": "landuse", "landuse": "farmland", "natural": null, "water": null, "waterway": null}}, {"type": "Feature", "geometry": {"type": "Polygon", "coordinates": [[[79.0986979, 10.8261324], [79.0990788, 10.8260481], [79.0990466, 10.8257109], [79.0986764, 10.8258637], [79.0986979, 10.8261324]]]}, "properties": {"osm_id": "1304048684", "name": "", "kind": "landuse", "landuse": "farmland", "natural": null, "water": null, "waterway": null}}, {"type": "Feature", "geometry": {"type": "Polygon", "coordinates": [[[79.0991431, 10.8260428], [79.0993792, 10.8259954], [79.099406, 10.8256477], [79.0990895, 10.8257109], [79.0991431, 10.8260428]]]}, "properties": {"osm_id": "1304048686", "name": "", "kind": "landuse", "landuse": "farmland", "natural": null, "water": null, "waterway": null}}, {"type": "Feature", "geometry": {"type": "Polygon", "coordinates": [[[79.0996045, 10.8271704], [79.0997922, 10.8271493], [79.09976, 10.8267067], [79.0995562, 10.8267383], [79.0996045, 10.8271704]]]}, "properties": {"osm_id": "1304048688", "name": "", "kind": "landuse", "landuse": "farmland", "natural": null, "water": null, "waterway": null}}, {"type": "Feature", "geometry": {"type": "Polygon", "coordinates": [[[79.0999102, 10.8276867], [79.1001075, 10.8276953], [79.1000497, 10.8267015], [79.099803, 10.8267067], [79.0999102, 10.8276867]]]}, "properties": {"osm_id": "1304048690", "name": "", "kind": "landuse", "landuse": "farmland", "natural": null, "water": null, "waterway": null}}, {"type": "Feature", "geometry": {"type": "Polygon", "coordinates": [[[79.0997414, 10.8262208], [79.09976, 10.8266593], [79.1000604, 10.8266435], [79.1000497, 10.8259901], [79.0997386, 10.8261535], [79.0997414, 10.8262208]]]}, "properties": {"osm_id": "1304048692", "name": "", "kind": "landuse", "landuse": "farmland", "natural": null, "water": null, "waterway": null}}, {"type": "Feature", "geometry": {"type": "Polygon", "coordinates": [[[79.0997414, 10.8262208], [79.0998566, 10.8259375], [79.099701, 10.8257478], [79.0994704, 10.825732], [79.0994328, 10.8259322], [79.0997414, 10.8262208]]]}, "properties": {"osm_id": "1304048694", "name": "", "kind": "landuse", "landuse": "farmland", "natural": null, "water": null, "waterway": null}}, {"type": "Feature", "geometry": {"type": "Polygon", "coordinates": [[[79.1009456, 10.8281873], [79.1012031, 10.8282558], [79.1014859, 10.8282827], [79.1015196, 10.8281609], [79.1012299, 10.8278132], [79.101128, 10.8275708], [79.1009402, 10.8275919], [79.1009456, 10.8281873]]]}, "properties": {"osm_id": "1304048696", "name": "", "kind": "landuse", "landuse": "farmland", "natural": null, "water": null, "waterway": null}}, {"type": "Feature", "geometry": {"type": "Polygon", "coordinates": [[[79.1009348, 10.8275497], [79.1011065, 10.8275234], [79.1009724, 10.8261219], [79.1008437, 10.8261429], [79.1009348, 10.8275497]]]}, "properties": {"osm_id": "1304048698", "name": "", "kind": "landuse", "landuse": "farmland", "natural": null, "water": null, "waterway": null}}, {"type": "Feature", "geometry": {"type": "Polygon", "coordinates": [[[79.1006183, 10.8276235], [79.1007417, 10.8276709], [79.1008866, 10.8275656], [79.1008007, 10.8261324], [79.1006344, 10.8261166], [79.1005808, 10.8261166], [79.1006183, 10.8276235]]]}, "properties": {"osm_id": "1304048700", "name": "", "kind": "landuse", "landuse": "farmland", "natural": null, "water": null, "waterway": null}}, {"type": "Feature", "geometry": {"type": "Polygon", "coordinates": [[[79.1001356, 10.8276499], [79.100334, 10.8276182], [79.1003394, 10.827202], [79.1001195, 10.8272231], [79.1001356, 10.8276499]]]}, "properties": {"osm_id": "1304048702", "name": "", "kind": "landuse", "landuse": "farmland", "natural": null, "water": null, "waterway": null}}, {"type": "Feature", "geometry": {"type": "Polygon", "coordinates": [[[79.1001195, 10.8271809], [79.100334, 10.8271598], [79.1003179, 10.8260218], [79.100098, 10.8260218], [79.1001195, 10.8271809]]]}, "properties": {"osm_id": "1304048704", "name": "", "kind": "landuse", "landuse": "farmland", "natural": null, "water": null, "waterway": null}}, {"type": "Feature", "geometry": {"type": "Polygon", "coordinates": [[[79.1007095, 10.8280292], [79.1008115, 10.8280819], [79.1008973, 10.8280503], [79.1008919, 10.8276288], [79.1006988, 10.82775], [79.1007095, 10.8280292]]]}, "properties": {"osm_id": "1304048706", "name": "", "kind": "landuse", "landuse": "farmland", "natural": null, "water": null, "waterway": null}}, {"type": "Feature", "geometry": {"type": "Polygon", "coordinates": [[[79.1003823, 10.8276024], [79.1005808, 10.8275972], [79.1005325, 10.8260481], [79.1003662, 10.8260639], [79.1003823, 10.8276024]]]}, "properties": {"osm_id": "1304048708", "name": "", "kind": "landuse", "landuse": "farmland", "natural": null, "water": null, "waterway": null}}, {"type": "Feature", "geometry": {"type": "Polygon", "coordinates": [[[79.0964287, 10.8282821], [79.0966487, 10.8282189], [79.0965843, 10.8277921], [79.0964073, 10.8277868], [79.0964287, 10.8282821]]]}, "properties": {"osm_id": "1304048712", "name": "", "kind": "landuse", "landuse": "farmland", "natural": null, "water": null, "waterway": null}}, {"type": "Feature", "geometry": {"type": "Polygon", "coordinates": [[[79.0966487, 10.8282189], [79.0968042, 10.8281188], [79.0967667, 10.8277289], [79.0966165, 10.8277816], [79.0966487, 10.8282189]]]}, "properties": {"osm_id": "1304048714", "name": "", "kind": "landuse", "landuse": "farmland", "natural": null, "water": null, "waterway": null}}, {"type": "Feature", "geometry": {"type": "Polygon", "coordinates": [[[79.0968257, 10.827887], [79.0970027, 10.8278712], [79.0969705, 10.8272916], [79.096756, 10.827339], [79.0968257, 10.827887]]]}, "properties": {"osm_id": "1304048716", "name": "", "kind": "landuse", "landuse": "farmland", "natural": null, "water": null, "waterway": null}}, {"type": "Feature", "geometry": {"type": "Polygon", "coordinates": [[[79.0967452, 10.8272916], [79.0970778, 10.8272494], [79.0970746, 10.8267517], [79.0966809, 10.8267541], [79.0967452, 10.8272916]]]}, "properties": {"osm_id": "1304048718", "name": "", "kind": "landuse", "landuse": "farmland", "natural": null, "water": null, "waterway": null}}, {"type": "Feature", "geometry": {"type": "Polygon", "coordinates": [[[79.0967023, 10.8267173], [79.0969759, 10.8267015], [79.0968954, 10.8260112], [79.0965897, 10.8260323], [79.0967023, 10.8267173]]]}, "properties": {"osm_id": "1304048720", "name": "", "kind": "landuse", "landuse": "farmland", "natural": null, "water": null, "waterway": null}}, {"type": "Feature", "geometry": {"type": "Polygon", "coordinates": [[[79.0963912, 10.8277394], [79.0967399, 10.8276973], [79.0967131, 10.8273285], [79.0963483, 10.8273601], [79.0963912, 10.8277394]]]}, "properties": {"osm_id": "1304048722", "name": "", "kind": "landuse", "landuse": "farmland", "natural": null, "water": null, "waterway": null}}, {"type": "Feature", "geometry": {"type": "Polygon", "coordinates": [[[79.0963429, 10.8273179], [79.0967077, 10.8272968], [79.0966433, 10.8268279], [79.0963, 10.8268437], [79.0963429, 10.8273179]]]}, "properties": {"osm_id": "1304048724", "name": "", "kind": "landuse", "landuse": "farmland", "natural": null, "water": null, "waterway": null}}, {"type": "Feature", "geometry": {"type": "Polygon", "coordinates": [[[79.0962946, 10.8268016], [79.0966219, 10.8267752], [79.0965199, 10.8260586], [79.0961927, 10.8260903], [79.0962946, 10.8268016]]]}, "properties": {"osm_id": "1304048726", "name": "", "kind": "landuse", "landuse": "farmland", "natural": null, "water": null, "waterway": null}}, {"type": "Feature", "geometry": {"type": "Polygon", "coordinates": [[[79.0959513, 10.828045], [79.0963644, 10.8279923], [79.096241, 10.8268595], [79.0958494, 10.8268964], [79.0959513, 10.828045]]]}, "properties": {"osm_id": "1304048728", "name": "", "kind": "landuse", "landuse": "farmland", "natural": null, "water": null, "waterway": null}}, {"type": "Feature", "geometry": {"type": "Polygon", "coordinates": [[[79.0958387, 10.8268437], [79.0962356, 10.8268121], [79.0961498, 10.8260376], [79.0957582, 10.8259743], [79.0958387, 10.8268437]]]}, "properties": {"osm_id": "1304048730", "name": "", "kind": "landuse", "landuse": "farmland", "natural": null, "water": null, "waterway": null}}, {"type": "Feature", "geometry": {"type": "Polygon", "coordinates": [[[79.0953666, 10.8268701], [79.0956026, 10.8268437], [79.095549, 10.82589], [79.0953076, 10.8259216], [79.0953666, 10.8268701]]]}, "properties": {"osm_id": "1304048732", "name": "", "kind": "landuse", "landuse": "farmland", "natural": null, "water": null, "waterway": null}}, {"type": "Feature", "geometry": {"type": "Polygon", "coordinates": [[[79.0951681, 10.8272389], [79.0953773, 10.8272073], [79.0953484, 10.8269357], [79.09527, 10.8262009], [79.095093, 10.8262378], [79.0951681, 10.8272389]]]}, "properties": {"osm_id": "1304048734", "name": "", "kind": "landuse", "landuse": "farmland", "natural": null, "water": null, "waterway": null}}, {"type": "Feature", "geometry": {"type": "Polygon", "coordinates": [[[79.0951037, 10.8261219], [79.0952647, 10.8260797], [79.0952647, 10.8259427], [79.0950715, 10.8259269], [79.0951037, 10.8261219]]]}, "properties": {"osm_id": "1304048736", "name": "", "kind": "landuse", "landuse": "farmland", "natural": null, "water": null, "waterway": null}}, {"type": "Feature", "geometry": {"type": "Polygon", "coordinates": [[[79.0939421, 10.8283525], [79.0941387, 10.8283147], [79.0940387, 10.8278129], [79.0938421, 10.8278507], [79.0939421, 10.8283525]]]}, "properties": {"osm_id": "1304048738", "name": "", "kind": "landuse", "landuse": "farmland", "natural": null, "water": null, "waterway": null}}, {"type": "Feature", "geometry": {"type": "Polygon", "coordinates": [[[79.0950179, 10.8282558], [79.0952057, 10.8282347], [79.0951788, 10.8274707], [79.0949643, 10.8274813], [79.0950179, 10.8282558]]]}, "properties": {"osm_id": "1304048740", "name": "", "kind": "landuse", "landuse": "farmland", "natural": null, "water": null, "waterway": null}}, {"type": "Feature", "geometry": {"type": "Polygon", "coordinates": [[[79.094975, 10.8274075], [79.0951574, 10.8274075], [79.095093, 10.826928], [79.0949428, 10.8269227], [79.094975, 10.8274075]]]}, "properties": {"osm_id": "1304048742", "name": "", "kind": "landuse", "landuse": "farmland", "natural": null, "water": null, "waterway": null}}, {"type": "Feature", "geometry": {"type": "Polygon", "coordinates": [[[79.0943849, 10.828319], [79.0947282, 10.8283348], [79.0946209, 10.8275076], [79.0943259, 10.8275129], [79.0943849, 10.828319]]]}, "properties": {"osm_id": "1304048744", "name": "", "kind": "landuse", "landuse": "farmland", "natural": null, "water": null, "waterway": null}}, {"type": "Feature", "geometry": {"type": "Polygon", "coordinates": [[[79.0947282, 10.8283348], [79.0949803, 10.8283295], [79.0948838, 10.8274813], [79.0946585, 10.8275076], [79.0947282, 10.8283348]]]}, "properties": {"osm_id": "1304048746", "name": "", "kind": "landuse", "landuse": "farmland", "natural": null, "water": null, "waterway": null}}, {"type": "Feature", "geometry": {"type": "Polygon", "coordinates": [[[79.0955061, 10.8282927], [79.0958923, 10.8282189], [79.0958011, 10.8268911], [79.0956133, 10.8269122], [79.0953484, 10.8269357], [79.0955061, 10.8282927]]]}, "properties": {"osm_id": "1304048748", "name": "", "kind": "landuse", "landuse": "farmland", "natural": null, "water": null, "waterway": null}}, {"type": "Feature", "geometry": {"type": "Polygon", "coordinates": [[[79.0952539, 10.828261], [79.095447, 10.8282663], [79.095329, 10.8272547], [79.0951949, 10.8272968], [79.0952539, 10.828261]]]}, "properties": {"osm_id": "1304048750", "name": "", "kind": "landuse", "landuse": "farmland", "natural": null, "water": null, "waterway": null}}, {"type": "Feature", "geometry": {"type": "Polygon", "coordinates": [[[79.0917979, 10.8269915], [79.0922164, 10.8269178], [79.0921895, 10.8263909], [79.0917765, 10.8264067], [79.0917979, 10.8269915]]]}, "properties": {"osm_id": "1304082282", "name": "", "kind": "landuse", "landuse": "farmland", "natural": null, "water": null, "waterway": null}}, {"type": "Feature", "geometry": {"type": "Polygon", "coordinates": [[[79.0917604, 10.8263593], [79.0922485, 10.8263593], [79.0922378, 10.8260642], [79.0917443, 10.8260537], [79.0917604, 10.8263593]]]}, "properties": {"osm_id": "1304082286", "name": "", "kind": "landuse", "landuse": "farmland", "natural": null, "water": null, "waterway": null}}, {"type": "Feature", "geometry": {"type": "Polygon", "coordinates": [[[79.0922593, 10.8260273], [79.092329, 10.8257586], [79.0922646, 10.8254794], [79.0919589, 10.8254846], [79.0918945, 10.8259799], [79.0922593, 10.8260273]]]}, "properties": {"osm_id": "1304082290", "name": "", "kind": "landuse", "landuse": "farmland", "natural": null, "water": null, "waterway": null}}, {"type": "Feature", "geometry": {"type": "Polygon", "coordinates": [[[79.0929513, 10.825806], [79.0929566, 10.8254214], [79.0928064, 10.8254267], [79.092726, 10.8258166], [79.0929513, 10.825806]]]}, "properties": {"osm_id": "1304082294", "name": "", "kind": "landuse", "landuse": "farmland", "natural": null, "water": null, "waterway": null}}, {"type": "Feature", "geometry": {"type": "Polygon", "coordinates": [[[79.0910201, 10.8261538], [79.09124, 10.8261327], [79.0911971, 10.8254161], [79.0909235, 10.8254846], [79.0910201, 10.8261538]]]}, "properties": {"osm_id": "1304082298", "name": "", "kind": "landuse", "landuse": "farmland", "natural": null, "water": null, "waterway": null}}, {"type": "Feature", "geometry": {"type": "Polygon", "coordinates": [[[79.0912937, 10.8261169], [79.0916799, 10.8261064], [79.0916638, 10.8254635], [79.0912561, 10.8253951], [79.0912937, 10.8261169]]]}, "properties": {"osm_id": "1304082302", "name": "", "kind": "landuse", "landuse": "farmland", "natural": null, "water": null, "waterway": null}}, {"type": "Feature", "geometry": {"type": "Polygon", "coordinates": [[[79.0917067, 10.8264172], [79.0916692, 10.8262275], [79.0906553, 10.8263487], [79.0906231, 10.8265806], [79.0917067, 10.8264172]]]}, "properties": {"osm_id": "1304082308", "name": "", "kind": "landuse", "landuse": "farmland", "natural": null, "water": null, "waterway": null}}, {"type": "Feature", "geometry": {"type": "Polygon", "coordinates": [[[79.0917336, 10.8259957], [79.0918516, 10.8259746], [79.0919106, 10.8255373], [79.0917121, 10.8255162], [79.0917336, 10.8259957]]]}, "properties": {"osm_id": "1304082310", "name": "", "kind": "landuse", "landuse": "farmland", "natural": null, "water": null, "waterway": null}}, {"type": "Feature", "geometry": {"type": "Polygon", "coordinates": [[[79.0907948, 10.8272076], [79.0908364, 10.8273145], [79.0917575, 10.8272468], [79.0916906, 10.82706], [79.0906285, 10.8271601], [79.0907948, 10.8272076]]]}, "properties": {"osm_id": "1304082316", "name": "", "kind": "landuse", "landuse": "farmland", "natural": null, "water": null, "waterway": null}}, {"type": "Feature", "geometry": {"type": "Polygon", "coordinates": [[[79.0918087, 10.8271918], [79.0922539, 10.8271549], [79.0922324, 10.8269599], [79.0917979, 10.8269915], [79.0918087, 10.8271918]]]}, "properties": {"osm_id": "1304082322", "name": "", "kind": "landuse", "landuse": "farmland", "natural": null, "water": null, "waterway": null}}, {"type": "Feature", "geometry": {"type": "Polygon", "coordinates": [[[79.1014539, 10.82603], [79.1014432, 10.8243544], [79.0998982, 10.8246179], [79.0997802, 10.8247022], [79.0997602, 10.8247956], [79.0995978, 10.8255558], [79.0990712, 10.8256575], [79.0989433, 10.8256822], [79.1014539, 10.82603]]]}, "properties": {"osm_id": "1304082326", "name": "", "kind": "landuse", "landuse": "farmland", "natural": null, "water": null, "waterway": null}}, {"type": "Feature", "geometry": {"type": "Polygon", "coordinates": [[[79.0995978, 10.8255558], [79.0997602, 10.8247956], [79.0990712, 10.8256575], [79.0995978, 10.8255558]]]}, "properties": {"osm_id": "1304082332", "name": "", "kind": "landuse", "landuse": "farmland", "natural": null, "water": null, "waterway": null}}, {"type": "Feature", "geometry": {"type": "Polygon", "coordinates": [[[79.090666, 10.8324922], [79.0912829, 10.8324922], [79.0912293, 10.8315017], [79.0906178, 10.8317441], [79.090666, 10.8324922]]]}, "properties": {"osm_id": "1304082338", "name": "", "kind": "landuse", "landuse": "farmland", "natural": null, "water": null, "waterway": null}}, {"type": "Feature", "geometry": {"type": "Polygon", "coordinates": [[[79.0925275, 10.8311487], [79.0925919, 10.8304321], [79.0920071, 10.830548], [79.0919106, 10.831096], [79.0925275, 10.8311487]]]}, "properties": {"osm_id": "1304082344", "name": "", "kind": "landuse", "landuse": "farmland", "natural": null, "water": null, "waterway": null}}, {"type": "Feature", "geometry": {"type": "Polygon", "coordinates": [[[79.0930371, 10.8312435], [79.0932021, 10.8304029], [79.0926455, 10.8303636], [79.0925704, 10.8311803], [79.0930371, 10.8312435]]]}, "properties": {"osm_id": "1304082348", "name": "", "kind": "landuse", "landuse": "farmland", "natural": null, "water": null, "waterway": null}}, {"type": "Feature", "geometry": {"type": "Polygon", "coordinates": [[[79.0934663, 10.8310328], [79.0935789, 10.8305744], [79.0932249, 10.8304954], [79.0931498, 10.8310222], [79.0934663, 10.8310328]]]}, "properties": {"osm_id": "1304082350", "name": "", "kind": "landuse", "landuse": "farmland", "natural": null, "water": null, "waterway": null}}, {"type": "Feature", "geometry": {"type": "Polygon", "coordinates": [[[79.0924792, 10.8318231], [79.0924899, 10.8312541], [79.0917926, 10.8311592], [79.0917765, 10.8318231], [79.0924792, 10.8318231]]]}, "properties": {"osm_id": "1304082360", "name": "", "kind": "landuse", "landuse": "farmland", "natural": null, "water": null, "waterway": null}}, {"type": "Feature", "geometry": {"type": "Polygon", "coordinates": [[[79.0928172, 10.8317915], [79.0928386, 10.831291], [79.0925436, 10.831291], [79.0925382, 10.8317968], [79.0928172, 10.8317915]]]}, "properties": {"osm_id": "1304082362", "name": "", "kind": "landuse", "landuse": "farmland", "natural": null, "water": null, "waterway": null}}, {"type": "Feature", "geometry": {"type": "Polygon", "coordinates": [[[79.0906446, 10.8332035], [79.0912293, 10.8332352], [79.0912508, 10.8328189], [79.0906285, 10.8328084], [79.0906446, 10.8332035]]]}, "properties": {"osm_id": "1304082364", "name": "", "kind": "landuse", "landuse": "farmland", "natural": null, "water": null, "waterway": null}}, {"type": "Feature", "geometry": {"type": "Polygon", "coordinates": [[[79.0928869, 10.833251], [79.0928869, 10.8326345], [79.0913312, 10.8325607], [79.0912883, 10.833056], [79.0912722, 10.8332457], [79.0928869, 10.833251]]]}, "properties": {"osm_id": "1304082366", "name": "", "kind": "landuse", "landuse": "farmland", "natural": null, "water": null, "waterway": null}}, {"type": "Feature", "geometry": {"type": "Polygon", "coordinates": [[[79.0913473, 10.8325133], [79.0930532, 10.8325871], [79.0930103, 10.8318442], [79.0925007, 10.83186], [79.0913473, 10.8318758], [79.0913473, 10.8325133]]]}, "properties": {"osm_id": "1304082368", "name": "", "kind": "landuse", "landuse": "farmland", "natural": null, "water": null, "waterway": null}}, {"type": "Feature", "geometry": {"type": "Polygon", "coordinates": [[[79.0931659, 10.8330455], [79.0935843, 10.8330665], [79.0935575, 10.832782], [79.0936165, 10.8324922], [79.0934287, 10.8322604], [79.0932249, 10.8322868], [79.0931122, 10.8326714], [79.0931659, 10.8330455]]]}, "properties": {"osm_id": "1304082372", "name": "", "kind": "landuse", "landuse": "farmland", "natural": null, "water": null, "waterway": null}}, {"type": "Feature", "geometry": {"type": "Polygon", "coordinates": [[[79.0963196, 10.8329837], [79.0970084, 10.8329684], [79.0969991, 10.8325634], [79.0963103, 10.8325787], [79.0963196, 10.8329837]]]}, "properties": {"osm_id": "1304082404", "name": "", "kind": "landuse", "landuse": "farmland", "natural": null, "water": null, "waterway": null}}, {"type": "Feature", "geometry": {"type": "Polygon", "coordinates": [[[79.0970068, 10.8332615], [79.0970121, 10.8330086], [79.0966474, 10.8330455], [79.0966366, 10.8332668], [79.0970068, 10.8332615]]]}, "properties": {"osm_id": "1304082408", "name": "", "kind": "landuse", "landuse": "farmland", "natural": null, "water": null, "waterway": null}}, {"type": "Feature", "geometry": {"type": "Polygon", "coordinates": [[[79.0976022, 10.833272], [79.097731, 10.8328242], [79.0975271, 10.8327135], [79.0975271, 10.8325186], [79.0970282, 10.8325397], [79.0970068, 10.8332615], [79.0976022, 10.833272]]]}, "properties": {"osm_id": "1304082410", "name": "", "kind": "landuse", "landuse": "farmland", "natural": null, "water": null, "waterway": null}}, {"type": "Feature", "geometry": {"type": "Polygon", "coordinates": [[[79.0996193, 10.8332668], [79.0997963, 10.8325028], [79.0991686, 10.8324238], [79.0991043, 10.8324817], [79.0985946, 10.8323342], [79.0984176, 10.8327452], [79.0981816, 10.8332457], [79.0996193, 10.8332668]]]}, "properties": {"osm_id": "1304082414", "name": "", "kind": "landuse", "landuse": "farmland", "natural": null, "water": null, "waterway": null}}, {"type": "Feature", "geometry": {"type": "Polygon", "coordinates": [[[79.0966849, 10.8318231], [79.0972643, 10.8319812], [79.0973555, 10.8315755], [79.0966098, 10.83137], [79.0965562, 10.8316545], [79.0966849, 10.8318231]]]}, "properties": {"osm_id": "1304082420", "name": "", "kind": "landuse", "landuse": "farmland", "natural": null, "water": null, "waterway": null}}, {"type": "Feature", "geometry": {"type": "Polygon", "coordinates": [[[79.0946572, 10.8332325], [79.0952473, 10.8332325], [79.095258, 10.832674], [79.0948396, 10.8326319], [79.0946357, 10.8329164], [79.0946572, 10.8332325]]]}, "properties": {"osm_id": "1304082424", "name": "", "kind": "landuse", "landuse": "farmland", "natural": null, "water": null, "waterway": null}}, {"type": "Feature", "geometry": {"type": "Polygon", "coordinates": [[[79.0937023, 10.8326503], [79.093815, 10.8327293], [79.0943621, 10.832782], [79.0943836, 10.8325186], [79.09411, 10.8325871], [79.0936755, 10.8324448], [79.0937023, 10.8326503]]]}, "properties": {"osm_id": "1304082428", "name": "", "kind": "landuse", "landuse": "farmland", "natural": null, "water": null, "waterway": null}}, {"type": "Feature", "geometry": {"type": "Polygon", "coordinates": [[[79.0961163, 10.8332668], [79.0961592, 10.8330402], [79.0953975, 10.8330402], [79.0953384, 10.8332615], [79.0961163, 10.8332668]]]}, "properties": {"osm_id": "1304082432", "name": "", "kind": "landuse", "landuse": "farmland", "natural": null, "water": null, "waterway": null}}, {"type": "Feature", "geometry": {"type": "Polygon", "coordinates": [[[79.0982567, 10.8301845], [79.0986483, 10.8302583], [79.0986438, 10.8299423], [79.0986376, 10.8295101], [79.0980207, 10.8295733], [79.0979831, 10.8302003], [79.0982567, 10.8301845]]]}, "properties": {"osm_id": "1304082434", "name": "", "kind": "landuse", "landuse": "farmland", "natural": null, "water": null, "waterway": null}}, {"type": "Feature", "geometry": {"type": "Polygon", "coordinates": [[[79.0986644, 10.8304532], [79.0992491, 10.8305586], [79.099174, 10.8294416], [79.0988736, 10.8294943], [79.0988575, 10.8299263], [79.0986438, 10.8299423], [79.0986644, 10.8304532]]]}, "properties": {"osm_id": "1304082438", "name": "", "kind": "landuse", "landuse": "farmland", "natural": null, "water": null, "waterway": null}}, {"type": "Feature", "geometry": {"type": "Polygon", "coordinates": [[[79.0994154, 10.8303109], [79.1005634, 10.8306165], [79.100837, 10.8296734], [79.1001181, 10.8295259], [79.0992545, 10.829489], [79.0994154, 10.8303109]]]}, "properties": {"osm_id": "1304082442", "name": "", "kind": "landuse", "landuse": "farmland", "natural": null, "water": null, "waterway": null}}, {"type": "Feature", "geometry": {"type": "Polygon", "coordinates": [[[79.0956241, 10.8289197], [79.0958266, 10.8287882], [79.0961056, 10.8287145], [79.0962611, 10.8285353], [79.0960573, 10.8285037], [79.0943997, 10.828509], [79.0942495, 10.8289305], [79.0956241, 10.8289197]]]}, "properties": {"osm_id": "1304082448", "name": "", "kind": "landuse", "landuse": "farmland", "natural": null, "water": null, "waterway": null}}, {"type": "Feature", "geometry": {"type": "Polygon", "coordinates": [[[79.0979456, 10.8294521], [79.0978988, 10.828803], [79.0977685, 10.8289358], [79.0975969, 10.8289305], [79.097554, 10.8288409], [79.0971999, 10.8289358], [79.0968244, 10.8289568], [79.0967815, 10.829568], [79.0979456, 10.8294521]]]}, "properties": {"osm_id": "1304082450", "name": "", "kind": "landuse", "landuse": "farmland", "natural": null, "water": null, "waterway": null}}, {"type": "Feature", "geometry": {"type": "Polygon", "coordinates": [[[79.0956389, 10.8294679], [79.0960465, 10.8295153], [79.0967117, 10.8295153], [79.0967761, 10.8289726], [79.0963255, 10.8290517], [79.096304, 10.8291413], [79.0959554, 10.8291781], [79.0956335, 10.829273], [79.0953653, 10.8293257], [79.0953438, 10.8294205], [79.0956389, 10.8294679]]]}, "properties": {"osm_id": "1304082452", "name": "", "kind": "landuse", "landuse": "farmland", "natural": null, "water": null, "waterway": null}}, {"type": "Feature", "geometry": {"type": "Polygon", "coordinates": [[[79.0962933, 10.8299843], [79.096347, 10.8296576], [79.0955798, 10.829568], [79.0949254, 10.8295048], [79.0948932, 10.8297261], [79.0962933, 10.8299843]]]}, "properties": {"osm_id": "1304082454", "name": "", "kind": "landuse", "landuse": "farmland", "natural": null, "water": null, "waterway": null}}, {"type": "Feature", "geometry": {"type": "Polygon", "coordinates": [[[79.0968329, 10.8300809], [79.097098, 10.8300897], [79.0971623, 10.8303109], [79.0975003, 10.8302635], [79.097849, 10.8301002], [79.0978973, 10.8296471], [79.0971248, 10.8296839], [79.0963952, 10.8296839], [79.0963416, 10.8300212], [79.0968329, 10.8300809]]]}, "properties": {"osm_id": "1304082456", "name": "", "kind": "landuse", "landuse": "farmland", "natural": null, "water": null, "waterway": null}}, {"type": "Feature", "geometry": {"type": "Polygon", "coordinates": [[[79.0943031, 10.8296787], [79.0945284, 10.8296787], [79.0947752, 10.8297366], [79.0948235, 10.8295206], [79.0945177, 10.8294627], [79.0945231, 10.8291202], [79.0941207, 10.8292466], [79.0940027, 10.829568], [79.0943031, 10.8296787]]]}, "properties": {"osm_id": "1304082458", "name": "", "kind": "landuse", "landuse": "farmland", "natural": null, "water": null, "waterway": null}}, {"type": "Feature", "geometry": {"type": "Polygon", "coordinates": [[[79.0950488, 10.8290833], [79.0952365, 10.8290622], [79.0954243, 10.8291887], [79.0956228, 10.8291307], [79.0955798, 10.8289726], [79.0950541, 10.8289726], [79.0947913, 10.8289726], [79.0947859, 10.8290411], [79.0950488, 10.8290833]]]}, "properties": {"osm_id": "1304082460", "name": "", "kind": "landuse", "landuse": "farmland", "natural": null, "water": null, "waterway": null}}, {"type": "Feature", "geometry": {"type": "Polygon", "coordinates": [[[79.0956764, 10.8291149], [79.0959822, 10.8289568], [79.0962128, 10.8290043], [79.096406, 10.8288304], [79.0961807, 10.8287935], [79.09595, 10.8288409], [79.0956549, 10.8289726], [79.0956496, 10.8290095], [79.0956764, 10.8291149]]]}, "properties": {"osm_id": "1304082462", "name": "", "kind": "landuse", "landuse": "farmland", "natural": null, "water": null, "waterway": null}}, {"type": "Feature", "geometry": {"type": "Polygon", "coordinates": [[[79.0964811, 10.8287777], [79.0968298, 10.8287777], [79.0971623, 10.8287935], [79.0970914, 10.8283976], [79.0968029, 10.8284774], [79.0963845, 10.8285301], [79.0962128, 10.8287672], [79.0964811, 10.8287777]]]}, "properties": {"osm_id": "1304082464", "name": "", "kind": "landuse", "landuse": "farmland", "natural": null, "water": null, "waterway": null}}, {"type": "Feature", "geometry": {"type": "Polygon", "coordinates": [[[79.0972589, 10.8287197], [79.0974735, 10.8285828], [79.0977846, 10.8286196], [79.0978114, 10.828098], [79.0975071, 10.8281407], [79.0973501, 10.8282403], [79.0971087, 10.8281138], [79.0972589, 10.8287197]]]}, "properties": {"osm_id": "1304082466", "name": "", "kind": "landuse", "landuse": "farmland", "natural": null, "water": null, "waterway": null}}, {"type": "Feature", "geometry": {"type": "Polygon", "coordinates": [[[79.0984176, 10.830664], [79.0989272, 10.8307746], [79.0989272, 10.830959], [79.0995495, 10.8311118], [79.0996407, 10.8308168], [79.0992867, 10.8307008], [79.098997, 10.8306165], [79.0983693, 10.8305112], [79.0984176, 10.830664]]]}, "properties": {"osm_id": "1304082470", "name": "", "kind": "landuse", "landuse": "farmland", "natural": null, "water": null, "waterway": null}}, {"type": "Feature", "geometry": {"type": "Polygon", "coordinates": [[[79.0922968, 10.8290464], [79.0924309, 10.8285617], [79.091696, 10.8285353], [79.0907572, 10.8281612], [79.0906607, 10.8286144], [79.0922968, 10.8290464]]]}, "properties": {"osm_id": "1304082472", "name": "", "kind": "landuse", "landuse": "farmland", "natural": null, "water": null, "waterway": null}}, {"type": "Feature", "geometry": {"type": "Polygon", "coordinates": [[[78.9793685, 10.7160614], [78.979836, 10.7159671], [78.9796983, 10.715308], [78.9792308, 10.7154023], [78.9793685, 10.7160614]]]}, "properties": {"osm_id": "1304376220", "name": "", "kind": "landuse", "landuse": "farmland", "natural": null, "water": null, "waterway": null}}, {"type": "Feature", "geometry": {"type": "Polygon", "coordinates": [[[79.1116634, 10.894884], [79.1120869, 10.8949328], [79.1122779, 10.8942641], [79.1122271, 10.8929546], [79.111998, 10.8926458], [79.11154, 10.8926382], [79.1116634, 10.894884]]]}, "properties": {"osm_id": "1306003482", "name": "", "kind": "landuse", "landuse": "residential", "natural": null, "water": null, "waterway": null}}, {"type": "Feature", "geometry": {"type": "Polygon", "coordinates": [[[79.076582, 10.7388669], [79.0774759, 10.7388511], [79.0775187, 10.7385145], [79.0770503, 10.738504], [79.076582, 10.7385356], [79.076582, 10.7388669]]]}, "properties": {"osm_id": "1306468982", "name": "", "kind": "landuse", "landuse": "residential", "natural": null, "water": null, "waterway": null}}, {"type": "Feature", "geometry": {"type": "Polygon", "coordinates": [[[79.0752813, 10.7390036], [79.0761538, 10.7392087], [79.0761715, 10.7387143], [79.0761752, 10.7386092], [79.0752546, 10.7385987], [79.0752813, 10.7390036]]]}, "properties": {"osm_id": "1306468984", "name": "", "kind": "landuse", "landuse": "residential", "natural": null, "water": null, "waterway": null}}, {"type": "Feature", "geometry": {"type": "Polygon", "coordinates": [[[79.0770905, 10.7392718], [79.0781717, 10.7392297], [79.0782092, 10.7388984], [79.07678, 10.7389405], [79.0767693, 10.7390772], [79.0770905, 10.7392718]]]}, "properties": {"osm_id": "1306468986", "name": "", "kind": "landuse", "landuse": "residential", "natural": null, "water": null, "waterway": null}}, {"type": "Feature", "geometry": {"type": "Polygon", "coordinates": [[[79.0777435, 10.7388458], [79.0782145, 10.7388564], [79.078252, 10.7385198], [79.0777381, 10.7385145], [79.0777435, 10.7388458]]]}, "properties": {"osm_id": "1306470546", "name": "", "kind": "landuse", "landuse": "residential", "natural": null, "water": null, "waterway": null}}, {"type": "Feature", "geometry": {"type": "Polygon", "coordinates": [[[79.0782752, 10.7384761], [79.0782734, 10.7382779], [79.0751191, 10.7383468], [79.0751047, 10.7384988], [79.0782752, 10.7384761]]]}, "properties": {"osm_id": "1306470548", "name": "", "kind": "landuse", "landuse": "residential", "natural": null, "water": null, "waterway": null}}, {"type": "Feature", "geometry": {"type": "Polygon", "coordinates": [[[79.0747712, 10.7390055], [79.0748194, 10.7385322], [79.0744607, 10.7384954], [79.0744286, 10.7390212], [79.0747712, 10.7390055]]]}, "properties": {"osm_id": "1306470552", "name": "", "kind": "landuse", "landuse": "residential", "natural": null, "water": null, "waterway": null}}, {"type": "Feature", "geometry": {"type": "Polygon", "coordinates": [[[79.2945367, 10.9060173], [79.2947942, 10.9045582], [79.2941344, 10.9042579], [79.2939734, 10.9052904], [79.2937937, 10.9055722], [79.2935591, 10.9055024], [79.2935497, 10.9057118], [79.2935335, 10.9060068], [79.2945367, 10.9060173]]]}, "properties": {"osm_id": "1306717606", "name": "", "kind": "landuse", "landuse": "farmland", "natural": null, "water": null, "waterway": null}}, {"type": "Feature", "geometry": {"type": "Polygon", "coordinates": [[[79.2067712, 10.9282189], [79.2068999, 10.9283927], [79.2070448, 10.9285507], [79.2072373, 10.9287447], [79.2073773, 10.9287666], [79.2080479, 10.9291143], [79.2081659, 10.9291301], [79.2083201, 10.9291064], [79.2083778, 10.9290511], [79.2085428, 10.9288641], [79.2085408, 10.9287064], [79.2085945, 10.9285566], [79.2085468, 10.9283453], [79.2084172, 10.9282078], [79.2079406, 10.9279924], [79.2076086, 10.9277916], [79.2071891, 10.927647], [79.2070311, 10.9275985], [79.2069627, 10.9276491], [79.2069574, 10.9277217], [79.2069329, 10.9278112], [79.2069804, 10.9278976], [79.2067381, 10.9280585], [79.2067712, 10.9282189]]]}, "properties": {"osm_id": "1307017764", "name": "", "kind": "landuse", "landuse": "residential", "natural": null, "water": null, "waterway": null}}, {"type": "Feature", "geometry": {"type": "Polygon", "coordinates": [[[79.0550101, 10.8370363], [79.0557933, 10.8372892], [79.0557396, 10.8388382], [79.0558147, 10.8396496], [79.0550959, 10.8398076], [79.0552032, 10.840756], [79.0561688, 10.8408825], [79.0565658, 10.839913], [79.0578425, 10.8398182], [79.0576494, 10.8390911], [79.0572631, 10.8388382], [79.0572095, 10.8370679], [79.05604, 10.8363408], [79.0549779, 10.8364778], [79.0550101, 10.8370363]]]}, "properties": {"osm_id": "1307095298", "name": "", "kind": "landuse", "landuse": "residential", "natural": null, "water": null, "waterway": null}}, {"type": "Feature", "geometry": {"type": "Polygon", "coordinates": [[[79.0538782, 10.8437697], [79.054876, 10.8446653], [79.0567535, 10.8446021], [79.056952, 10.842168], [79.0563458, 10.8420626], [79.0563244, 10.8413882], [79.0554714, 10.8415252], [79.0543503, 10.8417623], [79.0534437, 10.8424736], [79.0538782, 10.8437697]]]}, "properties": {"osm_id": "1307095300", "name": "", "kind": "landuse", "landuse": "residential", "natural": null, "water": null, "waterway": null}}, {"type": "Feature", "geometry": {"type": "Polygon", "coordinates": [[[79.0408024, 10.8445731], [79.0418619, 10.8447154], [79.0426746, 10.8434377], [79.0426263, 10.8427581], [79.0421435, 10.8423445], [79.0415776, 10.8409931], [79.04084, 10.8409957], [79.0406442, 10.8435352], [79.0408024, 10.8445731]]]}, "properties": {"osm_id": "1307095304", "name": "", "kind": "landuse", "landuse": "residential", "natural": null, "water": null, "waterway": null}}, {"type": "Feature", "geometry": {"type": "Polygon", "coordinates": [[[79.1479876, 10.7829038], [79.1491486, 10.7828772], [79.1491284, 10.7820281], [79.1479674, 10.7820548], [79.1479876, 10.7829038]]]}, "properties": {"osm_id": "1308267020", "name": "", "kind": "landuse", "landuse": "cemetery", "natural": null, "water": null, "waterway": null}}, {"type": "Feature", "geometry": {"type": "Polygon", "coordinates": [[[79.1407385, 10.7708902], [79.1406157, 10.7698129], [79.1405426, 10.7698149], [79.1405405, 10.769772], [79.140509, 10.769772], [79.140508, 10.769752], [79.1399473, 10.7697545], [79.1398481, 10.7709007], [79.1407385, 10.7708902]]]}, "properties": {"osm_id": "1308268246", "name": "St. Susaiappar Cemetery Garden", "kind": "landuse", "landuse": "cemetery", "natural": null, "water": null, "waterway": null}}, {"type": "Feature", "geometry": {"type": "Polygon", "coordinates": [[[79.4423961, 10.4120354], [79.4430399, 10.4125631], [79.4438553, 10.4128374], [79.4446921, 10.4128796], [79.445486, 10.4126897], [79.44628, 10.4124153], [79.4470525, 10.4120988], [79.4469023, 10.4129429], [79.4476747, 10.4133017], [79.4484472, 10.4129851], [79.4484687, 10.4121621], [79.4486618, 10.4113601], [79.4490266, 10.4106004], [79.4491124, 10.4097773], [79.4482541, 10.4096718], [79.4473958, 10.409714], [79.4464946, 10.409714], [79.4456363, 10.409714], [79.4447779, 10.4097351], [79.4439626, 10.4099461], [79.4431257, 10.4101572], [79.4423961, 10.4105792], [79.4423961, 10.4120354]]]}, "properties": {"osm_id": "1310483880", "name": "", "kind": "landuse", "landuse": "residential", "natural": null, "water": null, "waterway": null}}, {"type": "Feature", "geometry": {"type": "Polygon", "coordinates": [[[79.4431472, 10.4203716], [79.4433403, 10.4211946], [79.4437694, 10.4219121], [79.4447994, 10.4237903], [79.4455719, 10.4244657], [79.4463873, 10.4246767], [79.4472241, 10.4246345], [79.4480181, 10.424339], [79.448812, 10.4240647], [79.4495415, 10.4236848], [79.4501209, 10.4230939], [79.4506144, 10.4224186], [79.4508719, 10.4216167], [79.4511294, 10.4208358], [79.4512152, 10.4200339], [79.4510221, 10.4192108], [79.4506144, 10.4184722], [79.4499492, 10.4178602], [79.449048, 10.4177336], [79.4482112, 10.4177547], [79.4473314, 10.4178813], [79.4464731, 10.4179657], [79.4455933, 10.4179657], [79.4447136, 10.4180712], [79.4439196, 10.4183667], [79.4431686, 10.4188099], [79.4428682, 10.4195907], [79.4431472, 10.4203716]]]}, "properties": {"osm_id": "1310483884", "name": "", "kind": "landuse", "landuse": "residential", "natural": null, "water": null, "waterway": null}}, {"type": "Feature", "geometry": {"type": "Polygon", "coordinates": [[[79.10741848856253, 10.617223597686982], [79.10702, 10.61679], [79.10639, 10.61706], [79.10601297092013, 10.617219512303022], [79.10741848856253, 10.617223597686982]]]}, "properties": {"osm_id": "1326931852", "name": "", "kind": "landuse", "landuse": "farmland", "natural": null, "water": null, "waterway": null}}, {"type": "Feature", "geometry": {"type": "Polygon", "coordinates": [[[79.2035523, 10.5711147], [79.204454, 10.5707347], [79.2051858, 10.5701193], [79.2054826, 10.5697628], [79.2056136, 10.5694245], [79.2057331, 10.56884], [79.2033682, 10.569019], [79.2035523, 10.5711147]]]}, "properties": {"osm_id": "1326949260", "name": "", "kind": "landuse", "landuse": "residential", "natural": null, "water": null, "waterway": null}}, {"type": "Feature", "geometry": {"type": "Polygon", "coordinates": [[[79.2028568, 10.5690326], [79.2040524, 10.5689856], [79.2045969, 10.5689197], [79.2054539, 10.5688386], [79.205429, 10.5682848], [79.2028113, 10.568388], [79.2028568, 10.5690326]]]}, "properties": {"osm_id": "1326949262", "name": "", "kind": "landuse", "landuse": "residential", "natural": null, "water": null, "waterway": null}}, {"type": "Feature", "geometry": {"type": "Polygon", "coordinates": [[[79.1707718, 10.2973265], [79.1709998, 10.2973423], [79.1709864, 10.2965295], [79.170627, 10.2965585], [79.1707718, 10.2973265]]]}, "properties": {"osm_id": "1331484814", "name": "", "kind": "landuse", "landuse": "residential", "natural": null, "water": null, "waterway": null}}, {"type": "Feature", "geometry": {"type": "Polygon", "coordinates": [[[79.1512487, 10.3560714], [79.1510727, 10.355619], [79.1509161, 10.3552165], [79.15002674348511, 10.355524368707194], [79.15112011397449, 10.356152339513045], [79.1512487, 10.3560714]]]}, "properties": {"osm_id": "1333069854", "name": "", "kind": "landuse", "landuse": "forest", "natural": null, "water": null, "waterway": null}}, {"type": "Feature", "geometry": {"type": "Polygon", "coordinates": [[[79.1513681, 10.356269], [79.1512983, 10.3560585], [79.15113331524445, 10.356159921583552], [79.15134014104308, 10.356278710744858], [79.1513681, 10.356269]]]}, "properties": {"osm_id": "1333074336", "name": "", "kind": "landuse", "landuse": "farmland", "natural": null, "water": null, "waterway": null}}, {"type": "Feature", "geometry": {"type": "Polygon", "coordinates": [[[79.1511588, 10.3558095], [79.1513104, 10.3557634], [79.1512755, 10.3555892], [79.1510824, 10.3555866], [79.1510931, 10.3556064], [79.1510727, 10.355619], [79.1511588, 10.3558095]]]}, "properties": {"osm_id": "1333074338", "name": "", "kind": "landuse", "landuse": "farmland", "natural": null, "water": null, "waterway": null}}, {"type": "Feature", "geometry": {"type": "Polygon", "coordinates": [[[79.1513198, 10.3557568], [79.1513922, 10.3557413], [79.1515478, 10.3557079], [79.1515209, 10.3555747], [79.1512849, 10.3555879], [79.1513198, 10.3557568]]]}, "properties": {"osm_id": "1333074340", "name": "", "kind": "landuse", "landuse": "farmland", "natural": null, "water": null, "waterway": null}}, {"type": "Feature", "geometry": {"type": "Polygon", "coordinates": [[[79.1514525, 10.3559969], [79.1515853, 10.3559731], [79.1515478, 10.3557079], [79.1513922, 10.3557413], [79.1514525, 10.3559969]]]}, "properties": {"osm_id": "1333074342", "name": "", "kind": "landuse", "landuse": "farmland", "natural": null, "water": null, "waterway": null}}, {"type": "Feature", "geometry": {"type": "Polygon", "coordinates": [[[79.1512527, 10.3560589], [79.1514378, 10.3560035], [79.1513801, 10.3557541], [79.1511669, 10.3558267], [79.1512527, 10.3560589]]]}, "properties": {"osm_id": "1333074344", "name": "", "kind": "landuse", "landuse": "farmland", "natural": null, "water": null, "waterway": null}}, {"type": "Feature", "geometry": {"type": "Polygon", "coordinates": [[[79.1513681, 10.356269], [79.1516121, 10.3561921], [79.1516001, 10.3559903], [79.1513077, 10.3560549], [79.1513681, 10.356269]]]}, "properties": {"osm_id": "1333074346", "name": "", "kind": "landuse", "landuse": "farmland", "natural": null, "water": null, "waterway": null}}, {"type": "Feature", "geometry": {"type": "Polygon", "coordinates": [[[79.1515545, 10.3556684], [79.1519152, 10.3555879], [79.1518723, 10.3553794], [79.1515209, 10.3554942], [79.1515545, 10.3556684]]]}, "properties": {"osm_id": "1333074348", "name": "", "kind": "landuse", "landuse": "farmland", "natural": null, "water": null, "waterway": null}}, {"type": "Feature", "geometry": {"type": "Polygon", "coordinates": [[[79.1515773, 10.3558122], [79.1516738, 10.3557937], [79.1516524, 10.3556605], [79.1515612, 10.3556763], [79.1515773, 10.3558122]]]}, "properties": {"osm_id": "1333074350", "name": "", "kind": "landuse", "landuse": "farmland", "natural": null, "water": null, "waterway": null}}, {"type": "Feature", "geometry": {"type": "Polygon", "coordinates": [[[79.1515974, 10.3559546], [79.1517047, 10.3559269], [79.1516779, 10.3558042], [79.1515759, 10.355824], [79.1515974, 10.3559546]]]}, "properties": {"osm_id": "1333074352", "name": "", "kind": "landuse", "landuse": "farmland", "natural": null, "water": null, "waterway": null}}, {"type": "Feature", "geometry": {"type": "Polygon", "coordinates": [[[79.1517047, 10.3559269], [79.1519876, 10.3558412], [79.1519514, 10.3555866], [79.1516618, 10.3556605], [79.1517047, 10.3559269]]]}, "properties": {"osm_id": "1333074354", "name": "", "kind": "landuse", "landuse": "farmland", "natural": null, "water": null, "waterway": null}}, {"type": "Feature", "geometry": {"type": "Polygon", "coordinates": [[[79.1520078, 10.355832], [79.1522425, 10.3557686], [79.1522894, 10.3555074], [79.1519702, 10.3555879], [79.1520078, 10.355832]]]}, "properties": {"osm_id": "1333074356", "name": "", "kind": "landuse", "landuse": "farmland", "natural": null, "water": null, "waterway": null}}, {"type": "Feature", "geometry": {"type": "Polygon", "coordinates": [[[79.1519286, 10.355576], [79.1522787, 10.3554969], [79.1523149, 10.3552673], [79.1518817, 10.3553623], [79.1519286, 10.355576]]]}, "properties": {"osm_id": "1333074358", "name": "", "kind": "landuse", "landuse": "farmland", "natural": null, "water": null, "waterway": null}}, {"type": "Feature", "geometry": {"type": "Polygon", "coordinates": [[[79.1525335, 10.3557211], [79.1525885, 10.3553043], [79.1523511, 10.3552977], [79.1522921, 10.3556974], [79.1525335, 10.3557211]]]}, "properties": {"osm_id": "1333074364", "name": "", "kind": "landuse", "landuse": "farmland", "natural": null, "water": null, "waterway": null}}, {"type": "Feature", "geometry": {"type": "Polygon", "coordinates": [[[79.1527963, 10.3557475], [79.1528339, 10.3552937], [79.1526019, 10.3553003], [79.1525496, 10.3557304], [79.1527963, 10.3557475]]]}, "properties": {"osm_id": "1333074366", "name": "", "kind": "landuse", "landuse": "farmland", "natural": null, "water": null, "waterway": null}}, {"type": "Feature", "geometry": {"type": "Polygon", "coordinates": [[[79.1529908, 10.3557594], [79.1529988, 10.3555707], [79.1528258, 10.3555655], [79.1528084, 10.3557449], [79.1529908, 10.3557594]]]}, "properties": {"osm_id": "1333074368", "name": "", "kind": "landuse", "landuse": "farmland", "natural": null, "water": null, "waterway": null}}, {"type": "Feature", "geometry": {"type": "Polygon", "coordinates": [[[79.1529854, 10.3555615], [79.1529868, 10.3552911], [79.1528433, 10.3552963], [79.1528245, 10.3555562], [79.1529854, 10.3555615]]]}, "properties": {"osm_id": "1333074370", "name": "", "kind": "landuse", "landuse": "farmland", "natural": null, "water": null, "waterway": null}}, {"type": "Feature", "geometry": {"type": "Polygon", "coordinates": [[[79.1530444, 10.3557713], [79.153251, 10.3557818], [79.1532429, 10.3552884], [79.153031, 10.3552937], [79.1530444, 10.3557713]]]}, "properties": {"osm_id": "1333074372", "name": "", "kind": "landuse", "landuse": "farmland", "natural": null, "water": null, "waterway": null}}, {"type": "Feature", "geometry": {"type": "Polygon", "coordinates": [[[79.1532644, 10.3557831], [79.1535272, 10.3558135], [79.1535098, 10.3552805], [79.1532523, 10.3552924], [79.1532644, 10.3557831]]]}, "properties": {"osm_id": "1333074374", "name": "", "kind": "landuse", "landuse": "farmland", "natural": null, "water": null, "waterway": null}}, {"type": "Feature", "geometry": {"type": "Polygon", "coordinates": [[[79.1535366, 10.3558122], [79.1537861, 10.3558306], [79.1537633, 10.3555074], [79.1535286, 10.3555048], [79.1535366, 10.3558122]]]}, "properties": {"osm_id": "1333074376", "name": "", "kind": "landuse", "landuse": "farmland", "natural": null, "water": null, "waterway": null}}, {"type": "Feature", "geometry": {"type": "Polygon", "coordinates": [[[79.1533006, 10.3562304], [79.1538129, 10.3562739], [79.1537981, 10.3558451], [79.1532966, 10.3558003], [79.1533006, 10.3562304]]]}, "properties": {"osm_id": "1333074378", "name": "", "kind": "landuse", "landuse": "farmland", "natural": null, "water": null, "waterway": null}}, {"type": "Feature", "geometry": {"type": "Polygon", "coordinates": [[[79.1532832, 10.3562304], [79.1532845, 10.3557937], [79.1530471, 10.3557818], [79.1530391, 10.3562119], [79.1532832, 10.3562304]]]}, "properties": {"osm_id": "1333074380", "name": "", "kind": "landuse", "landuse": "farmland", "natural": null, "water": null, "waterway": null}}, {"type": "Feature", "geometry": {"type": "Polygon", "coordinates": [[[79.1530283, 10.3562066], [79.1530337, 10.3557765], [79.1528473, 10.3557634], [79.1528178, 10.3561961], [79.1530283, 10.3562066]]]}, "properties": {"osm_id": "1333074382", "name": "", "kind": "landuse", "landuse": "farmland", "natural": null, "water": null, "waterway": null}}, {"type": "Feature", "geometry": {"type": "Polygon", "coordinates": [[[79.1528071, 10.3561948], [79.1528339, 10.355762], [79.1522894, 10.3557159], [79.1522089, 10.356167], [79.1528071, 10.3561948]]]}, "properties": {"osm_id": "1333074384", "name": "", "kind": "landuse", "landuse": "farmland", "natural": null, "water": null, "waterway": null}}, {"type": "Feature", "geometry": {"type": "Polygon", "coordinates": [[[79.152221, 10.3565641], [79.1527507, 10.3565945], [79.1527789, 10.3562198], [79.1522049, 10.3561829], [79.1521754, 10.356328], [79.152221, 10.3565641]]]}, "properties": {"osm_id": "1333074386", "name": "", "kind": "landuse", "landuse": "farmland", "natural": null, "water": null, "waterway": null}}, {"type": "Feature", "geometry": {"type": "Polygon", "coordinates": [[[79.153023, 10.3566222], [79.153031, 10.3562304], [79.1527883, 10.3562291], [79.1527655, 10.3565998], [79.153023, 10.3566222]]]}, "properties": {"osm_id": "1333074388", "name": "", "kind": "landuse", "landuse": "farmland", "natural": null, "water": null, "waterway": null}}, {"type": "Feature", "geometry": {"type": "Polygon", "coordinates": [[[79.1532711, 10.3566393], [79.1532818, 10.3562475], [79.1530404, 10.3562317], [79.153023, 10.3566222], [79.1532711, 10.3566393]]]}, "properties": {"osm_id": "1333074390", "name": "", "kind": "landuse", "landuse": "farmland", "natural": null, "water": null, "waterway": null}}, {"type": "Feature", "geometry": {"type": "Polygon", "coordinates": [[[79.1538276, 10.3566789], [79.1538089, 10.3562831], [79.1532979, 10.3562502], [79.1532845, 10.356638], [79.1538276, 10.3566789]]]}, "properties": {"osm_id": "1333074392", "name": "", "kind": "landuse", "landuse": "farmland", "natural": null, "water": null, "waterway": null}}, {"type": "Feature", "geometry": {"type": "Polygon", "coordinates": [[[79.1534521, 10.3571961], [79.1538464, 10.3571974], [79.153825, 10.3566882], [79.1534334, 10.3566631], [79.1534521, 10.3571961]]]}, "properties": {"osm_id": "1333074394", "name": "", "kind": "landuse", "landuse": "farmland", "natural": null, "water": null, "waterway": null}}, {"type": "Feature", "geometry": {"type": "Polygon", "coordinates": [[[79.1530525, 10.3571802], [79.1534521, 10.3571961], [79.1534334, 10.3566631], [79.153027, 10.3566314], [79.1530525, 10.3571802]]]}, "properties": {"osm_id": "1333074396", "name": "", "kind": "landuse", "landuse": "farmland", "natural": null, "water": null, "waterway": null}}, {"type": "Feature", "geometry": {"type": "Polygon", "coordinates": [[[79.1526891, 10.3571764], [79.1530431, 10.3571789], [79.153023, 10.3566222], [79.1527802, 10.3566116], [79.1526783, 10.3571763], [79.1526891, 10.3571764]]]}, "properties": {"osm_id": "1333074398", "name": "", "kind": "landuse", "landuse": "farmland", "natural": null, "water": null, "waterway": null}}, {"type": "Feature", "geometry": {"type": "Polygon", "coordinates": [[[79.1527212, 10.3568808], [79.1527749, 10.3566116], [79.1523618, 10.3565879], [79.1523444, 10.3568689], [79.1527212, 10.3568808]]]}, "properties": {"osm_id": "1333074400", "name": "", "kind": "landuse", "landuse": "farmland", "natural": null, "water": null, "waterway": null}}, {"type": "Feature", "geometry": {"type": "Polygon", "coordinates": [[[79.1526636, 10.357138], [79.1527212, 10.3568808], [79.1523444, 10.3568689], [79.152331, 10.3571156], [79.1526636, 10.357138]]]}, "properties": {"osm_id": "1333074402", "name": "", "kind": "landuse", "landuse": "farmland", "natural": null, "water": null, "waterway": null}}, {"type": "Feature", "geometry": {"type": "Polygon", "coordinates": [[[79.1523122, 10.3571143], [79.152331, 10.3568676], [79.15228530747324, 10.356865915065429], [79.15221, 10.35705], [79.15217999311093, 10.357104515133525], [79.1523122, 10.3571143]]]}, "properties": {"osm_id": "1333074404", "name": "", "kind": "landuse", "landuse": "farmland", "natural": null, "water": null, "waterway": null}}, {"type": "Feature", "geometry": {"type": "Polygon", "coordinates": [[[79.152331, 10.3568544], [79.1523538, 10.3565866], [79.1522197, 10.356576], [79.15213542706927, 10.356735478520832], [79.1523, 10.35683], [79.15229062414542, 10.35685291875563], [79.152331, 10.3568544]]]}, "properties": {"osm_id": "1333074406", "name": "", "kind": "landuse", "landuse": "farmland", "natural": null, "water": null, "waterway": null}}, {"type": "Feature", "geometry": {"type": "Polygon", "coordinates": [[[79.1523001, 10.3573319], [79.1523122, 10.3571261], [79.15217613289634, 10.357111528193553], [79.15206682383649, 10.357310115857269], [79.1523001, 10.3573319]]]}, "properties": {"osm_id": "1333074408", "name": "", "kind": "landuse", "landuse": "farmland", "natural": null, "water": null, "waterway": null}}, {"type": "Feature", "geometry": {"type": "Polygon", "coordinates": [[[79.15263, 10.3573662], [79.1526689, 10.3571486], [79.152331, 10.3571156], [79.1523122, 10.3573306], [79.15263, 10.3573662]]]}, "properties": {"osm_id": "1333074410", "name": "", "kind": "landuse", "landuse": "farmland", "natural": null, "water": null, "waterway": null}}, {"type": "Feature", "geometry": {"type": "Polygon", "coordinates": [[[79.1530619, 10.3576288], [79.1530418, 10.3571895], [79.1526891, 10.3571764], [79.1526046, 10.3576235], [79.1530619, 10.3576288]]]}, "properties": {"osm_id": "1333074412", "name": "", "kind": "landuse", "landuse": "farmland", "natural": null, "water": null, "waterway": null}}, {"type": "Feature", "geometry": {"type": "Polygon", "coordinates": [[[79.1525925, 10.3575443], [79.1526247, 10.3573768], [79.1523095, 10.3573451], [79.1522948, 10.3575035], [79.1525925, 10.3575443]]]}, "properties": {"osm_id": "1333074414", "name": "", "kind": "landuse", "landuse": "farmland", "natural": null, "water": null, "waterway": null}}, {"type": "Feature", "geometry": {"type": "Polygon", "coordinates": [[[79.004171, 10.7355582], [79.0070034, 10.7366966], [79.0088702, 10.736275], [79.0090633, 10.7349468], [79.0071965, 10.7348836], [79.0073896, 10.732438], [79.0041924, 10.7317634], [79.0024758, 10.7326278], [79.004171, 10.7355582]]]}, "properties": {"osm_id": "1333288634", "name": "", "kind": "landuse", "landuse": "residential", "natural": null, "water": null, "waterway": null}}, {"type": "Feature", "geometry": {"type": "Polygon", "coordinates": [[[79.0021325, 10.7326488], [79.003377, 10.7318688], [79.0018965, 10.7299714], [78.9999251, 10.7300582], [79.0021325, 10.7326488]]]}, "properties": {"osm_id": "1333288636", "name": "", "kind": "landuse", "landuse": "residential", "natural": null, "water": null, "waterway": null}}, {"type": "Feature", "geometry": {"type": "Polygon", "coordinates": [[[79.0053324, 10.7311493], [79.005308, 10.7301296], [79.0041484, 10.7300345], [79.0041093, 10.7311282], [79.0053324, 10.7311493]]]}, "properties": {"osm_id": "1333288638", "name": "", "kind": "landuse", "landuse": "residential", "natural": null, "water": null, "waterway": null}}, {"type": "Feature", "geometry": {"type": "Polygon", "coordinates": [[[79.1727128, 10.1632737], [79.172339, 10.1644836], [79.1723534, 10.1660118], [79.173216, 10.1660472], [79.1738341, 10.1660826], [79.1738845, 10.1650779], [79.1740929, 10.1640095], [79.17405751205082, 10.16309363454766], [79.17279093627543, 10.163226308745813], [79.1727128, 10.1632737]]]}, "properties": {"osm_id": "1333293254", "name": "", "kind": "landuse", "landuse": "residential", "natural": null, "water": null, "waterway": null}}, {"type": "Feature", "geometry": {"type": "Polygon", "coordinates": [[[79.1770051, 10.1698839], [79.1761239, 10.1708125], [79.1765386, 10.1720268], [79.1779485, 10.1728533], [79.1833601, 10.1735676], [79.1838578, 10.1734146], [79.1839614, 10.1726493], [79.1825515, 10.1717003], [79.1814526, 10.1703533], [79.1799701, 10.1688839], [79.1783321, 10.1679349], [79.1757922, 10.1694247], [79.1770051, 10.1698839]]]}, "properties": {"osm_id": "1333293256", "name": "", "kind": "landuse", "landuse": "residential", "natural": null, "water": null, "waterway": null}}, {"type": "Feature", "geometry": {"type": "Polygon", "coordinates": [[[79.1890705, 10.1713243], [79.1919524, 10.1716987], [79.1917218, 10.1703145], [79.1906959, 10.1689075], [79.1889552, 10.1691118], [79.1882175, 10.1708591], [79.1890705, 10.1713243]]]}, "properties": {"osm_id": "1333293258", "name": "", "kind": "landuse", "landuse": "residential", "natural": null, "water": null, "waterway": null}}, {"type": "Feature", "geometry": {"type": "Polygon", "coordinates": [[[79.1890445, 10.1641905], [79.1897877, 10.1650189], [79.1936024, 10.1674396], [79.1943675, 10.1660625], [79.1944768, 10.1659119], [79.1930012, 10.1650297], [79.1917989, 10.1642551], [79.1917389237947, 10.16414565446761], [79.1893373442437, 10.163562712919619], [79.1890445, 10.1641905]]]}, "properties": {"osm_id": "1333293260", "name": "", "kind": "landuse", "landuse": "residential", "natural": null, "water": null, "waterway": null}}, {"type": "Feature", "geometry": {"type": "Polygon", "coordinates": [[[79.1952856, 10.1670738], [79.1960508, 10.166665], [79.1960398, 10.1654816], [79.1951545, 10.1659549], [79.1950452, 10.1667403], [79.1952856, 10.1670738]]]}, "properties": {"osm_id": "1333293262", "name": "", "kind": "landuse", "landuse": "residential", "natural": null, "water": null, "waterway": null}}, {"type": "Feature", "geometry": {"type": "Polygon", "coordinates": [[[79.1980947, 10.1706779], [79.1975373, 10.1671707], [79.1987177, 10.1672137], [79.1979745, 10.165729], [79.1969798, 10.1657613], [79.196794, 10.1683864], [79.196171, 10.1708824], [79.1980947, 10.1706779]]]}, "properties": {"osm_id": "1333293264", "name": "", "kind": "landuse", "landuse": "residential", "natural": null, "water": null, "waterway": null}}, {"type": "Feature", "geometry": {"type": "Polygon", "coordinates": [[[79.117763, 10.2444459], [79.1184738, 10.2445726], [79.1192679, 10.2448999], [79.1187814, 10.2418846], [79.11746310917114, 10.242295787879605], [79.11736174950909, 10.24448226058994], [79.117763, 10.2444459]]]}, "properties": {"osm_id": "1334373852", "name": "", "kind": "landuse", "landuse": "farmland", "natural": null, "water": null, "waterway": null}}, {"type": "Feature", "geometry": {"type": "Polygon", "coordinates": [[[79.1480531, 10.2188567], [79.1483236, 10.2193567], [79.1483784, 10.2193999], [79.1484406, 10.2193999], [79.1484698, 10.2193387], [79.1485685, 10.2193172], [79.1486416, 10.2194574], [79.1486818, 10.2194395], [79.1487805, 10.2194574], [79.1488244, 10.2195797], [79.1487257, 10.2196373], [79.1486745, 10.2195582], [79.1485941, 10.2195654], [79.1485868, 10.2196049], [79.1485502, 10.2196373], [79.1485612, 10.2197236], [79.1485941, 10.2197488], [79.1486562, 10.2197812], [79.1484917, 10.2198891], [79.1484588, 10.2200186], [79.1484077, 10.2200762], [79.1483748, 10.2200402], [79.1482761, 10.2200834], [79.1481701, 10.2201589], [79.148097, 10.2200942], [79.147863, 10.2202057], [79.1477241, 10.2198963], [79.1479617, 10.2197956], [79.1479179, 10.2196769], [79.1479179, 10.2196229], [79.147991, 10.2195654], [79.1481043, 10.2194718], [79.1478119, 10.2191362], [79.147162, 10.2200646], [79.1470711, 10.2202434], [79.1470187, 10.220319], [79.1469838, 10.2203843], [79.1469663, 10.2204428], [79.1470117, 10.2205081], [79.1470502, 10.2204909], [79.1470991, 10.220429], [79.1471585, 10.2203362], [79.1471305, 10.2202949], [79.147169, 10.220264], [79.1472319, 10.2202812], [79.1472947, 10.2202984], [79.1473052, 10.2203293], [79.1473507, 10.2204084], [79.1473646, 10.2204497], [79.1473751, 10.2204909], [79.1473402, 10.2205528], [79.1472947, 10.2205494], [79.1472808, 10.2205013], [79.1472982, 10.2204531], [79.1472878, 10.2204119], [79.1472563, 10.2203706], [79.1471934, 10.2203843], [79.1471375, 10.2204531], [79.1470746, 10.2205219], [79.1470362, 10.2205838], [79.1469698, 10.2206079], [79.1469733, 10.2206491], [79.1470257, 10.2207076], [79.1469873, 10.2207763], [79.1468964, 10.2208176], [79.1468056, 10.2208279], [79.1467711, 10.2210297], [79.1467666, 10.2210921], [79.1467213, 10.2212482], [79.1466851, 10.2214042], [79.1466398, 10.2215558], [79.1466126, 10.2217297], [79.1467122, 10.2217208], [79.1467847, 10.2218099], [79.1467983, 10.2219392], [79.1467621, 10.2219972], [79.1466624, 10.2220685], [79.1466262, 10.2222112], [79.1465718, 10.2222245], [79.1465356, 10.2222914], [79.1464903, 10.2224296], [79.1464087, 10.2225767], [79.1462819, 10.2228487], [79.1464223, 10.2229512], [79.1469099, 10.2223841], [79.1469742, 10.2223841], [79.1470708, 10.2223651], [79.1472832, 10.2221877], [79.1476114, 10.221985], [79.1478624, 10.2219153], [79.1480813, 10.221909], [79.1483838, 10.2219027], [79.1485511, 10.2218457], [79.1486927, 10.2217633], [79.1490467, 10.221662], [79.1497611, 10.2213326], [79.1500572, 10.2210349], [79.14925545332812, 10.219018456946165], [79.14863, 10.21855], [79.14835861867037, 10.218678356034284], [79.1483236, 10.2187128], [79.14831343618752, 10.218699726127525], [79.14812892605566, 10.218786994433131], [79.1480531, 10.2188567]]]}, "properties": {"osm_id": "1339314920", "name": "", "kind": "landuse", "landuse": "farmland", "natural": null, "water": null, "waterway": null}}, {"type": "Feature", "geometry": {"type": "Polygon", "coordinates": [[[79.192593, 10.5739847], [79.1936467, 10.5739968], [79.1945402, 10.5739787], [79.1945463, 10.5734759], [79.1944786, 10.5713013], [79.1940102, 10.5708227], [79.192975, 10.5708288], [79.19283981958168, 10.570823069772418], [79.19277, 10.5714], [79.19265, 10.5724], [79.19253, 10.57342], [79.19246161252066, 10.573980173911744], [79.192593, 10.5739847]]]}, "properties": {"osm_id": "1340360174", "name": "", "kind": "landuse", "landuse": "residential", "natural": null, "water": null, "waterway": null}}, {"type": "Feature", "geometry": {"type": "Polygon", "coordinates": [[[79.1364419, 10.4881073], [79.1394138, 10.4876115], [79.13902508719838, 10.486351666347147], [79.13868, 10.48653], [79.13761, 10.48709], [79.137, 10.4874], [79.13589457802594, 10.487968685293017], [79.1364419, 10.4881073]]]}, "properties": {"osm_id": "1341558022", "name": "", "kind": "landuse", "landuse": "residential", "natural": null, "water": null, "waterway": null}}, {"type": "Feature", "geometry": {"type": "Polygon", "coordinates": [[[79.3376626, 10.2956247], [79.3378195, 10.2955204], [79.3374909, 10.2951496], [79.3376183, 10.2949557], [79.3376827, 10.2947551], [79.3376613, 10.2944411], [79.3374105, 10.2943289], [79.3370256, 10.2951114], [79.3376626, 10.2956247]]]}, "properties": {"osm_id": "1341901472", "name": "", "kind": "landuse", "landuse": "residential", "natural": null, "water": null, "waterway": null}}, {"type": "Feature", "geometry": {"type": "Polygon", "coordinates": [[[79.3417329, 10.2993615], [79.341985, 10.2993114], [79.3420279, 10.2995555], [79.3421794, 10.299533], [79.3422398, 10.2993153], [79.3428071, 10.2991715], [79.3426287, 10.2985566], [79.3421178, 10.2986265], [79.3421365, 10.2987281], [79.3419166, 10.2987836], [79.3419287, 10.2989036], [79.3416068, 10.2989973], [79.3417329, 10.2993615]]]}, "properties": {"osm_id": "1341901476", "name": "", "kind": "landuse", "landuse": "residential", "natural": null, "water": null, "waterway": null}}, {"type": "Feature", "geometry": {"type": "Polygon", "coordinates": [[[79.3283352, 10.3066833], [79.3286557, 10.3070778], [79.3290393, 10.3068641], [79.3291251, 10.3070277], [79.3293813, 10.30693], [79.3294255, 10.3072269], [79.3296643, 10.3071913], [79.3296455, 10.3069894], [79.3301243, 10.3070422], [79.3301001, 10.306422], [79.3296897, 10.3064563], [79.3296616, 10.3062426], [79.3293531, 10.3063007], [79.3291506, 10.305856], [79.3282427, 10.3060407], [79.3279946, 10.3061911], [79.3283352, 10.3066833]]]}, "properties": {"osm_id": "1341901484", "name": "", "kind": "landuse", "landuse": "residential", "natural": null, "water": null, "waterway": null}}, {"type": "Feature", "geometry": {"type": "Polygon", "coordinates": [[[79.32824, 10.3050142], [79.3285981, 10.3049574], [79.328696, 10.3053124], [79.3288904, 10.3053071], [79.3287174, 10.3046368], [79.3290192, 10.3046065], [79.3291131, 10.3048176], [79.3291694, 10.3053863], [79.3294309, 10.3053783], [79.3294175, 10.3050076], [79.3292981, 10.3045761], [79.3291613, 10.3045695], [79.3291278, 10.3044244], [79.3288824, 10.3044033], [79.3285297, 10.3043914], [79.3285793, 10.304745], [79.3281864, 10.3047938], [79.32824, 10.3050142]]]}, "properties": {"osm_id": "1341901486", "name": "", "kind": "landuse", "landuse": "residential", "natural": null, "water": null, "waterway": null}}, {"type": "Feature", "geometry": {"type": "Polygon", "coordinates": [[[79.3301605, 10.3023172], [79.3308444, 10.3021931], [79.3308055, 10.3020731], [79.3306473, 10.3019965], [79.3301256, 10.3021403], [79.3301605, 10.3023172]]]}, "properties": {"osm_id": "1341901492", "name": "", "kind": "landuse", "landuse": "residential", "natural": null, "water": null, "waterway": null}}, {"type": "Feature", "geometry": {"type": "Polygon", "coordinates": [[[79.3337452, 10.3034189], [79.3343528, 10.3032975], [79.3343125, 10.3028238], [79.3341449, 10.3028515], [79.3341503, 10.3029663], [79.3336755, 10.303027], [79.3337452, 10.3034189]]]}, "properties": {"osm_id": "1341901516", "name": "", "kind": "landuse", "landuse": "residential", "natural": null, "water": null, "waterway": null}}, {"type": "Feature", "geometry": {"type": "Polygon", "coordinates": [[[79.3268453, 10.3048994], [79.3269619, 10.3050735], [79.3272449, 10.305026], [79.3273777, 10.3049324], [79.3274809, 10.3047199], [79.3275091, 10.3045867], [79.3276513, 10.3045167], [79.327607, 10.304365], [79.327835, 10.3043056], [79.3277706, 10.3039718], [79.3274018, 10.3040166], [79.3274233, 10.3041816], [79.327029, 10.3042819], [79.3270786, 10.3044178], [79.3273415, 10.3043835], [79.3273857, 10.304584], [79.3272342, 10.3048492], [79.326982, 10.3049165], [79.3269418, 10.3046883], [79.3268064, 10.3047173], [79.3268453, 10.3048994]]]}, "properties": {"osm_id": "1341901524", "name": "", "kind": "landuse", "landuse": "residential", "natural": null, "water": null, "waterway": null}}, {"type": "Feature", "geometry": {"type": "Polygon", "coordinates": [[[79.3203489, 10.2914444], [79.3203744, 10.2914497], [79.3209364, 10.2912069], [79.3209578, 10.2911621], [79.3207473, 10.2904601], [79.3207151, 10.2904403], [79.3201196, 10.2907068], [79.3201143, 10.2907385], [79.3203489, 10.2914444]]]}, "properties": {"osm_id": "1341901530", "name": "", "kind": "landuse", "landuse": "basin", "natural": null, "water": null, "waterway": null}}, {"type": "Feature", "geometry": {"type": "Polygon", "coordinates": [[[79.3210383, 10.2909773], [79.3210798, 10.2909839], [79.321112, 10.2910103], [79.3213628, 10.2907068], [79.321214, 10.2901117], [79.3211831, 10.2900972], [79.3208425, 10.2902463], [79.3208371, 10.2902819], [79.3210383, 10.2909773]]]}, "properties": {"osm_id": "1341901532", "name": "", "kind": "landuse", "landuse": "basin", "natural": null, "water": null, "waterway": null}}, {"type": "Feature", "geometry": {"type": "Polygon", "coordinates": [[[79.3201183, 10.290435], [79.3201478, 10.2904574], [79.3206011, 10.2902595], [79.3206118, 10.2902212], [79.3205695, 10.2900681], [79.3206976, 10.2900339], [79.3207204, 10.2901355], [79.3207687, 10.2901671], [79.3211496, 10.2900141], [79.3211523, 10.2899824], [79.3210517, 10.2894955], [79.3209833, 10.2894058], [79.3205729, 10.2895417], [79.3205595, 10.2895773], [79.3206453, 10.2899006], [79.320695, 10.2899837], [79.3205612, 10.2900378], [79.3204401, 10.2895997], [79.3203972, 10.2895852], [79.3203168, 10.289634], [79.3199962, 10.2897831], [79.319952, 10.2897963], [79.3199372, 10.289824], [79.3201183, 10.290435]]]}, "properties": {"osm_id": "1341901534", "name": "", "kind": "landuse", "landuse": "basin", "natural": null, "water": null, "waterway": null}}, {"type": "Feature", "geometry": {"type": "Polygon", "coordinates": [[[79.3194048, 10.2908638], [79.3194397, 10.2908863], [79.320011, 10.2906356], [79.3200231, 10.2906092], [79.3198004, 10.2899283], [79.3197615, 10.2898993], [79.319213, 10.2901473], [79.3192117, 10.2902067], [79.3194048, 10.2908638]]]}, "properties": {"osm_id": "1341901542", "name": "", "kind": "landuse", "landuse": "basin", "natural": null, "water": null, "waterway": null}}, {"type": "Feature", "geometry": {"type": "Polygon", "coordinates": [[[79.3196368, 10.2917242], [79.3196918, 10.2917479], [79.3202671, 10.2915091], [79.3202859, 10.2914431], [79.320062, 10.2907438], [79.3194383, 10.2910235], [79.319433, 10.2910657], [79.3196368, 10.2917242]]]}, "properties": {"osm_id": "1341901544", "name": "", "kind": "landuse", "landuse": "basin", "natural": null, "water": null, "waterway": null}}, {"type": "Feature", "geometry": {"type": "Polygon", "coordinates": [[[79.3187812, 10.2911607], [79.3188147, 10.2911832], [79.3193378, 10.2909443], [79.3193579, 10.2909074], [79.3191741, 10.2902186], [79.3191245, 10.2901962], [79.3185934, 10.2904337], [79.3185693, 10.2904812], [79.3187812, 10.2911607]]]}, "properties": {"osm_id": "1341901546", "name": "", "kind": "landuse", "landuse": "basin", "natural": null, "water": null, "waterway": null}}, {"type": "Feature", "geometry": {"type": "Polygon", "coordinates": [[[79.3189864, 10.2920409], [79.3190266, 10.2920567], [79.319315, 10.2919393], [79.3195604, 10.2918245], [79.3195778, 10.2917638], [79.3193887, 10.2910842], [79.3193632, 10.2910644], [79.3187799, 10.2913349], [79.3187718, 10.2913798], [79.3189864, 10.2920409]]]}, "properties": {"osm_id": "1341901548", "name": "", "kind": "landuse", "landuse": "basin", "natural": null, "water": null, "waterway": null}}, {"type": "Feature", "geometry": {"type": "Polygon", "coordinates": [[[79.3180986, 10.2914563], [79.3181415, 10.291488], [79.3187302, 10.291228], [79.3187396, 10.2912016], [79.318525, 10.290493], [79.3184969, 10.2904825], [79.3179658, 10.2907424], [79.3179229, 10.2907899], [79.3180986, 10.2914563]]]}, "properties": {"osm_id": "1341901550", "name": "", "kind": "landuse", "landuse": "basin", "natural": null, "water": null, "waterway": null}}, {"type": "Feature", "geometry": {"type": "Polygon", "coordinates": [[[79.3183963, 10.2923048], [79.3184526, 10.2923285], [79.3189086, 10.292124], [79.3189301, 10.2920791], [79.3187276, 10.291393], [79.3186913, 10.2913837], [79.3181817, 10.2916001], [79.3181643, 10.2916503], [79.3183963, 10.2923048]]]}, "properties": {"osm_id": "1341901552", "name": "", "kind": "landuse", "landuse": "basin", "natural": null, "water": null, "waterway": null}}, {"type": "Feature", "geometry": {"type": "Polygon", "coordinates": [[[79.3176949, 10.2926214], [79.3177553, 10.2926386], [79.3183319, 10.2923879], [79.3183507, 10.2923417], [79.3181214, 10.2916569], [79.3180878, 10.2916503], [79.3175527, 10.2918983], [79.3175313, 10.2919617], [79.3176949, 10.2926214]]]}, "properties": {"osm_id": "1341901554", "name": "", "kind": "landuse", "landuse": "basin", "natural": null, "water": null, "waterway": null}}, {"type": "Feature", "geometry": {"type": "Polygon", "coordinates": [[[79.3174951, 10.2917506], [79.317534, 10.2917677], [79.3180235, 10.2915579], [79.318057, 10.2915091], [79.3178786, 10.2908097], [79.3178451, 10.2907873], [79.3175635, 10.2909074], [79.3173113, 10.2910473], [79.3172805, 10.2910921], [79.3174951, 10.2917506]]]}, "properties": {"osm_id": "1341901556", "name": "", "kind": "landuse", "landuse": "basin", "natural": null, "water": null, "waterway": null}}, {"type": "Feature", "geometry": {"type": "Polygon", "coordinates": [[[79.3170619, 10.2929342], [79.3170954, 10.2929513], [79.3176319, 10.2927085], [79.3176466, 10.292665], [79.3174776, 10.2919683], [79.3174388, 10.2919472], [79.3169305, 10.292186], [79.316913, 10.2922361], [79.3170619, 10.2929342]]]}, "properties": {"osm_id": "1341901558", "name": "", "kind": "landuse", "landuse": "basin", "natural": null, "water": null, "waterway": null}}, {"type": "Feature", "geometry": {"type": "Polygon", "coordinates": [[[79.3168728, 10.2920158], [79.3169358, 10.2920435], [79.3174347, 10.2918258], [79.3174455, 10.2917941], [79.3172349, 10.291108], [79.3171906, 10.2911], [79.3169533, 10.2912307], [79.3167467, 10.2913732], [79.316732, 10.2914471], [79.3168728, 10.2920158]]]}, "properties": {"osm_id": "1341901560", "name": "", "kind": "landuse", "landuse": "basin", "natural": null, "water": null, "waterway": null}}, {"type": "Feature", "geometry": {"type": "Polygon", "coordinates": [[[79.3158858, 10.2925014], [79.3159313, 10.2925251], [79.3167682, 10.2921596], [79.3168044, 10.2921187], [79.3168192, 10.2920686], [79.3166837, 10.2914629], [79.3166502, 10.2914431], [79.3161687, 10.291744], [79.3156672, 10.292029], [79.3156551, 10.2920844], [79.3158858, 10.2925014]]]}, "properties": {"osm_id": "1341901562", "name": "", "kind": "landuse", "landuse": "basin", "natural": null, "water": null, "waterway": null}}, {"type": "Feature", "geometry": {"type": "Polygon", "coordinates": [[[79.3161982, 10.2932878], [79.3162841, 10.2933208], [79.316681, 10.2931598], [79.3169828, 10.2930186], [79.3170096, 10.2929685], [79.3168433, 10.2922084], [79.3167964, 10.2922071], [79.3159448, 10.2925673], [79.31593, 10.2926214], [79.3161982, 10.2932878]]]}, "properties": {"osm_id": "1341901564", "name": "", "kind": "landuse", "landuse": "basin", "natural": null, "water": null, "waterway": null}}, {"type": "Feature", "geometry": {"type": "Polygon", "coordinates": [[[79.4445017, 10.3642621], [79.4444293, 10.3647529], [79.4468835, 10.3653069], [79.4468755, 10.365452], [79.4473314, 10.3656262], [79.4476908, 10.3657159], [79.4477391, 10.3655523], [79.4473958, 10.3654731], [79.4474333, 10.3651433], [79.4463578, 10.3648663], [79.4464087, 10.3643544], [79.4455799, 10.3641988], [79.445537, 10.3639692], [79.4446546, 10.3637067], [79.4445044, 10.3641144], [79.4439706, 10.3639429], [79.4439062, 10.3641407], [79.4445017, 10.3642621]]]}, "properties": {"osm_id": "1341927236", "name": "", "kind": "landuse", "landuse": "residential", "natural": null, "water": null, "waterway": null}}, {"type": "Feature", "geometry": {"type": "Polygon", "coordinates": [[[79.2090976, 10.2558508], [79.2095804, 10.2558772], [79.2097092, 10.2556344], [79.2099184, 10.2554285], [79.2102617, 10.2553124], [79.21031, 10.2552121], [79.2102885, 10.2550326], [79.210192, 10.2548689], [79.209795, 10.2550062], [79.2094248, 10.2548795], [79.2092478, 10.2550379], [79.2091459, 10.2553651], [79.2088884, 10.2555657], [79.2090976, 10.2558508]]]}, "properties": {"osm_id": "1355509394", "name": "", "kind": "landuse", "landuse": "residential", "natural": null, "water": null, "waterway": null}}, {"type": "Feature", "geometry": {"type": "Polygon", "coordinates": [[[79.2098755, 10.2570121], [79.2101437, 10.2570491], [79.2104548, 10.2570015], [79.2106479, 10.2568854], [79.210884, 10.2567587], [79.2112058, 10.2567218], [79.2115438, 10.2568749], [79.2119569, 10.2568326], [79.2120266, 10.2565106], [79.2118818, 10.2561306], [79.2118335, 10.2559722], [79.2111307, 10.2560144], [79.2108303, 10.2559511], [79.2106479, 10.2561411], [79.2104441, 10.2563734], [79.210369, 10.2565634], [79.2100418, 10.2567376], [79.2098325, 10.256764], [79.2098755, 10.2570121]]]}, "properties": {"osm_id": "1355509396", "name": "", "kind": "landuse", "landuse": "residential", "natural": null, "water": null, "waterway": null}}, {"type": "Feature", "geometry": {"type": "Polygon", "coordinates": [[[79.2014426, 10.25915], [79.2017108, 10.2594561], [79.2020971, 10.2593822], [79.2023331, 10.2593136], [79.2028212, 10.2591552], [79.2031217, 10.2590919], [79.2031646, 10.2587382], [79.2038619, 10.2585693], [79.2040926, 10.2585957], [79.2043287, 10.2588544], [79.2046881, 10.258828], [79.204849, 10.2596989], [79.2048758, 10.2601371], [79.2051709, 10.2602902], [79.2051655, 10.2605805], [79.2053103, 10.2606333], [79.2056483, 10.2612509], [79.2060238, 10.2611717], [79.2061418, 10.2611347], [79.2061311, 10.2604802], [79.2062277, 10.2599893], [79.2065656, 10.2598837], [79.2072415, 10.2600896], [79.2078638, 10.2602057], [79.2080516, 10.2596778], [79.2081213, 10.2588913], [79.2079657, 10.2582631], [79.2077833, 10.2576297], [79.2079979, 10.2574766], [79.20847, 10.2573341], [79.2086685, 10.2571757], [79.2091129, 10.2569158], [79.2089313, 10.2566479], [79.2086255, 10.2564895], [79.2080408, 10.2566215], [79.2076278, 10.2569488], [79.2074776, 10.2567746], [79.2072684, 10.2566901], [79.2072093, 10.2570543], [79.2070216, 10.2570174], [79.2065495, 10.2572285], [79.2063886, 10.2570174], [79.2063832, 10.256574], [79.2065227, 10.255893], [79.206394, 10.2554866], [79.2066729, 10.2553757], [79.2071825, 10.255439], [79.2075151, 10.2551962], [79.207617, 10.2548003], [79.2079925, 10.2545469], [79.2078102, 10.2542513], [79.2073166, 10.254188], [79.2067534, 10.2542988], [79.2066514, 10.2546684], [79.2061794, 10.2547687], [79.2060828, 10.2542144], [79.2061311, 10.2538607], [79.206056, 10.2533962], [79.2066461, 10.2532009], [79.2068982, 10.2529844], [79.2072576, 10.2527205], [79.2071825, 10.2525146], [79.206292, 10.2526677], [79.2063564, 10.2520184], [79.2063349, 10.2513691], [79.2070001, 10.2512636], [79.2069894, 10.251802], [79.2070162, 10.2521821], [79.2074132, 10.2521082], [79.2075098, 10.2515644], [79.2078906, 10.251348], [79.2080784, 10.2512266], [79.2078423, 10.2506459], [79.2077672, 10.2503081], [79.207558, 10.2496641], [79.2074883, 10.249284], [79.2074722, 10.248962], [79.2072308, 10.2488406], [79.2066514, 10.2488723], [79.206453, 10.2487033], [79.2064422, 10.2483919], [79.2065817, 10.2480224], [79.2063832, 10.2475473], [79.2064315, 10.24741], [79.206351, 10.2472305], [79.2061043, 10.2471514], [79.2059165, 10.2470247], [79.2056054, 10.2470352], [79.2055517, 10.2467607], [79.2059648, 10.2466024], [79.2058414, 10.246349], [79.2054391, 10.2464704], [79.2052083, 10.2460074], [79.2050904, 10.2460217], [79.2047203, 10.246085], [79.2048329, 10.2463806], [79.204452, 10.2464545], [79.2044038, 10.2467713], [79.2045969, 10.2473625], [79.2047954, 10.2477637], [79.2042482, 10.2480013], [79.2038834, 10.2475314], [79.2036152, 10.2475737], [79.2036366, 10.2477426], [79.2035294, 10.2480224], [79.2032075, 10.2480804], [79.2031431, 10.2483919], [79.2031592, 10.2486347], [79.2033523, 10.2489409], [79.2033309, 10.2491732], [79.2034328, 10.2495743], [79.2037547, 10.2496007], [79.2040014, 10.2494952], [79.2041516, 10.2496588], [79.2044306, 10.2498436], [79.2047685, 10.249738], [79.2051601, 10.2496852], [79.2053533, 10.2498911], [79.2050797, 10.2499966], [79.2049402, 10.2501233], [79.2048114, 10.2503239], [79.2046022, 10.2504876], [79.2047363, 10.2506618], [79.2054391, 10.2506407], [79.205541, 10.2512266], [79.205541, 10.2516542], [79.2054981, 10.2521715], [79.2051816, 10.252256], [79.2050958, 10.2525621], [79.2051923, 10.2529686], [79.2050743, 10.2533698], [79.2044842, 10.2533117], [79.2043233, 10.2529792], [79.2036849, 10.2530214], [79.2036527, 10.2525621], [79.2033201, 10.2524988], [79.2025584, 10.2524988], [79.2024565, 10.2528683], [79.202655, 10.2535493], [79.202832, 10.2539082], [79.2030519, 10.2542197], [79.2027301, 10.2544889], [79.2025477, 10.2549217], [79.2024672, 10.2552068], [79.2023009, 10.255439], [79.2022794, 10.2556924], [79.2018771, 10.2558719], [79.2019254, 10.2562203], [79.202258, 10.2565212], [79.2030787, 10.2565634], [79.2030144, 10.2569435], [79.2024565, 10.2569488], [79.2020756, 10.2570385], [79.2022419, 10.2573763], [79.2024457, 10.2577722], [79.2023706, 10.2582579], [79.2017752, 10.2584162], [79.2017913, 10.2586907], [79.2014104, 10.2587963], [79.2014426, 10.25915]]]}, "properties": {"osm_id": "1355509398", "name": "", "kind": "landuse", "landuse": "residential", "natural": null, "water": null, "waterway": null}}, {"type": "Feature", "geometry": {"type": "Polygon", "coordinates": [[[79.2037386, 10.2443008], [79.2038512, 10.2444275], [79.2040819, 10.2444169], [79.2046666, 10.2441741], [79.2050636, 10.2440738], [79.2049831, 10.2437782], [79.2055839, 10.2437306], [79.2059487, 10.2436356], [79.206292, 10.2435195], [79.2067587, 10.2435142], [79.207043, 10.2442638], [79.2075419, 10.244153], [79.2079872, 10.2440896], [79.2083681, 10.2441371], [79.2085848, 10.2438601], [79.2086792, 10.2441318], [79.2089528, 10.2443483], [79.2091405, 10.2439576], [79.2094088, 10.2438257], [79.2093551, 10.2434614], [79.2093766, 10.2431341], [79.2097092, 10.2430127], [79.2100203, 10.2431025], [79.2100149, 10.2436726], [79.2102081, 10.2440685], [79.2102134, 10.2445647], [79.2102617, 10.2450451], [79.2108625, 10.2449026], [79.2109269, 10.2445753], [79.2111307, 10.2443799], [79.2112058, 10.2441582], [79.2110181, 10.2440368], [79.2110342, 10.2437623], [79.2112166, 10.2422314], [79.2114633, 10.2422103], [79.211517, 10.2418672], [79.2114311, 10.2416349], [79.2109913, 10.2414449], [79.2106962, 10.2414343], [79.2104709, 10.2419411], [79.2098433, 10.2418619], [79.2096877, 10.2418777], [79.2096019, 10.2417035], [79.2093497, 10.241788], [79.2090279, 10.2419041], [79.2085129, 10.2419305], [79.2081642, 10.2419305], [79.2076224, 10.2419147], [79.2069787, 10.2421047], [79.2064315, 10.2423951], [79.2058682, 10.242601], [79.2060292, 10.2427857], [79.2046612, 10.2436277], [79.2043662, 10.2437676], [79.2041945, 10.2439101], [79.2036796, 10.244116], [79.2037386, 10.2443008]]]}, "properties": {"osm_id": "1355509404", "name": "", "kind": "landuse", "landuse": "residential", "natural": null, "water": null, "waterway": null}}, {"type": "Feature", "geometry": {"type": "Polygon", "coordinates": [[[79.2124182, 10.2348197], [79.2126167, 10.2348197], [79.2129385, 10.2348936], [79.2134696, 10.2347722], [79.2138237, 10.2347141], [79.2139202, 10.2347458], [79.2140114, 10.2349623], [79.2140168, 10.235242], [79.2139149, 10.2354902], [79.2139095, 10.2357172], [79.2139417, 10.2358808], [79.2141067, 10.2359759], [79.2141091, 10.2357742], [79.2144459, 10.2356802], [79.2144245, 10.2354426], [79.2142206, 10.2354532], [79.2141563, 10.2350098], [79.2143226, 10.2349781], [79.214285, 10.2347247], [79.2141241, 10.2347194], [79.2141026, 10.2344871], [79.2142689, 10.2344713], [79.214226, 10.2342126], [79.2139739, 10.2342707], [79.2138988, 10.2337006], [79.2141241, 10.2336055], [79.2140812, 10.2332518], [79.213806, 10.2334099], [79.2135694, 10.2328883], [79.2134857, 10.232972], [79.2135394, 10.2330987], [79.2131048, 10.2332993], [79.2131907, 10.2335633], [79.2129385, 10.2337058], [79.2122894, 10.2340279], [79.2124182, 10.2348197]]]}, "properties": {"osm_id": "1355509406", "name": "", "kind": "landuse", "landuse": "residential", "natural": null, "water": null, "waterway": null}}, {"type": "Feature", "geometry": {"type": "Polygon", "coordinates": [[[79.2102188, 10.2294298], [79.2112005, 10.2293611], [79.2113721, 10.2298468], [79.2109698, 10.2300263], [79.2111039, 10.2303325], [79.2107928, 10.2303747], [79.2108571, 10.2307548], [79.2105085, 10.2308974], [79.2106211, 10.2314622], [79.2109913, 10.23142], [79.2111415, 10.23161], [79.2116189, 10.2317262], [79.212209, 10.2317526], [79.2120159, 10.2305067], [79.2123967, 10.2304539], [79.2126328, 10.2311244], [79.2127722, 10.2313197], [79.212901, 10.2315784], [79.2130136, 10.2317209], [79.2131495, 10.2316596], [79.2131129, 10.2315408], [79.2135608, 10.2313408], [79.2135179, 10.2311349], [79.2133462, 10.231156], [79.2133248, 10.2309396], [79.2134052, 10.230834], [79.2138237, 10.2307337], [79.2138773, 10.2306756], [79.2137754, 10.2302586], [79.2134911, 10.2302375], [79.2135072, 10.229926], [79.2133194, 10.2296304], [79.2132604, 10.2293136], [79.2135715, 10.229245], [79.213888, 10.2291447], [79.214344, 10.2290444], [79.2142689, 10.2285429], [79.214049, 10.2284531], [79.2138076, 10.2284953], [79.2134535, 10.2284953], [79.2130727, 10.228395], [79.2127991, 10.2283528], [79.2123967, 10.2284003], [79.2117155, 10.2284637], [79.2110985, 10.2284531], [79.2111307, 10.228659], [79.2106211, 10.2288068], [79.2106694, 10.229113], [79.2101866, 10.2292503], [79.2102188, 10.2294298]]]}, "properties": {"osm_id": "1355509408", "name": "", "kind": "landuse", "landuse": "residential", "natural": null, "water": null, "waterway": null}}, {"type": "Feature", "geometry": {"type": "Polygon", "coordinates": [[[79.2007559, 10.2132804], [79.2008632, 10.2134599], [79.2009583, 10.2135343], [79.2013353, 10.2136447], [79.2017537, 10.2139456], [79.20192, 10.2143997], [79.2021882, 10.2149487], [79.2030036, 10.2147956], [79.2031914, 10.2152127], [79.2033362, 10.2154239], [79.2028508, 10.2156218], [79.2031807, 10.2161841], [79.203642, 10.2161577], [79.2037386, 10.2164533], [79.204275, 10.2163847], [79.2046666, 10.216221], [79.2047954, 10.2164058], [79.2051172, 10.2162052], [79.2051226, 10.2160099], [79.2056429, 10.2158198], [79.205879, 10.215804], [79.2059594, 10.215936], [79.2061526, 10.2159624], [79.206292, 10.2159571], [79.2065173, 10.2160732], [79.2067105, 10.2159571], [79.2071181, 10.2157776], [79.2070591, 10.2155717], [79.2070001, 10.2155242], [79.2070538, 10.2147481], [79.2068177, 10.2147006], [79.2067212, 10.2144208], [79.2064261, 10.213613], [79.2063618, 10.2136394], [79.2061633, 10.2135814], [79.2058361, 10.213745], [79.2058468, 10.2133807], [79.2055947, 10.2132751], [79.2054391, 10.2134388], [79.2050517, 10.2135085], [79.2049322, 10.2133939], [79.2046665, 10.2128499], [79.2046088, 10.2125525], [79.2045795, 10.2123726], [79.2040229, 10.2125941], [79.2038834, 10.2122351], [79.2032665, 10.2124093], [79.2033845, 10.2127578], [79.2030519, 10.2129795], [79.2022151, 10.213159], [79.2021346, 10.2127578], [79.2018717, 10.212837], [79.2017913, 10.2124304], [79.2014372, 10.2123988], [79.2009544, 10.2124832], [79.2006862, 10.212705], [79.2007559, 10.2132804]]]}, "properties": {"osm_id": "1355509410", "name": "", "kind": "landuse", "landuse": "residential", "natural": null, "water": null, "waterway": null}}, {"type": "Feature", "geometry": {"type": "Polygon", "coordinates": [[[79.2094839, 10.2128686], [79.2093766, 10.2130481], [79.209516, 10.2132065], [79.2097843, 10.2133174], [79.2102617, 10.2132435], [79.2107767, 10.2132171], [79.2115545, 10.2131643], [79.2116725, 10.2134019], [79.2120588, 10.2134705], [79.2125899, 10.2132963], [79.2127776, 10.2132118], [79.2128925, 10.2129709], [79.2130244, 10.2126152], [79.2138505, 10.2123618], [79.2139041, 10.212082], [79.2142314, 10.2118444], [79.2137647, 10.2112214], [79.2133945, 10.2113165], [79.213357, 10.2112584], [79.2131531, 10.2112742], [79.2129976, 10.2112954], [79.2125522, 10.2116705], [79.2123967, 10.211459], [79.2122519, 10.2109839], [79.2120641, 10.210741], [79.211871, 10.2106882], [79.2115974, 10.2109364], [79.2116082, 10.2114221], [79.2117691, 10.2117072], [79.2118603, 10.2118919], [79.2117852, 10.2119922], [79.2116243, 10.2121665], [79.2112166, 10.212214], [79.2104977, 10.2122404], [79.2101875, 10.2122821], [79.2102188, 10.2126205], [79.2098433, 10.2126099], [79.2095375, 10.2124832], [79.2093605, 10.2125624], [79.2094839, 10.2128686]]]}, "properties": {"osm_id": "1355509424", "name": "", "kind": "landuse", "landuse": "residential", "natural": null, "water": null, "waterway": null}}, {"type": "Feature", "geometry": {"type": "Polygon", "coordinates": [[[79.2077833, 10.2083758], [79.2079657, 10.2087507], [79.2078692, 10.2090991], [79.2079335, 10.2093261], [79.2080891, 10.2098277], [79.2083198, 10.2102395], [79.2084163, 10.2103239], [79.2085585, 10.2103319], [79.2088616, 10.2105034], [79.208883, 10.2108994], [79.2091352, 10.2110367], [79.209398, 10.2109839], [79.2095321, 10.2108836], [79.209854, 10.2107621], [79.2098621, 10.2106513], [79.2101866, 10.2104348], [79.2100364, 10.2097854], [79.2097789, 10.2094581], [79.2095965, 10.2094581], [79.2094678, 10.2088298], [79.2087007, 10.2090463], [79.208647, 10.208719], [79.2085719, 10.2082993], [79.2085719, 10.2080168], [79.2085075, 10.207832], [79.208352, 10.2077423], [79.2080623, 10.2075839], [79.2079604, 10.2078056], [79.2078209, 10.2079587], [79.2076653, 10.2080326], [79.2076537, 10.2081591], [79.2077833, 10.2083758]]]}, "properties": {"osm_id": "1355509426", "name": "", "kind": "landuse", "landuse": "residential", "natural": null, "water": null, "waterway": null}}, {"type": "Feature", "geometry": {"type": "Polygon", "coordinates": [[[79.2002785, 10.2026369], [79.2009008, 10.2024046], [79.2010081, 10.2024574], [79.2010349, 10.2027953], [79.2011368, 10.2030118], [79.201228, 10.2032283], [79.2010885, 10.203318], [79.2012227, 10.2036876], [79.2010134, 10.2038513], [79.2011958, 10.2042525], [79.201566, 10.2046907], [79.2019415, 10.2045746], [79.2021882, 10.2046326], [79.2023385, 10.2049494], [79.2024967, 10.2050946], [79.2025155, 10.2051659], [79.2027837, 10.2053454], [79.2029607, 10.2056357], [79.2035615, 10.2055565], [79.2039531, 10.2053718], [79.2042965, 10.2055513], [79.2046934, 10.2055724], [79.2047417, 10.2059525], [79.2043018, 10.2061479], [79.2043287, 10.2064013], [79.2042535, 10.206718], [79.2043823, 10.2069979], [79.2047095, 10.2070612], [79.2046022, 10.2072196], [79.20457, 10.2075575], [79.2043823, 10.2078426], [79.2045271, 10.2080538], [79.2039317, 10.2082069], [79.2038351, 10.2080115], [79.2035508, 10.2080432], [79.2036306, 10.2083882], [79.2043662, 10.2082438], [79.2051052, 10.2081003], [79.2056322, 10.2080274], [79.2059648, 10.2080491], [79.2063242, 10.2080115], [79.2063457, 10.2078584], [79.2064261, 10.2077159], [79.2070001, 10.2079799], [79.2067105, 10.2073516], [79.2059702, 10.2060845], [79.205659, 10.2056305], [79.2052728, 10.2054351], [79.2043018, 10.2051659], [79.2040122, 10.2048755], [79.2038298, 10.2045059], [79.203406, 10.2046168], [79.2029875, 10.2029009], [79.2031914, 10.2027531], [79.203068, 10.2023571], [79.2028427, 10.2023571], [79.2024404, 10.2025102], [79.2022097, 10.2019876], [79.2007881, 10.2022991], [79.2005897, 10.2021935], [79.2001069, 10.202505], [79.2002785, 10.2026369]]]}, "properties": {"osm_id": "1355509428", "name": "", "kind": "landuse", "landuse": "residential", "natural": null, "water": null, "waterway": null}}, {"type": "Feature", "geometry": {"type": "Polygon", "coordinates": [[[79.2079979, 10.1945749], [79.2085773, 10.1949498], [79.208765, 10.1948178], [79.2091834, 10.1949339], [79.209162, 10.1952296], [79.2095858, 10.1953193], [79.2097735, 10.1953563], [79.2103743, 10.1953035], [79.2106318, 10.1953563], [79.210943, 10.1954408], [79.2115116, 10.1955041], [79.2115867, 10.1949339], [79.211576, 10.1941314], [79.2121553, 10.1941525], [79.2121339, 10.1936562], [79.2121312, 10.1934266], [79.2123109, 10.1932302], [79.2125416, 10.1936562], [79.2128205, 10.1935718], [79.2130351, 10.1941103], [79.2132711, 10.1940153], [79.2130029, 10.1932972], [79.2127079, 10.1929355], [79.2124477, 10.1930807], [79.2124021, 10.192727], [79.2120588, 10.1926425], [79.2120051, 10.1922518], [79.2111039, 10.1922413], [79.2105245, 10.1923152], [79.2101705, 10.1922307], [79.2101061, 10.1918822], [79.209795, 10.1918083], [79.2094624, 10.1919667], [79.2096341, 10.1922518], [79.2086577, 10.1923785], [79.208883, 10.1930438], [79.2088509, 10.1932391], [79.2084914, 10.1934028], [79.2077136, 10.1938357], [79.2077082, 10.1941948], [79.2079979, 10.1945749]]]}, "properties": {"osm_id": "1355509430", "name": "", "kind": "landuse", "landuse": "residential", "natural": null, "water": null, "waterway": null}}, {"type": "Feature", "geometry": {"type": "Polygon", "coordinates": [[[79.1908049, 10.185462], [79.1908908, 10.1859688], [79.1910946, 10.1864651], [79.1918135, 10.1863807], [79.1918993, 10.1867925], [79.1920173, 10.1876901], [79.1926288, 10.1874261], [79.1929936, 10.1873838], [79.1936695, 10.1874683], [79.194721, 10.1875317], [79.1947961, 10.1879329], [79.1954613, 10.1880808], [79.1955686, 10.1883659], [79.19559, 10.1886932], [79.1960447, 10.1888216], [79.1961962, 10.1884609], [79.1963947, 10.1881758], [79.1969311, 10.1882603], [79.1969526, 10.1874155], [79.1977465, 10.1873522], [79.197886, 10.1877218], [79.1979718, 10.1882286], [79.1984761, 10.1882181], [79.1984975, 10.1886193], [79.1991949, 10.1884715], [79.1990554, 10.1880913], [79.1996348, 10.1876267], [79.2003536, 10.1874789], [79.2003858, 10.1872782], [79.1999674, 10.1871726], [79.2000425, 10.1868664], [79.2003858, 10.186708], [79.2001283, 10.186349], [79.2000532, 10.1857999], [79.1997313, 10.1858316], [79.1996026, 10.1855253], [79.1993129, 10.1853669], [79.1986585, 10.1855887], [79.1986263, 10.1854514], [79.1990554, 10.1850607], [79.1994846, 10.1847967], [79.1992807, 10.1845961], [79.1989159, 10.1847017], [79.1989052, 10.1845961], [79.1991198, 10.1844166], [79.1990125, 10.1841314], [79.1986477, 10.1842054], [79.1985512, 10.1838991], [79.198519, 10.1834873], [79.1979074, 10.1832655], [79.1979396, 10.1831177], [79.1983902, 10.1832339], [79.1985083, 10.182822], [79.198401, 10.1826847], [79.1985834, 10.1821145], [79.1980501, 10.1817704], [79.1976992, 10.1824966], [79.197489, 10.1824524], [79.1969097, 10.1823996], [79.1967916, 10.1828959], [79.1961586, 10.1828326], [79.195987, 10.1832444], [79.1954934, 10.1834662], [79.1953647, 10.1826425], [79.1951072, 10.1825686], [79.1949355, 10.1820617], [79.1946459, 10.18203], [79.1944742, 10.1819139], [79.1941523, 10.1816182], [79.1935408, 10.1819033], [79.1933906, 10.1827481], [79.1938412, 10.1835929], [79.1944313, 10.1837407], [79.194721, 10.1836985], [79.1951501, 10.1837407], [79.1951609, 10.1840153], [79.1943616, 10.1841855], [79.1938734, 10.1839414], [79.193337, 10.1837935], [79.1916525, 10.1836351], [79.1913843, 10.1838041], [79.1912019, 10.1848601], [79.1907513, 10.1850185], [79.1908049, 10.185462]]]}, "properties": {"osm_id": "1355509432", "name": "", "kind": "landuse", "landuse": "residential", "natural": null, "water": null, "waterway": null}}, {"type": "Feature", "geometry": {"type": "Polygon", "coordinates": [[[79.0157616, 10.7277786], [79.0162224, 10.7277303], [79.0161387, 10.7269589], [79.0156777, 10.7270073], [79.0157616, 10.7277786]]]}, "properties": {"osm_id": "1367377040", "name": "Waste Water Treatment Plant", "kind": "landuse", "landuse": "industrial", "natural": null, "water": null, "waterway": null}}, {"type": "Feature", "geometry": {"type": "Polygon", "coordinates": [[[79.016244, 10.7273672], [79.0166809, 10.7273015], [79.0166392, 10.7270338], [79.0162023, 10.7270996], [79.016244, 10.7273672]]]}, "properties": {"osm_id": "1367377042", "name": "Cow Shed", "kind": "landuse", "landuse": "farmyard", "natural": null, "water": null, "waterway": null}}, {"type": "Feature", "geometry": {"type": "Polygon", "coordinates": [[[79.3560659, 10.9487106], [79.3570401, 10.9487073], [79.3570395, 10.9485433], [79.3570386, 10.9482734], [79.357038, 10.9480885], [79.3560637, 10.9480918], [79.3560659, 10.9487106]]]}, "properties": {"osm_id": "19533023", "name": "", "kind": "landuse", "landuse": "religious", "natural": null, "water": null, "waterway": null}}, {"type": "Feature", "geometry": {"type": "Polygon", "coordinates": [[[79.3571723, 10.9494285], [79.3571729, 10.9491592], [79.3565325, 10.9491579], [79.3565319, 10.9494271], [79.3571723, 10.9494285]]]}, "properties": {"osm_id": "19533025", "name": "", "kind": "landuse", "landuse": "religious", "natural": null, "water": null, "waterway": null}}, {"type": "Feature", "geometry": {"type": "Polygon", "coordinates": [[[79.1168353, 10.7838073], [79.1168414, 10.7836675], [79.1167438, 10.7836655], [79.1167418, 10.7837993], [79.1168353, 10.7838073]]]}, "properties": {"osm_id": "1484453122", "name": "", "kind": "landuse", "landuse": "construction", "natural": null, "water": null, "waterway": null}}, {"type": "Feature", "geometry": {"type": "Polygon", "coordinates": [[[79.2965653, 10.5931762], [79.2984567, 10.5932496], [79.298424, 10.5926345], [79.2960062, 10.5927224], [79.2965653, 10.5931762]]]}, "properties": {"osm_id": "1501011112", "name": "", "kind": "landuse", "landuse": "residential", "natural": null, "water": null, "waterway": null}}, {"type": "Feature", "geometry": {"type": "Polygon", "coordinates": [[[79.3028755, 10.584534], [79.3032542, 10.5846105], [79.3032825, 10.5842382], [79.3028649, 10.5841687], [79.3028755, 10.584534]]]}, "properties": {"osm_id": "1501012574", "name": "", "kind": "landuse", "landuse": "residential", "natural": null, "water": null, "waterway": null}}, {"type": "Feature", "geometry": {"type": "Polygon", "coordinates": [[[79.2974728, 10.5856774], [79.3012008, 10.5850699], [79.3011861, 10.5844402], [79.297302, 10.5853657], [79.2974728, 10.5856774]]]}, "properties": {"osm_id": "1501015162", "name": "", "kind": "landuse", "landuse": "residential", "natural": null, "water": null, "waterway": null}}, {"type": "Feature", "geometry": {"type": "Polygon", "coordinates": [[[79.2688102, 10.611321], [79.2694819, 10.6113361], [79.269522, 10.6110333], [79.2687301, 10.6110182], [79.2688102, 10.611321]]]}, "properties": {"osm_id": "1501021110", "name": "", "kind": "landuse", "landuse": "residential", "natural": null, "water": null, "waterway": null}}, {"type": "Feature", "geometry": {"type": "Polygon", "coordinates": [[[79.270702, 10.6089225], [79.2708222, 10.6089225], [79.2707944, 10.6087166], [79.2706589, 10.6087438], [79.270702, 10.6089225]]]}, "properties": {"osm_id": "1501021690", "name": "", "kind": "landuse", "landuse": "industrial", "natural": null, "water": null, "waterway": null}}, {"type": "Feature", "geometry": {"type": "Polygon", "coordinates": [[[79.274732, 10.6083411], [79.275188, 10.6082805], [79.2750648, 10.6076597], [79.2746827, 10.6076991], [79.274732, 10.6083411]]]}, "properties": {"osm_id": "1501023210", "name": "", "kind": "landuse", "landuse": "residential", "natural": null, "water": null, "waterway": null}}, {"type": "Feature", "geometry": {"type": "Polygon", "coordinates": [[[79.2752743, 10.6088498], [79.2763372, 10.6083562], [79.2752743, 10.6083623], [79.2748399, 10.6084834], [79.2752743, 10.6088498]]]}, "properties": {"osm_id": "1501023400", "name": "", "kind": "landuse", "landuse": "residential", "natural": null, "water": null, "waterway": null}}, {"type": "Feature", "geometry": {"type": "Polygon", "coordinates": [[[79.2814964, 10.6014373], [79.2815167, 10.6011955], [79.2810756, 10.6011875], [79.2810736, 10.6014253], [79.2814964, 10.6014373]]]}, "properties": {"osm_id": "1501024612", "name": "", "kind": "landuse", "landuse": "industrial", "natural": null, "water": null, "waterway": null}}, {"type": "Feature", "geometry": {"type": "Polygon", "coordinates": [[[79.2806196, 10.6010172], [79.2805799, 10.6008164], [79.2804854, 10.6008107], [79.2803406, 10.6008864], [79.2803336, 10.6009794], [79.2806196, 10.6010172]]]}, "properties": {"osm_id": "1501026790", "name": "", "kind": "landuse", "landuse": "residential", "natural": null, "water": null, "waterway": null}}, {"type": "Feature", "geometry": {"type": "Polygon", "coordinates": [[[79.3813504, 10.8989524], [79.3813853, 10.8988339], [79.3812672, 10.8988049], [79.3812351, 10.8989235], [79.3813504, 10.8989524]]]}, "properties": {"osm_id": "1571236400", "name": "Tillaiyambur Sivan Temple", "kind": "landuse", "landuse": "religious", "natural": null, "water": null, "waterway": null}}, {"type": "Feature", "geometry": {"type": "Polygon", "coordinates": [[[79.3792025, 10.8980993], [79.3792095, 10.8979826], [79.3789691, 10.8979243], [79.3789606, 10.898041], [79.3792025, 10.8980993]]]}, "properties": {"osm_id": "1571236408", "name": "Tillaiyambur Venugopalaswamy Temple", "kind": "landuse", "landuse": "religious", "natural": null, "water": null, "waterway": null}}, {"type": "Feature", "geometry": {"type": "Polygon", "coordinates": [[[79.3809522, 10.8969489], [79.3810582, 10.8969672], [79.3810673, 10.8968961], [79.3810759, 10.8968282], [79.3809591, 10.8968109], [79.3809379, 10.8969464], [79.3809522, 10.8969489]]]}, "properties": {"osm_id": "1571236410", "name": "Tillaiyambur Vinayakar Kovil", "kind": "landuse", "landuse": "religious", "natural": null, "water": null, "waterway": null}}, {"type": "Feature", "geometry": {"type": "Polygon", "coordinates": [[[79.3828597, 10.8976122], [79.3841042, 10.8976701], [79.3841954, 10.8976701], [79.3842142, 10.8974831], [79.3820228, 10.8971565], [79.3812745, 10.897067], [79.3812477, 10.8973119], [79.3828597, 10.8976122]]]}, "properties": {"osm_id": "1573790670", "name": "", "kind": "landuse", "landuse": "residential", "natural": null, "water": null, "waterway": null}}, {"type": "Feature", "geometry": {"type": "Polygon", "coordinates": [[[79.3841901, 10.8973158], [79.3842142, 10.8971157], [79.3838951, 10.896926], [79.382562, 10.8967021], [79.3816742, 10.8967706], [79.3815763, 10.8967179], [79.381359, 10.8967456], [79.3813027, 10.8967733], [79.3812973, 10.8969273], [79.3841901, 10.8973158]]]}, "properties": {"osm_id": "1573790672", "name": "", "kind": "landuse", "landuse": "residential", "natural": null, "water": null, "waterway": null}}, {"type": "Feature", "geometry": {"type": "Polygon", "coordinates": [[[79.3910152, 10.897622], [79.3910573, 10.8973882], [79.3910829, 10.8972827], [79.3910292, 10.8972185], [79.3910386, 10.8969227], [79.3910573, 10.8968723], [79.3910339, 10.8967141], [79.3908891, 10.8967255], [79.3909522, 10.8971176], [79.3908658, 10.8975854], [79.3910152, 10.897622]]]}, "properties": {"osm_id": "1573791970", "name": "", "kind": "landuse", "landuse": "residential", "natural": null, "water": null, "waterway": null}}, {"type": "Feature", "geometry": {"type": "Polygon", "coordinates": [[[79.3908494, 10.8968425], [79.3908401, 10.8967232], [79.3904502, 10.8967255], [79.3904385, 10.8968562], [79.3908494, 10.8968425]]]}, "properties": {"osm_id": "1573791972", "name": "", "kind": "landuse", "landuse": "residential", "natural": null, "water": null, "waterway": null}}, {"type": "Feature", "geometry": {"type": "Polygon", "coordinates": [[[79.1188488, 10.7727174], [79.1214793, 10.7738312], [79.1196805, 10.7711788], [79.1189754, 10.7710857], [79.1187999, 10.7726918], [79.1188488, 10.7727174]]]}, "properties": {"osm_id": "1597267510", "name": "play ground", "kind": "landuse", "landuse": "commercial", "natural": null, "water": null, "waterway": null}}, {"type": "Feature", "geometry": {"type": "Polygon", "coordinates": [[[79.2296863, 10.4250196], [79.2300859, 10.4250064], [79.2309201, 10.425141], [79.2310247, 10.4244709], [79.2312553, 10.4243311], [79.2315611, 10.4244841], [79.2319635, 10.4244498], [79.2320144, 10.4245896], [79.2321861, 10.4245712], [79.2322652, 10.4247334], [79.2323604, 10.4251251], [79.2326769, 10.4251119], [79.2326152, 10.4247552], [79.2329599, 10.4247564], [79.2332247, 10.4239965], [79.23493, 10.4239433], [79.2342862, 10.422809], [79.233613, 10.4217222], [79.2318016, 10.4202969], [79.230051, 10.4215032], [79.2297654, 10.4224014], [79.229646, 10.4241016], [79.2296863, 10.4250196]]]}, "properties": {"osm_id": "1775718746", "name": "Kayavoor", "kind": "landuse", "landuse": "residential", "natural": null, "water": null, "waterway": null}}, {"type": "Feature", "geometry": {"type": "Polygon", "coordinates": [[[79.274801, 10.7353006], [79.2747688, 10.7361228], [79.2752087, 10.7367869], [79.2756593, 10.7375775], [79.2763889, 10.7427741], [79.2763674, 10.7436385], [79.2767429, 10.7435436], [79.2779231, 10.7430166], [79.2786097, 10.7426055], [79.2818391, 10.7394854], [79.2837703, 10.7380623], [79.2861092, 10.7367447], [79.28568, 10.7332662], [79.2855191, 10.731548], [79.2861199, 10.730926], [79.2851007, 10.728997], [79.28303, 10.7256448], [79.2820966, 10.7261297], [79.2813241, 10.7265725], [79.2802191, 10.7277426], [79.2784703, 10.7290181], [79.2776656, 10.7300089], [79.276464, 10.7316217], [79.2740822, 10.733224], [79.274801, 10.7353006]]]}, "properties": {"osm_id": "1783570876", "name": "", "kind": "landuse", "landuse": "farmland", "natural": null, "water": null, "waterway": null}}, {"type": "Feature", "geometry": {"type": "Polygon", "coordinates": [[[79.2316389, 10.7287756], [79.2321324, 10.7300616], [79.2336452, 10.7324861], [79.2351901, 10.7350371], [79.2355335, 10.7375353], [79.23563, 10.7378831], [79.2369175, 10.7376829], [79.238795, 10.7371874], [79.2407906, 10.7365023], [79.2431295, 10.7349], [79.2443955, 10.7335086], [79.2458868, 10.732581], [79.2469168, 10.7324123], [79.2491913, 10.7323702], [79.2486012, 10.7272998], [79.2479145, 10.7257608], [79.2472279, 10.7244642], [79.2463374, 10.7234944], [79.2448568, 10.7222189], [79.2437088, 10.7215337], [79.2388379, 10.7244958], [79.2324328, 10.7271522], [79.231596, 10.7278374], [79.2316389, 10.7287756]]]}, "properties": {"osm_id": "1783570878", "name": "", "kind": "landuse", "landuse": "farmland", "natural": null, "water": null, "waterway": null}}, {"type": "Feature", "geometry": {"type": "Polygon", "coordinates": [[[79.2443955, 10.7379569], [79.2537081, 10.7369977], [79.2536116, 10.735659], [79.2517555, 10.7357012], [79.2514443, 10.7325705], [79.2492556, 10.7332978], [79.247303, 10.7333821], [79.2449319, 10.7351109], [79.2441165, 10.7356168], [79.2443955, 10.7379569]]]}, "properties": {"osm_id": "1783570880", "name": "", "kind": "landuse", "landuse": "farmland", "natural": null, "water": null, "waterway": null}}, {"type": "Feature", "geometry": {"type": "Polygon", "coordinates": [[[79.2804765, 10.7480866], [79.2948746, 10.7478758], [79.2944455, 10.736302], [79.2856049, 10.7405816], [79.2787599, 10.7443763], [79.2804765, 10.7480866]]]}, "properties": {"osm_id": "1783570882", "name": "", "kind": "landuse", "landuse": "farmland", "natural": null, "water": null, "waterway": null}}, {"type": "Feature", "geometry": {"type": "Polygon", "coordinates": [[[79.1658738, 10.7811455], [79.1659462, 10.7815855], [79.166252, 10.7820993], [79.1677996, 10.7822626], [79.1681457, 10.7811007], [79.1675797, 10.7806], [79.1672176, 10.7804604], [79.1659489, 10.7803023], [79.1659221, 10.7805605], [79.1654929, 10.7805711], [79.1658738, 10.7811455]]]}, "properties": {"osm_id": "1813275098", "name": "", "kind": "landuse", "landuse": "residential", "natural": null, "water": null, "waterway": null}}, {"type": "Feature", "geometry": {"type": "Polygon", "coordinates": [[[79.0175933, 10.7281774], [79.0178158, 10.7281579], [79.0178067, 10.7280566], [79.0175841, 10.728076], [79.0175933, 10.7281774]]]}, "properties": {"osm_id": "1948210352", "name": "", "kind": "landuse", "landuse": "commercial", "natural": null, "water": null, "waterway": null}}, {"type": "Feature", "geometry": {"type": "Polygon", "coordinates": [[[79.5407018, 11.1628767], [79.5405811, 11.1636056], [79.5407689, 11.1636371], [79.5406964, 11.1643713], [79.5404363, 11.1644003], [79.5403987, 11.1647924], [79.5401694, 11.1648239], [79.5401734, 11.1651134], [79.5404631, 11.1651423], [79.5404685, 11.1652423], [79.5406347, 11.1652634], [79.5405677, 11.1655555], [79.5403853, 11.1657778], [79.540498, 11.1658568], [79.5404631, 11.1662028], [79.54074833753326, 11.166232260365321], [79.54085, 11.16574], [79.54095, 11.16524], [79.5412, 11.16396], [79.54125, 11.16372], [79.54133, 11.16331], [79.54151, 11.16326], [79.54174, 11.1632], [79.54241267131488, 11.163037910526533], [79.5407018, 11.1628767]]]}, "properties": {"osm_id": "1997468374", "name": "", "kind": "landuse", "landuse": "residential", "natural": null, "water": null, "waterway": null}}, {"type": "Feature", "geometry": {"type": "Polygon", "coordinates": [[[79.5406267, 11.1668028], [79.5404631, 11.1662028], [79.540498, 11.1658568], [79.5403853, 11.1657778], [79.540225, 11.1660337], [79.5402458, 11.1663002], [79.5401815, 11.1666317], [79.5397764, 11.1665765], [79.5397751, 11.165966], [79.5393312, 11.166016], [79.5393017, 11.1666962], [79.5394452, 11.1667225], [79.5394412, 11.166837], [79.5397389, 11.1672422], [79.5399749, 11.1672501], [79.5401734, 11.1675606], [79.5404631, 11.1675869], [79.54047480413881, 11.167599485834664], [79.54058, 11.16707], [79.5406, 11.16697], [79.54063125301471, 11.166808526090673], [79.5406267, 11.1668028]]]}, "properties": {"osm_id": "1997468376", "name": "", "kind": "landuse", "landuse": "residential", "natural": null, "water": null, "waterway": null}}, {"type": "Feature", "geometry": {"type": "Polygon", "coordinates": [[[79.0971287, 10.7533354], [79.0991184, 10.751079], [79.1007793, 10.7524926], [79.1043949, 10.7483923], [79.1020074, 10.7463602], [79.1025595, 10.745734], [79.1022463, 10.7454674], [79.1025933, 10.7450739], [79.102698, 10.7445332], [79.0987821, 10.7412002], [79.0919603, 10.7489365], [79.0971287, 10.7533354]]]}, "properties": {"osm_id": "2002330086", "name": "", "kind": "landuse", "landuse": "forest", "natural": null, "water": null, "waterway": null}}, {"type": "Feature", "geometry": {"type": "Polygon", "coordinates": [[[79.2484497, 10.1999269], [79.2488056, 10.2004724], [79.2493242, 10.2010478], [79.2494361, 10.2014081], [79.2504072, 10.2024889], [79.2507529, 10.2027741], [79.2511393, 10.2031144], [79.2515664, 10.20384], [79.2519731, 10.20384], [79.2526239, 10.2034647], [79.2527713, 10.2032845], [79.2533459, 10.2028542], [79.2535238, 10.202549], [79.2538289, 10.2022237], [79.2542254, 10.2017133], [79.2540933, 10.2010328], [79.2542204, 10.2006875], [79.2549423, 10.2004173], [79.2550288, 10.1990813], [79.2554101, 10.1986559], [79.2563812, 10.1982006], [79.2569506, 10.1975851], [79.2563202, 10.1959488], [79.2552626, 10.1964442], [79.2548406, 10.1975951], [79.2547491, 10.1979153], [79.2541441, 10.1982806], [79.2533662, 10.1984057], [79.253051, 10.1984057], [79.2525476, 10.1982406], [79.2522578, 10.1982506], [79.2523493, 10.1986809], [79.2523799, 10.1994065], [79.2520392, 10.1994065], [79.2512766, 10.1991363], [79.2509512, 10.1991663], [79.2513986, 10.1997368], [79.2511545, 10.1998218], [79.2505038, 10.1996917], [79.2499038, 10.1992564], [79.249614, 10.1990062], [79.2488615, 10.1985659], [79.2484955, 10.1986209], [79.2480989, 10.1992214], [79.2484497, 10.1999269]]]}, "properties": {"osm_id": "2004262354", "name": "", "kind": "landuse", "landuse": "residential", "natural": null, "water": null, "waterway": null}}, {"type": "Feature", "geometry": {"type": "Polygon", "coordinates": [[[79.2514393, 10.2083985], [79.2519121, 10.2085486], [79.252451, 10.2095994], [79.2525934, 10.2100097], [79.2536885, 10.2102873], [79.2540373, 10.2102448], [79.2544898, 10.2100197], [79.2547847, 10.2098395], [79.2553236, 10.2097044], [79.2556236, 10.2095043], [79.255166, 10.2080782], [79.2554355, 10.207858], [79.2558677, 10.207823], [79.2565185, 10.207798], [79.2564473, 10.2067122], [79.2564879, 10.206487], [79.2559795, 10.2060166], [79.2558626, 10.2057264], [79.2554914, 10.2055513], [79.254983, 10.2054562], [79.2544339, 10.2050209], [79.2536611, 10.2045105], [79.2531577, 10.2044154], [79.2523239, 10.2042803], [79.2514799, 10.2046806], [79.2512206, 10.2048558], [79.2507478, 10.2055263], [79.2506054, 10.2061367], [79.2504987, 10.2072176], [79.2503563, 10.2084835], [79.2514393, 10.2083985]]]}, "properties": {"osm_id": "2004262356", "name": "", "kind": "landuse", "landuse": "residential", "natural": null, "water": null, "waterway": null}}, {"type": "Feature", "geometry": {"type": "Polygon", "coordinates": [[[79.2400545, 10.1905359], [79.2403952, 10.1911213], [79.2413561, 10.190766], [79.2418238, 10.1910913], [79.241656, 10.1913165], [79.2414171, 10.1914866], [79.2416103, 10.1918419], [79.2420729, 10.1917968], [79.2422153, 10.192007], [79.2424288, 10.1924824], [79.2420831, 10.1927876], [79.2421289, 10.1930178], [79.2423983, 10.1929377], [79.2433795, 10.1942287], [79.2436236, 10.1941187], [79.2438168, 10.1946491], [79.2441371, 10.1951945], [79.2447828, 10.1950344], [79.2451183, 10.1946441], [79.2456064, 10.194519], [79.2464148, 10.1942137], [79.2468469, 10.1948442], [79.2472486, 10.1954547], [79.2478485, 10.1952996], [79.2480366, 10.194624], [79.2479502, 10.1940936], [79.2475028, 10.1930378], [79.2472333, 10.1923223], [79.2469384, 10.1915717], [79.2470045, 10.1913415], [79.2467452, 10.190781], [79.2466029, 10.1903457], [79.2459165, 10.1897352], [79.2456318, 10.1892248], [79.2451132, 10.1885043], [79.2442845, 10.1877286], [79.2439795, 10.1872633], [79.2437558, 10.1870981], [79.2431762, 10.1872232], [79.242622, 10.1875585], [79.2423475, 10.1879288], [79.2416611, 10.1880389], [79.2411476, 10.188129], [79.2406341, 10.1887745], [79.2403596, 10.1888195], [79.2403443, 10.1891998], [79.2402172, 10.189425], [79.2399223, 10.1896452], [79.2397495, 10.1900955], [79.2400545, 10.1905359]]]}, "properties": {"osm_id": "2004262358", "name": "", "kind": "landuse", "landuse": "residential", "natural": null, "water": null, "waterway": null}}, {"type": "Feature", "geometry": {"type": "Polygon", "coordinates": [[[79.2258556, 10.1534539], [79.2263843, 10.1533288], [79.2278687, 10.1525532], [79.2278229, 10.1524281], [79.228255, 10.152243], [79.228072, 10.1519027], [79.2278941, 10.1517476], [79.2276094, 10.1516675], [79.2274366, 10.1515674], [79.2273248, 10.151072], [79.2274315, 10.1504165], [79.2271621, 10.1499962], [79.2268977, 10.1498861], [79.2265063, 10.1500963], [79.2260437, 10.1505016], [79.2252945, 10.1508228], [79.2252914, 10.1513222], [79.2258556, 10.1534539]]]}, "properties": {"osm_id": "2004262360", "name": "", "kind": "landuse", "landuse": "residential", "natural": null, "water": null, "waterway": null}}, {"type": "Feature", "geometry": {"type": "Polygon", "coordinates": [[[79.2288365, 10.1658718], [79.229111, 10.1659718], [79.2296651, 10.1658568], [79.2297617, 10.1655165], [79.2303616, 10.1653814], [79.2308344, 10.1666073], [79.2313631, 10.1664272], [79.2314648, 10.1667475], [79.231536, 10.1671378], [79.2316834, 10.1676982], [79.2318918, 10.1679534], [79.2319833, 10.1681535], [79.2317952, 10.1683037], [79.2318308, 10.168699], [79.2323117, 10.1686711], [79.2326239, 10.168744], [79.2328069, 10.168714], [79.2330102, 10.1683137], [79.2332339, 10.1680485], [79.2338135, 10.1681886], [79.234454, 10.1681485], [79.2345404, 10.1680535], [79.2346218, 10.1675281], [79.2348048, 10.167458], [79.2354352, 10.1673629], [79.23573, 10.1671528], [79.2358927, 10.1668425], [79.2355826, 10.1664572], [79.2358293, 10.1661365], [79.2357254, 10.1659131], [79.2352318, 10.1654314], [79.2348607, 10.1652313], [79.2343371, 10.1652113], [79.233833, 10.1654268], [79.233544, 10.1657166], [79.2326595, 10.1657116], [79.2323341, 10.1653414], [79.2318918, 10.1654614], [79.2317393, 10.1651062], [79.231536, 10.1651012], [79.2312287, 10.1649852], [79.2309361, 10.1649611], [79.2304785, 10.1650661], [79.2303616, 10.1647709], [79.2295635, 10.1649711], [79.2296296, 10.1653414], [79.2291669, 10.1655165], [79.2287843, 10.1657449], [79.2288365, 10.1658718]]]}, "properties": {"osm_id": "2004262368", "name": "", "kind": "landuse", "landuse": "residential", "natural": null, "water": null, "waterway": null}}, {"type": "Feature", "geometry": {"type": "Polygon", "coordinates": [[[79.4830745, 10.9528564], [79.4832582, 10.9528798], [79.4832918, 10.9524628], [79.4833522, 10.9521171], [79.4831161, 10.9520381], [79.4830665, 10.9523067], [79.4829835, 10.9528438], [79.4830745, 10.9528564]]]}, "properties": {"osm_id": "2019342598", "name": "", "kind": "landuse", "landuse": "farmland", "natural": null, "water": null, "waterway": null}}, {"type": "Feature", "geometry": {"type": "Polygon", "coordinates": [[[79.4834273, 10.9529012], [79.4835345, 10.9529038], [79.4837733, 10.9529539], [79.4838497, 10.9529433], [79.4841884, 10.9529806], [79.4842386, 10.9522732], [79.4838926, 10.9522179], [79.483611, 10.952152], [79.4833522, 10.9521171], [79.4832918, 10.9524628], [79.4832582, 10.9528798], [79.4834273, 10.9529012]]]}, "properties": {"osm_id": "2019342600", "name": "", "kind": "landuse", "landuse": "farmland", "natural": null, "water": null, "waterway": null}}, {"type": "Feature", "geometry": {"type": "Polygon", "coordinates": [[[79.4827661, 10.9528894], [79.4828573, 10.9528262], [79.4828767, 10.9527722], [79.4828794, 10.9526958], [79.4828385, 10.9526754], [79.482757, 10.9526598], [79.4827419, 10.9528051], [79.4826937, 10.9528736], [79.4827661, 10.9528894]]]}, "properties": {"osm_id": "2019342602", "name": "", "kind": "landuse", "landuse": "farmland", "natural": null, "water": null, "waterway": null}}, {"type": "Feature", "geometry": {"type": "Polygon", "coordinates": [[[79.4828385, 10.9526754], [79.4828794, 10.9526958], [79.4828767, 10.9527722], [79.4828573, 10.9528262], [79.4829835, 10.9528438], [79.4830665, 10.9523067], [79.4831161, 10.9520381], [79.4830316, 10.9519782], [79.4828761, 10.9519677], [79.4828171, 10.9522337], [79.4827634, 10.9524865], [79.4827607, 10.9526234], [79.482757, 10.9526598], [79.4828385, 10.9526754]]]}, "properties": {"osm_id": "2019342604", "name": "", "kind": "landuse", "landuse": "farmland", "natural": null, "water": null, "waterway": null}}, {"type": "Feature", "geometry": {"type": "Polygon", "coordinates": [[[79.482066, 10.9523864], [79.4823356, 10.9524075], [79.4827634, 10.9524865], [79.4828171, 10.9522337], [79.4828761, 10.9519677], [79.4824952, 10.9519835], [79.482066, 10.9519861], [79.4820634, 10.9523232], [79.482066, 10.9523864]]]}, "properties": {"osm_id": "2019342606", "name": "", "kind": "landuse", "landuse": "farmland", "natural": null, "water": null, "waterway": null}}, {"type": "Feature", "geometry": {"type": "Polygon", "coordinates": [[[79.4826937, 10.9533686], [79.4827151, 10.9531659], [79.4826762, 10.9529328], [79.4820164, 10.9528999], [79.4819829, 10.9532975], [79.4826937, 10.9533686]]]}, "properties": {"osm_id": "2019342608", "name": "", "kind": "landuse", "landuse": "farmland", "natural": null, "water": null, "waterway": null}}, {"type": "Feature", "geometry": {"type": "Polygon", "coordinates": [[[79.4820164, 10.9528999], [79.4826762, 10.9529328], [79.4826937, 10.9528736], [79.4827419, 10.9528051], [79.482757, 10.9526598], [79.4827607, 10.9526234], [79.4827634, 10.9524865], [79.4823356, 10.9524075], [79.482066, 10.9523864], [79.4820151, 10.9526155], [79.4820164, 10.9528999]]]}, "properties": {"osm_id": "2019342610", "name": "", "kind": "landuse", "landuse": "farmland", "natural": null, "water": null, "waterway": null}}, {"type": "Feature", "geometry": {"type": "Polygon", "coordinates": [[[79.4819829, 10.9532975], [79.4820164, 10.9528999], [79.4820151, 10.9526155], [79.482066, 10.9523864], [79.4820634, 10.9523232], [79.482066, 10.9519861], [79.4818541, 10.9519545], [79.4815993, 10.9518703], [79.4814867, 10.9518518], [79.481492, 10.9519914], [79.4814303, 10.9521257], [79.4813794, 10.9522574], [79.4813552, 10.9524075], [79.4813177, 10.9525865], [79.4812989, 10.9527498], [79.481315, 10.9529578], [79.4812801, 10.9531896], [79.4819829, 10.9532975]]]}, "properties": {"osm_id": "2019342612", "name": "", "kind": "landuse", "landuse": "farmland", "natural": null, "water": null, "waterway": null}}, {"type": "Feature", "geometry": {"type": "Polygon", "coordinates": [[[79.4827098, 10.9547511], [79.4827554, 10.9549829], [79.4827929, 10.9551172], [79.4827688, 10.9553199], [79.4826856, 10.9556675], [79.4839865, 10.9558229], [79.4840164, 10.9554016], [79.4840434, 10.9550212], [79.4840668, 10.9546921], [79.4840923, 10.9543325], [79.4836901, 10.954314], [79.4834648, 10.9542995], [79.4833575, 10.9542745], [79.4832838, 10.9542837], [79.4827044, 10.9542166], [79.4826749, 10.9544773], [79.4827098, 10.9547511]]]}, "properties": {"osm_id": "2019342614", "name": "", "kind": "landuse", "landuse": "farmland", "natural": null, "water": null, "waterway": null}}, {"type": "Feature", "geometry": {"type": "Polygon", "coordinates": [[[79.4826722, 10.9539427], [79.4827259, 10.9540533], [79.4827044, 10.9542166], [79.4832838, 10.9542837], [79.4833575, 10.9542745], [79.4834648, 10.9542995], [79.4836901, 10.954314], [79.4840923, 10.9543325], [79.4841866, 10.9530052], [79.4841884, 10.9529806], [79.4838497, 10.9529433], [79.4837733, 10.9529539], [79.4835345, 10.9529038], [79.4834273, 10.9529012], [79.4832582, 10.9528798], [79.4830745, 10.9528564], [79.4829835, 10.9528438], [79.4828573, 10.9528262], [79.4827661, 10.9528894], [79.4826937, 10.9528736], [79.4826762, 10.9529328], [79.4827151, 10.9531659], [79.4826937, 10.9533686], [79.4826829, 10.953553], [79.4826534, 10.9537715], [79.4826722, 10.9539427]]]}, "properties": {"osm_id": "2019342616", "name": "", "kind": "landuse", "landuse": "farmland", "natural": null, "water": null, "waterway": null}}, {"type": "Feature", "geometry": {"type": "Polygon", "coordinates": [[[79.4811809, 10.9554674], [79.481425, 10.9554832], [79.4817173, 10.9556017], [79.4826856, 10.9556675], [79.4827688, 10.9553199], [79.4827929, 10.9551172], [79.4827554, 10.9549829], [79.4827098, 10.9547511], [79.4826749, 10.9544773], [79.4827044, 10.9542166], [79.4827259, 10.9540533], [79.4826722, 10.9539427], [79.4826534, 10.9537715], [79.4826829, 10.953553], [79.4826937, 10.9533686], [79.4819829, 10.9532975], [79.4812801, 10.9531896], [79.4812614, 10.9532817], [79.4812372, 10.9534792], [79.4812721, 10.9536846], [79.4811863, 10.9540375], [79.4811031, 10.9543298], [79.4811138, 10.954472], [79.4811675, 10.9546827], [79.4810951, 10.9549039], [79.4811031, 10.955104], [79.4810468, 10.9553989], [79.4811809, 10.9554674]]]}, "properties": {"osm_id": "2019342618", "name": "", "kind": "landuse", "landuse": "farmland", "natural": null, "water": null, "waterway": null}}, {"type": "Feature", "geometry": {"type": "Polygon", "coordinates": [[[79.4851345, 10.9530921], [79.485396, 10.952447], [79.4852646, 10.952389], [79.485016, 10.9523365], [79.4848502, 10.9530447], [79.4851345, 10.9530921]]]}, "properties": {"osm_id": "2019342620", "name": "", "kind": "landuse", "landuse": "farmland", "natural": null, "water": null, "waterway": null}}, {"type": "Feature", "geometry": {"type": "Polygon", "coordinates": [[[79.484799, 10.9547418], [79.4848099, 10.9543823], [79.4840923, 10.9543325], [79.4840668, 10.9546921], [79.484799, 10.9547418]]]}, "properties": {"osm_id": "2019342622", "name": "", "kind": "landuse", "landuse": "farmland", "natural": null, "water": null, "waterway": null}}, {"type": "Feature", "geometry": {"type": "Polygon", "coordinates": [[[79.484733, 10.9550623], [79.4847804, 10.9549631], [79.4847952, 10.9548525], [79.484799, 10.9547418], [79.4840668, 10.9546921], [79.4840434, 10.9550212], [79.484733, 10.9550623]]]}, "properties": {"osm_id": "2019342624", "name": "", "kind": "landuse", "landuse": "farmland", "natural": null, "water": null, "waterway": null}}, {"type": "Feature", "geometry": {"type": "Polygon", "coordinates": [[[79.4847101, 10.9554574], [79.484733, 10.9550623], [79.4840434, 10.9550212], [79.4840164, 10.9554016], [79.4847101, 10.9554574]]]}, "properties": {"osm_id": "2019342626", "name": "", "kind": "landuse", "landuse": "farmland", "natural": null, "water": null, "waterway": null}}, {"type": "Feature", "geometry": {"type": "Polygon", "coordinates": [[[79.4848502, 10.9530447], [79.485016, 10.9523365], [79.4846463, 10.9523548], [79.4845143, 10.9530247], [79.4848502, 10.9530447]]]}, "properties": {"osm_id": "2019342628", "name": "", "kind": "landuse", "landuse": "farmland", "natural": null, "water": null, "waterway": null}}, {"type": "Feature", "geometry": {"type": "Polygon", "coordinates": [[[79.4848099, 10.9543823], [79.4849159, 10.9536873], [79.4851345, 10.9530921], [79.4848502, 10.9530447], [79.4845143, 10.9530247], [79.4841866, 10.9530052], [79.4840923, 10.9543325], [79.4848099, 10.9543823]]]}, "properties": {"osm_id": "2019342630", "name": "", "kind": "landuse", "landuse": "farmland", "natural": null, "water": null, "waterway": null}}, {"type": "Feature", "geometry": {"type": "Polygon", "coordinates": [[[79.4845143, 10.9530247], [79.4846463, 10.9523548], [79.4845122, 10.95226], [79.4843861, 10.9522179], [79.4842386, 10.9522732], [79.4841884, 10.9529806], [79.4841866, 10.9530052], [79.4845143, 10.9530247]]]}, "properties": {"osm_id": "2019342632", "name": "", "kind": "landuse", "landuse": "farmland", "natural": null, "water": null, "waterway": null}}, {"type": "Feature", "geometry": {"type": "Polygon", "coordinates": [[[79.4846807, 10.9558704], [79.4847101, 10.9554574], [79.4840164, 10.9554016], [79.4839865, 10.9558229], [79.4846807, 10.9558704]]]}, "properties": {"osm_id": "2019342634", "name": "", "kind": "landuse", "landuse": "farmland", "natural": null, "water": null, "waterway": null}}, {"type": "Feature", "geometry": {"type": "Polygon", "coordinates": [[[79.0404725, 10.7658734], [79.0408856, 10.7659788], [79.0409553, 10.7665111], [79.041186, 10.766627], [79.041363, 10.7675018], [79.041996, 10.7674702], [79.0419638, 10.7678496], [79.0423661, 10.7678865], [79.0424091, 10.7680815], [79.043085, 10.768208], [79.0430582, 10.768677], [79.0429348, 10.7686744], [79.0428919, 10.7689827], [79.0432405, 10.7690169], [79.043211, 10.7692383], [79.0434632, 10.7692962], [79.0434819, 10.7696546], [79.0442088, 10.7700683], [79.0444154, 10.7704293], [79.044638, 10.7705347], [79.0446702, 10.7707033], [79.0455955, 10.7708192], [79.0455714, 10.7702211], [79.0466255, 10.7701368], [79.0467972, 10.7704793], [79.0470949, 10.7705478], [79.0484333, 10.7705136], [79.0485164, 10.7708087], [79.0496805, 10.7707033], [79.0498039, 10.7707665], [79.0498066, 10.7708772], [79.0507373, 10.7706664], [79.0506515, 10.7712725], [79.0515581, 10.7711012], [79.0516707, 10.7713489], [79.0519631, 10.7720471], [79.0519497, 10.7726005], [79.0526229, 10.7724608], [79.0525746, 10.7720708], [79.0527168, 10.7720366], [79.0526926, 10.7713831], [79.0523145, 10.770366], [79.0524217, 10.7702633], [79.0528348, 10.7701473], [79.0527222, 10.769507], [79.0528414, 10.7684166], [79.0541971, 10.768228], [79.0553427, 10.7767347], [79.0664238, 10.7752946], [79.0653416, 10.767258], [79.0658242, 10.7626911], [79.0662056, 10.7626745], [79.0677077, 10.7628853], [79.0677023, 10.7625533], [79.0672785, 10.762469], [79.0671766, 10.7617206], [79.0675253, 10.7615414], [79.0674233, 10.7613359], [79.0677398, 10.7611567], [79.0684479, 10.7610987], [79.0684265, 10.76083], [79.0689307, 10.7607931], [79.0688986, 10.7619736], [79.0681046, 10.7621528], [79.0680832, 10.7625217], [79.0680993, 10.7629064], [79.0682119, 10.7629485], [79.0688556, 10.7629116], [79.0690756, 10.763066], [79.0689576, 10.7635361], [79.0689576, 10.7637575], [79.0692848, 10.7638787], [79.0692848, 10.7645638], [79.0692043, 10.7647193], [79.0695772, 10.7649353], [79.0699393, 10.7650697], [79.0702048, 10.7650592], [79.0709317, 10.7649511], [79.0710711, 10.7657232], [79.071511, 10.7657469], [79.0715137, 10.7659656], [79.0717739, 10.7661395], [79.0719375, 10.7662133], [79.0728521, 10.7663793], [79.072144, 10.7711908], [79.0724137, 10.7712362], [79.068491, 10.7712327], [79.0684855, 10.7773565], [79.0806305, 10.777367], [79.0806308, 10.7770551], [79.0976353, 10.7772201], [79.0976521, 10.7755523], [79.0945685, 10.7755224], [79.0945769, 10.7746849], [79.0940024, 10.7746794], [79.0940185, 10.773074], [79.0900927, 10.7730359], [79.0906405, 10.7708957], [79.0889568, 10.7695963], [79.086011, 10.7670732], [79.0857535, 10.7668852], [79.0853834, 10.7666217], [79.0836722, 10.765573], [79.0804857, 10.7642977], [79.0756845, 10.7625322], [79.0753519, 10.7624637], [79.0719616, 10.7606086], [79.0693974, 10.7582582], [79.0675521, 10.7556125], [79.0660286, 10.7529142], [79.0645909, 10.7512383], [79.0628528, 10.750005], [79.0610826, 10.7493726], [79.0597415, 10.7492566], [79.0580463, 10.7494675], [79.056327, 10.7499286], [79.0559542, 10.7501394], [79.0556419, 10.7503246], [79.0554118, 10.7504612], [79.0549591, 10.7507297], [79.0545721, 10.7510055], [79.0543529, 10.7511618], [79.0536797, 10.7517495], [79.0526551, 10.7524346], [79.0512443, 10.7529774], [79.0499246, 10.7531988], [79.0499622, 10.7537891], [79.0499675, 10.7542739], [79.0501231, 10.7550434], [79.0502196, 10.7550697], [79.0513354, 10.7553754], [79.0513462, 10.7555651], [79.0523976, 10.7556073], [79.0523869, 10.7560974], [79.0516573, 10.7560921], [79.0516734, 10.7565032], [79.0534276, 10.7564558], [79.0537199, 10.7565664], [79.0545648, 10.7570091], [79.0551388, 10.7572726], [79.0551838, 10.7572794], [79.054983, 10.7577185], [79.0538299, 10.7572779], [79.052639, 10.7571409], [79.051491, 10.7570566], [79.0510189, 10.7569301], [79.0504181, 10.7562766], [79.0497315, 10.7553596], [79.0489697, 10.7533464], [79.0471458, 10.7539788], [79.0459657, 10.7547272], [79.0451074, 10.7555915], [79.04441, 10.7566033], [79.0434873, 10.7591119], [79.0431923, 10.7598392], [79.042688, 10.7612463], [79.0415776, 10.7634755], [79.0403974, 10.7652674], [79.0404725, 10.7658734]]]}, "properties": {"osm_id": "2083214176", "name": "", "kind": "landuse", "landuse": "farmland", "natural": null, "water": null, "waterway": null}}, {"type": "Feature", "geometry": {"type": "Polygon", "coordinates": [[[78.9782186, 10.7997092], [78.978106, 10.800021], [78.9794009, 10.8004722], [78.979498, 10.8011638], [78.9808571, 10.8009797], [78.9827081, 10.8016247], [78.981421, 10.8051271], [78.9857338, 10.8066564], [78.9862958, 10.8051272], [78.9866352, 10.8061809], [78.9908409, 10.8048741], [78.9906089, 10.8041539], [78.9912928, 10.8042247], [78.9911842, 10.8049795], [78.9972567, 10.8058226], [78.998023, 10.8004973], [78.9976517, 10.8004457], [78.997716, 10.7990481], [79.0040267, 10.7990929], [79.0043009, 10.8032091], [79.0021754, 10.8032858], [79.0021169, 10.8028823], [78.9979756, 10.8034619], [78.9984135, 10.8064811], [78.9988267, 10.8064233], [78.9988339, 10.8065814], [78.9987105, 10.8071452], [79.0002555, 10.8078302], [79.0012908, 10.8084888], [79.0015966, 10.8086206], [79.0034419, 10.8086943], [79.0049118, 10.8087418], [79.0057647, 10.8086943], [79.0068269, 10.8084045], [79.0073258, 10.8081727], [79.0074009, 10.8085047], [79.0088063, 10.8083782], [79.0088171, 10.8082939], [79.0096593, 10.8082254], [79.0096378, 10.8084783], [79.0106302, 10.80861], [79.0104586, 10.8078882], [79.0109199, 10.8077564], [79.0121055, 10.808257], [79.0124059, 10.8078618], [79.0129101, 10.8083097], [79.0136772, 10.8086733], [79.0139937, 10.8086996], [79.014616, 10.8084783], [79.015072, 10.8081516], [79.0155816, 10.807983], [79.0162039, 10.8080041], [79.0161771, 10.8077143], [79.0170622, 10.8076721], [79.0170568, 10.8069871], [79.0178454, 10.8070767], [79.0179366, 10.8062494], [79.0181136, 10.8055749], [79.018414, 10.8043999], [79.0186179, 10.8033829], [79.0178561, 10.8033566], [79.0169173, 10.8028296], [79.0160751, 10.8020445], [79.0158015, 10.8016282], [79.01572, 10.8015602], [79.0156034, 10.7998086], [79.0156835, 10.7998103], [79.0157694, 10.799394], [79.0156138, 10.7986773], [79.0155762, 10.7982874], [79.016118, 10.7981082], [79.016161, 10.7978711], [79.0164828, 10.7977552], [79.0164882, 10.7976182], [79.016456, 10.7974706], [79.0165901, 10.7974443], [79.0166384, 10.7968225], [79.0165526, 10.7965274], [79.0164989, 10.7961796], [79.0166491, 10.7960268], [79.017266, 10.7959425], [79.0172821, 10.7957528], [79.0173899, 10.7954838], [79.0258634, 10.7960758], [79.0262327, 10.7937504], [79.0258679, 10.7936318], [79.0257721, 10.7930943], [79.0272599, 10.7928809], [79.0273833, 10.7932709], [79.0300709, 10.7926016], [79.0300065, 10.7923224], [79.0305569, 10.7922668], [79.0304679, 10.7919219], [79.0316963, 10.7916531], [79.0318159, 10.7909824], [79.0322944, 10.7908205], [79.0322515, 10.7907072], [79.0326565, 10.7906651], [79.0326405, 10.7901829], [79.033311, 10.7901118], [79.0332332, 10.7896586], [79.0336376, 10.7895314], [79.0335578, 10.7886916], [79.0342605, 10.7884808], [79.0340888, 10.7874796], [79.0342551, 10.7828528], [79.0324688, 10.7830795], [79.028717, 10.7835361], [79.0288424, 10.7824155], [79.0299529, 10.7822099], [79.0299153, 10.7809189], [79.029527, 10.7783018], [79.0299368, 10.7782366], [79.0302533, 10.7777939], [79.0303498, 10.7772722], [79.0302372, 10.7766925], [79.0300709, 10.77635], [79.0302211, 10.7763131], [79.0302265, 10.7759969], [79.0306181, 10.7757914], [79.0306663, 10.776213], [79.031176, 10.7758124], [79.0305859, 10.7737467], [79.0308434, 10.7735411], [79.030779, 10.772972], [79.0313047, 10.7728877], [79.0313959, 10.772503], [79.031986, 10.7724134], [79.0317231, 10.7714543], [79.0304518, 10.7722816], [79.0276086, 10.7741999], [79.0277803, 10.7744634], [79.0256453, 10.7757387], [79.0244758, 10.7760232], [79.0231186, 10.7760865], [79.0226626, 10.7761603], [79.0226734, 10.7768928], [79.0230381, 10.7778044], [79.0229415, 10.7785363], [79.0227807, 10.7788742], [79.0225017, 10.7793748], [79.0217587, 10.7802931], [79.0216421, 10.7802786], [79.0216488, 10.7805289], [79.0216407, 10.7809795], [79.0217721, 10.7814775], [79.0218848, 10.7818094], [79.0220699, 10.7826183], [79.0222254, 10.7826816], [79.0236899, 10.7824971], [79.0243095, 10.7824076], [79.0245643, 10.7826658], [79.0248996, 10.7832955], [79.0250578, 10.783472], [79.0231374, 10.7836091], [79.0231986, 10.7841398], [79.0221289, 10.7842045], [79.0221691, 10.7847262], [79.0194412, 10.7850481], [79.0187832, 10.7836519], [79.0194815, 10.7836064], [79.02082, 10.7830663], [79.0210319, 10.7833482], [79.0218882, 10.7830488], [79.0213081, 10.7804947], [79.0214208, 10.7797226], [79.0217346, 10.7794987], [79.0219197, 10.7790217], [79.0220243, 10.778811], [79.0220028, 10.7786107], [79.0219223, 10.7784052], [79.0217721, 10.7780679], [79.0221155, 10.7762867], [79.0220082, 10.776039], [79.0174538, 10.7753065], [79.0166116, 10.7752644], [79.0150237, 10.7754119], [79.0133822, 10.7758757], [79.0097237, 10.7774197], [79.0098256, 10.779633], [79.0098766, 10.7800968], [79.0087442, 10.7802469], [79.0087151, 10.7800336], [78.987118, 10.7827685], [78.9872763, 10.7842941], [78.9918333, 10.7851715], [78.9962912, 10.7868051], [78.9986707, 10.7863449], [78.9983291, 10.784794], [79.0000462, 10.7847447], [79.0022027, 10.7846393], [79.0050781, 10.7848395], [79.005357, 10.7851873], [79.0067303, 10.785377], [79.0069985, 10.7865047], [79.006269, 10.7866312], [79.0068698, 10.7880645], [79.0068805, 10.7882911], [79.0082806, 10.7882253], [79.0083155, 10.7887364], [79.0086374, 10.7887443], [79.008624, 10.7888708], [79.0088171, 10.7888813], [79.0088788, 10.7886284], [79.0087929, 10.7881647], [79.0092489, 10.7880593], [79.0092972, 10.7881778], [79.0096001, 10.7881796], [79.0096137, 10.788552], [79.010362, 10.7885836], [79.0103996, 10.7888761], [79.0107402, 10.7888444], [79.0107697, 10.7890131], [79.0109065, 10.7890078], [79.0109763, 10.7893082], [79.0113893, 10.7894979], [79.011605, 10.7895083], [79.0114432, 10.7902316], [79.0085971, 10.7903252], [79.0085381, 10.7908785], [79.0081008, 10.790943], [79.0086508, 10.7935449], [79.0118465, 10.793156], [79.011966, 10.7941035], [79.0147865, 10.7937602], [79.0147217, 10.7932462], [79.0152153, 10.7931861], [79.0154176, 10.7947907], [79.0133718, 10.7950397], [79.0134022, 10.7952809], [79.0133071, 10.7952627], [79.0131354, 10.7952996], [79.0131247, 10.7958845], [79.0128887, 10.7961006], [79.0129101, 10.7967276], [79.0120465, 10.796891], [79.0114006, 10.7970951], [79.0111881, 10.7968857], [79.0105498, 10.7972888], [79.009603, 10.7973442], [79.0084818, 10.7973442], [79.0078347, 10.7974728], [79.0078515, 10.7969542], [79.0080607, 10.7965116], [79.0086347, 10.7959688], [79.0092194, 10.7954208], [79.0081251, 10.79472], [79.0066874, 10.7936503], [79.0058935, 10.7927545], [79.005636, 10.7919956], [79.0053356, 10.7917111], [79.0047991, 10.791279], [79.0050122, 10.7882241], [79.0014075, 10.7874999], [79.0011245, 10.7860621], [78.9964516, 10.7869495], [78.9918011, 10.7852295], [78.9872441, 10.784331], [78.9871851, 10.7839727], [78.9859593, 10.7840385], [78.9859003, 10.784966], [78.9850794, 10.7851217], [78.985042, 10.7866575], [78.984645, 10.7866734], [78.9846343, 10.786921], [78.9842293, 10.7869816], [78.9840737, 10.7875244], [78.984417, 10.7888629], [78.9846665, 10.789208], [78.9847831, 10.7896863], [78.9846839, 10.7899418], [78.9847469, 10.7903805], [78.9851224, 10.7915161], [78.9840066, 10.7916162], [78.9840496, 10.7924383], [78.9837867, 10.7929969], [78.9842615, 10.7932867], [78.9842856, 10.7934026], [78.9842829, 10.7934869], [78.9841542, 10.7936213], [78.9842132, 10.7939032], [78.9841139, 10.7939236], [78.9840254, 10.7938742], [78.9839423, 10.7938848], [78.9838833, 10.7939322], [78.983835, 10.7941193], [78.9837009, 10.7943248], [78.9834139, 10.794359], [78.9833334, 10.7944222], [78.9833227, 10.7944987], [78.9834139, 10.7946093], [78.983717, 10.7946278], [78.9844009, 10.7945013], [78.9845899, 10.7951575], [78.9845537, 10.796603], [78.9789641, 10.79736], [78.9789867, 10.797521], [78.9783096, 10.7972757], [78.9774942, 10.7994467], [78.9782186, 10.7997092]]]}, "properties": {"osm_id": "2084194644", "name": "", "kind": "landuse", "landuse": "farmland", "natural": null, "water": null, "waterway": null}}, {"type": "Feature", "geometry": {"type": "Polygon", "coordinates": [[[79.048436, 10.7831769], [79.0484735, 10.7825419], [79.0490958, 10.782563], [79.0491709, 10.7817726], [79.0484682, 10.7817936], [79.0479586, 10.7831796], [79.048436, 10.7831769]]]}, "properties": {"osm_id": "2086630496", "name": "", "kind": "landuse", "landuse": "residential", "natural": null, "water": null, "waterway": null}}, {"type": "Feature", "geometry": {"type": "Polygon", "coordinates": [[[79.2397129, 10.6577049], [79.2397861, 10.658847], [79.2374861, 10.6588893], [79.2375505, 10.6622633], [79.2400023, 10.6622181], [79.2400288, 10.6626324], [79.2475884, 10.6621642], [79.2476034, 10.6630752], [79.2517876, 10.6630089], [79.2516159, 10.6525495], [79.2487476, 10.6525949], [79.2488184, 10.648469], [79.23563, 10.6482505], [79.2354691, 10.6576346], [79.2397129, 10.6577049]]]}, "properties": {"osm_id": "2092770610", "name": "", "kind": "landuse", "landuse": "farmland", "natural": null, "water": null, "waterway": null}}, {"type": "Feature", "geometry": {"type": "Polygon", "coordinates": [[[79.0034178, 10.7762024], [79.0035197, 10.7765028], [79.0041071, 10.7770772], [79.0046489, 10.7775488], [79.004775, 10.7777702], [79.0049359, 10.7782313], [79.0050995, 10.7781997], [79.0121269, 10.7750589], [79.0135002, 10.774437], [79.0151739, 10.7740576], [79.0161931, 10.7739417], [79.0192455, 10.7744212], [79.0199429, 10.7745635], [79.0223676, 10.7748059], [79.0235156, 10.7748691], [79.0244168, 10.7747479], [79.0253931, 10.7744054], [79.0275282, 10.7730774], [79.0311384, 10.7705531], [79.0309828, 10.7699049], [79.0321469, 10.7696098], [79.0317714, 10.7677337], [79.0312135, 10.7657206], [79.0298027, 10.7659946], [79.0296256, 10.7646033], [79.0296417, 10.7642819], [79.0285689, 10.7641606], [79.0278017, 10.7642713], [79.0274852, 10.7653042], [79.026863, 10.7657943], [79.0268791, 10.7661], [79.0270293, 10.7664584], [79.0269595, 10.7668536], [79.0268093, 10.7670644], [79.0262568, 10.7669537], [79.0260476, 10.7684557], [79.0259564, 10.7687561], [79.0251356, 10.7688457], [79.0249854, 10.7692146], [79.0250176, 10.7694359], [79.0240735, 10.7696203], [79.0239072, 10.7686876], [79.0235585, 10.7686401], [79.0233868, 10.768071], [79.023065, 10.7680235], [79.0230113, 10.7674597], [79.0227914, 10.7675809], [79.0224963, 10.7655941], [79.0204042, 10.765963], [79.020313, 10.7651936], [79.0181994, 10.7655256], [79.0181941, 10.7664057], [79.0176308, 10.7663951], [79.0175503, 10.7667113], [79.0158659, 10.7668747], [79.0152544, 10.7653042], [79.012202, 10.7656784], [79.0115046, 10.7652674], [79.0104639, 10.7623899], [79.00967, 10.7620315], [79.00967, 10.7602186], [79.0082323, 10.760303], [79.0075135, 10.76044], [79.0068966, 10.7608932], [79.0062743, 10.7619182], [79.0059069, 10.7627535], [79.0055126, 10.7630776], [79.0049091, 10.7633543], [79.0043753, 10.763552], [79.0036216, 10.7638892], [79.0039811, 10.764324], [79.0040588, 10.7647377], [79.0040588, 10.7649959], [79.0043378, 10.7653754], [79.0044075, 10.7655546], [79.0044263, 10.7659287], [79.0044263, 10.7662792], [79.0039167, 10.7662449], [79.0039167, 10.7664663], [79.0039355, 10.7668562], [79.00415, 10.7671145], [79.0042788, 10.767378], [79.0044075, 10.767623], [79.0046248, 10.7676626], [79.0051505, 10.7676915], [79.0053195, 10.767818], [79.0060195, 10.7687851], [79.0062422, 10.769067], [79.0064004, 10.7694043], [79.0065613, 10.7699682], [79.006733, 10.7704635], [79.0070146, 10.7708561], [79.0071487, 10.7710933], [79.0081358, 10.7709826], [79.0082431, 10.7715649], [79.0083477, 10.7723001], [79.0071863, 10.7724635], [79.0070388, 10.7720814], [79.0066901, 10.7722316], [79.0062743, 10.7725768], [79.0056494, 10.7727876], [79.0051961, 10.7727902], [79.0049037, 10.7721736], [79.0042493, 10.7723291], [79.0041366, 10.7723238], [79.004201, 10.7729167], [79.0041715, 10.7731881], [79.0039033, 10.7732223], [79.003914, 10.7735543], [79.0035814, 10.7736044], [79.0036163, 10.7738758], [79.0035251, 10.7739127], [79.0035063, 10.7742921], [79.003222, 10.7744212], [79.0032193, 10.7749745], [79.0029538, 10.7751827], [79.0034178, 10.7762024]]]}, "properties": {"osm_id": "2093465112", "name": "", "kind": "landuse", "landuse": "farmland", "natural": null, "water": null, "waterway": null}}, {"type": "Feature", "geometry": {"type": "Polygon", "coordinates": [[[79.0357277, 10.7773196], [79.050166, 10.77723], [79.0501124, 10.776487], [79.0496027, 10.7766187], [79.0492219, 10.7759864], [79.0490931, 10.7756017], [79.049297, 10.7752117], [79.0490234, 10.7750694], [79.0491897, 10.774495], [79.0488088, 10.7743896], [79.0488571, 10.7741577], [79.0487069, 10.774105], [79.0487874, 10.7737414], [79.048503, 10.7736571], [79.0484923, 10.7734779], [79.0478325, 10.7732091], [79.0471941, 10.77303], [79.0471351, 10.7722395], [79.0469634, 10.7713963], [79.0464753, 10.7714385], [79.0464109, 10.7709905], [79.0452737, 10.7710116], [79.0441954, 10.770785], [79.0441257, 10.7702422], [79.0437555, 10.7700103], [79.0436788, 10.7700857], [79.0431923, 10.7697152], [79.0430689, 10.7695887], [79.0429079, 10.7693147], [79.0424359, 10.7688351], [79.0419853, 10.7685874], [79.0412396, 10.7685084], [79.0409929, 10.7668747], [79.0399897, 10.76688], [79.0400219, 10.7692673], [79.0401131, 10.7707059], [79.0407085, 10.7707481], [79.0409875, 10.7719286], [79.039641, 10.7720656], [79.0396035, 10.7714385], [79.0385091, 10.7714859], [79.0384555, 10.7711697], [79.0374416, 10.7712329], [79.03786, 10.7739944], [79.0377474, 10.7741735], [79.0377366, 10.7750062], [79.037168, 10.7751063], [79.0371994, 10.7760194], [79.0370339, 10.7761708], [79.0361676, 10.7770271], [79.0360415, 10.7771009], [79.0357009, 10.7771246], [79.0357277, 10.7773196]]]}, "properties": {"osm_id": "2093465114", "name": "", "kind": "landuse", "landuse": "farmland", "natural": null, "water": null, "waterway": null}}, {"type": "Feature", "geometry": {"type": "Polygon", "coordinates": [[[79.1781396, 10.8154284], [79.1782396, 10.8159621], [79.1784954, 10.8174045], [79.178721, 10.8186691], [79.1790566, 10.8206957], [79.1793868, 10.8225169], [79.179545, 10.823469], [79.179883, 10.8254079], [79.1801995, 10.8270308], [79.1804624, 10.8287537], [79.1808486, 10.830798], [79.1811544, 10.8325631], [79.1814709, 10.8344599], [79.1816801, 10.8354082], [79.1819644, 10.8353819], [79.1821897, 10.8353345], [79.1823238, 10.8344546], [79.1829675, 10.8345073], [79.1830802, 10.8357612], [79.1837883, 10.8359773], [79.1844857, 10.8359562], [79.1845071, 10.8362302], [79.1852313, 10.8362354], [79.1852903, 10.8370679], [79.1850436, 10.8377318], [79.1847861, 10.8378424], [79.1848987, 10.8386696], [79.1847217, 10.8389857], [79.1846091, 10.8397181], [79.1850382, 10.8397286], [79.1848451, 10.8400131], [79.1844428, 10.8401396], [79.1842711, 10.8400763], [79.1840297, 10.8397918], [79.183327, 10.8394915], [79.1832679, 10.8402555], [79.1831768, 10.8410405], [79.1830373, 10.8413935], [79.1827637, 10.841325], [79.1831607, 10.8440278], [79.1834986, 10.8457454], [79.1839331, 10.8454029], [79.185183, 10.8450078], [79.1848236, 10.8446232], [79.1847968, 10.8443492], [79.1848504, 10.8440068], [79.1851348, 10.8437275], [79.1855478, 10.8436063], [79.1860253, 10.8436221], [79.1864222, 10.8436274], [79.1871411, 10.8434536], [79.1873985, 10.8435853], [79.1878438, 10.8435747], [79.1878331, 10.8439225], [79.1884017, 10.8440963], [79.1886485, 10.8438118], [79.1896141, 10.8435379], [79.1902095, 10.8432586], [79.190408, 10.8428582], [79.1905528, 10.8426843], [79.1912019, 10.8425263], [79.1917866, 10.8423261], [79.1920334, 10.8423261], [79.192484, 10.8426053], [79.1927576, 10.842658], [79.1926664, 10.8412144], [79.1922802, 10.8400395], [79.1917598, 10.8385273], [79.1909498, 10.8372365], [79.1890937, 10.8347444], [79.187479, 10.8325842], [79.1856444, 10.8300709], [79.1839278, 10.8276578], [79.1835576, 10.8269517], [79.1829997, 10.8260297], [79.1817659, 10.823079], [79.1812831, 10.8215616], [79.1810846, 10.8208239], [79.180634, 10.8187742], [79.1801512, 10.8159157], [79.1800547, 10.8156233], [79.1793466, 10.8155864], [79.1791615, 10.8156786], [79.1789807, 10.8156384], [79.1788772, 10.8156154], [79.1784802, 10.8155917], [79.178448, 10.8152255], [79.1782871, 10.8151649], [79.1780993, 10.8151702], [79.1781396, 10.8154284]]]}, "properties": {"osm_id": "2094016176", "name": "", "kind": "landuse", "landuse": "farmland", "natural": null, "water": null, "waterway": null}}, {"type": "Feature", "geometry": {"type": "Polygon", "coordinates": [[[79.1492736, 10.8219884], [79.1546702, 10.8218514], [79.1545579, 10.8175809], [79.1491613, 10.8177179], [79.1492736, 10.8219884]]]}, "properties": {"osm_id": "2094016178", "name": "", "kind": "landuse", "landuse": "farmland", "natural": null, "water": null, "waterway": null}}, {"type": "Feature", "geometry": {"type": "Polygon", "coordinates": [[[79.154104, 10.814038], [79.1621078, 10.8043636], [79.1572022, 10.8004479], [79.1491985, 10.8101223], [79.154104, 10.814038]]]}, "properties": {"osm_id": "2094016180", "name": "", "kind": "landuse", "landuse": "farmland", "natural": null, "water": null, "waterway": null}}, {"type": "Feature", "geometry": {"type": "Polygon", "coordinates": [[[79.1620609, 10.8597755], [79.166756, 10.859691], [79.1670075, 10.8731537], [79.1758551, 10.8729944], [79.1757837, 10.869168], [79.1816427, 10.8690625], [79.1816152, 10.8675932], [79.183552, 10.8675583], [79.1836818, 10.8745115], [79.1921872, 10.8743583], [79.1919625, 10.8623262], [79.1884485, 10.8623895], [79.1883647, 10.8579008], [79.1776304, 10.8580941], [79.1775146, 10.8518928], [79.1619189, 10.8521738], [79.1620609, 10.8597755]]]}, "properties": {"osm_id": "2094016182", "name": "", "kind": "landuse", "landuse": "farmland", "natural": null, "water": null, "waterway": null}}, {"type": "Feature", "geometry": {"type": "Polygon", "coordinates": [[[79.0562198, 10.7518575], [79.0563217, 10.7518417], [79.0562844, 10.7513553], [79.0561784, 10.7513337], [79.0562198, 10.7518575]]]}, "properties": {"osm_id": "2095587006", "name": "", "kind": "landuse", "landuse": "farmland", "natural": null, "water": null, "waterway": null}}, {"type": "Feature", "geometry": {"type": "Polygon", "coordinates": [[[79.0554405, 10.7507501], [79.0556705, 10.7507318], [79.0556419, 10.7503246], [79.0554118, 10.7504612], [79.0554405, 10.7507501]]]}, "properties": {"osm_id": "2095587008", "name": "", "kind": "landuse", "landuse": "farmland", "natural": null, "water": null, "waterway": null}}, {"type": "Feature", "geometry": {"type": "Polygon", "coordinates": [[[79.0559623, 10.7503041], [79.0563284, 10.7502975], [79.056327, 10.7499286], [79.0556419, 10.7503246], [79.0559623, 10.7503041]]]}, "properties": {"osm_id": "2095587010", "name": "", "kind": "landuse", "landuse": "farmland", "natural": null, "water": null, "waterway": null}}, {"type": "Feature", "geometry": {"type": "Polygon", "coordinates": [[[79.0549846, 10.7507863], [79.0553684, 10.7507558], [79.0554405, 10.7507501], [79.0554118, 10.7504612], [79.0549591, 10.7507297], [79.0549846, 10.7507863]]]}, "properties": {"osm_id": "2095587012", "name": "", "kind": "landuse", "landuse": "farmland", "natural": null, "water": null, "waterway": null}}, {"type": "Feature", "geometry": {"type": "Polygon", "coordinates": [[[79.0559784, 10.7507073], [79.0563297, 10.7506796], [79.0563284, 10.7502975], [79.0559623, 10.7503041], [79.0559784, 10.7507073]]]}, "properties": {"osm_id": "2095587014", "name": "", "kind": "landuse", "landuse": "farmland", "natural": null, "water": null, "waterway": null}}, {"type": "Feature", "geometry": {"type": "Polygon", "coordinates": [[[79.0572659, 10.7527039], [79.0572788, 10.7523204], [79.0568608, 10.7522949], [79.0568394, 10.7526941], [79.0572659, 10.7527039]]]}, "properties": {"osm_id": "2095587016", "name": "", "kind": "landuse", "landuse": "farmland", "natural": null, "water": null, "waterway": null}}, {"type": "Feature", "geometry": {"type": "Polygon", "coordinates": [[[79.0572562, 10.753358], [79.0577006, 10.7534091], [79.0577003, 10.753067], [79.057247, 10.7530656], [79.0572562, 10.753358]]]}, "properties": {"osm_id": "2095587018", "name": "", "kind": "landuse", "landuse": "farmland", "natural": null, "water": null, "waterway": null}}, {"type": "Feature", "geometry": {"type": "Polygon", "coordinates": [[[79.056834, 10.7530644], [79.057247, 10.7530656], [79.0577003, 10.753067], [79.0577, 10.7527139], [79.0572659, 10.7527039], [79.0568394, 10.7526941], [79.056834, 10.7527956], [79.056834, 10.7530644]]]}, "properties": {"osm_id": "2095587020", "name": "", "kind": "landuse", "landuse": "farmland", "natural": null, "water": null, "waterway": null}}, {"type": "Feature", "geometry": {"type": "Polygon", "coordinates": [[[79.0577, 10.7527139], [79.0576998, 10.752346], [79.0574453, 10.7523305], [79.0572788, 10.7523204], [79.0572659, 10.7527039], [79.0577, 10.7527139]]]}, "properties": {"osm_id": "2095587022", "name": "", "kind": "landuse", "landuse": "farmland", "natural": null, "water": null, "waterway": null}}, {"type": "Feature", "geometry": {"type": "Polygon", "coordinates": [[[79.0577, 10.7527139], [79.0577003, 10.753067], [79.0577006, 10.7534091], [79.057896, 10.7534316], [79.0580059, 10.7523646], [79.0576998, 10.752346], [79.0577, 10.7527139]]]}, "properties": {"osm_id": "2095587024", "name": "", "kind": "landuse", "landuse": "farmland", "natural": null, "water": null, "waterway": null}}, {"type": "Feature", "geometry": {"type": "Polygon", "coordinates": [[[79.0582314, 10.7534702], [79.0582904, 10.7523819], [79.0580059, 10.7523646], [79.057896, 10.7534316], [79.0582314, 10.7534702]]]}, "properties": {"osm_id": "2095587026", "name": "", "kind": "landuse", "landuse": "farmland", "natural": null, "water": null, "waterway": null}}, {"type": "Feature", "geometry": {"type": "Polygon", "coordinates": [[[79.0579766, 10.7540315], [79.0581536, 10.7540631], [79.0582314, 10.7534702], [79.057896, 10.7534316], [79.057886, 10.7540418], [79.0579766, 10.7540315]]]}, "properties": {"osm_id": "2095587028", "name": "", "kind": "landuse", "landuse": "farmland", "natural": null, "water": null, "waterway": null}}, {"type": "Feature", "geometry": {"type": "Polygon", "coordinates": [[[79.0572846, 10.7541105], [79.0572562, 10.753358], [79.0568846, 10.7533153], [79.0568662, 10.7541035], [79.0572846, 10.7541105]]]}, "properties": {"osm_id": "2095587030", "name": "", "kind": "landuse", "landuse": "farmland", "natural": null, "water": null, "waterway": null}}, {"type": "Feature", "geometry": {"type": "Polygon", "coordinates": [[[79.0572846, 10.7541105], [79.0576265, 10.7540715], [79.057886, 10.7540418], [79.057896, 10.7534316], [79.0577006, 10.7534091], [79.0572562, 10.753358], [79.0572846, 10.7541105]]]}, "properties": {"osm_id": "2095587032", "name": "", "kind": "landuse", "landuse": "farmland", "natural": null, "water": null, "waterway": null}}, {"type": "Feature", "geometry": {"type": "Polygon", "coordinates": [[[79.0563834, 10.7540526], [79.0564668, 10.7532729], [79.0562658, 10.7532528], [79.0561885, 10.7532451], [79.0561139, 10.7539831], [79.0563834, 10.7540526]]]}, "properties": {"osm_id": "2095587034", "name": "", "kind": "landuse", "landuse": "farmland", "natural": null, "water": null, "waterway": null}}, {"type": "Feature", "geometry": {"type": "Polygon", "coordinates": [[[79.0561139, 10.7539831], [79.0561885, 10.7532451], [79.0559439, 10.7532208], [79.0558908, 10.7532155], [79.0558327, 10.7539106], [79.0561139, 10.7539831]]]}, "properties": {"osm_id": "2095587036", "name": "", "kind": "landuse", "landuse": "farmland", "natural": null, "water": null, "waterway": null}}, {"type": "Feature", "geometry": {"type": "Polygon", "coordinates": [[[79.0557906, 10.7538997], [79.0558327, 10.7539106], [79.0558908, 10.7532155], [79.0557055, 10.753197], [79.0555656, 10.7531831], [79.055456, 10.75368], [79.0557906, 10.7538997]]]}, "properties": {"osm_id": "2095587038", "name": "", "kind": "landuse", "landuse": "farmland", "natural": null, "water": null, "waterway": null}}, {"type": "Feature", "geometry": {"type": "Polygon", "coordinates": [[[79.055456, 10.75368], [79.0555656, 10.7531831], [79.0554017, 10.7531668], [79.0553293, 10.7535967], [79.055456, 10.75368]]]}, "properties": {"osm_id": "2095587040", "name": "", "kind": "landuse", "landuse": "farmland", "natural": null, "water": null, "waterway": null}}, {"type": "Feature", "geometry": {"type": "Polygon", "coordinates": [[[79.0553293, 10.7535967], [79.0554017, 10.7531668], [79.055198, 10.7531465], [79.0547445, 10.7531013], [79.0553293, 10.7535967]]]}, "properties": {"osm_id": "2095587042", "name": "", "kind": "landuse", "landuse": "farmland", "natural": null, "water": null, "waterway": null}}, {"type": "Feature", "geometry": {"type": "Polygon", "coordinates": [[[79.0553829, 10.751428], [79.0554396, 10.7512124], [79.0554017, 10.7512066], [79.0552006, 10.7511821], [79.0551834, 10.7514091], [79.0553829, 10.751428]]]}, "properties": {"osm_id": "2095587044", "name": "", "kind": "landuse", "landuse": "farmland", "natural": null, "water": null, "waterway": null}}, {"type": "Feature", "geometry": {"type": "Polygon", "coordinates": [[[79.0556136, 10.7514781], [79.0556465, 10.7512441], [79.0554396, 10.7512124], [79.0553829, 10.751428], [79.0556136, 10.7514781]]]}, "properties": {"osm_id": "2095587046", "name": "", "kind": "landuse", "landuse": "farmland", "natural": null, "water": null, "waterway": null}}, {"type": "Feature", "geometry": {"type": "Polygon", "coordinates": [[[79.055061, 10.7518074], [79.055104, 10.7514016], [79.0548124, 10.7513768], [79.05475, 10.7518119], [79.055061, 10.7518074]]]}, "properties": {"osm_id": "2095587048", "name": "", "kind": "landuse", "landuse": "farmland", "natural": null, "water": null, "waterway": null}}, {"type": "Feature", "geometry": {"type": "Polygon", "coordinates": [[[79.05475, 10.7518119], [79.0548124, 10.7513768], [79.0544943, 10.7513497], [79.0544888, 10.7514302], [79.0544227, 10.7518167], [79.05475, 10.7518119]]]}, "properties": {"osm_id": "2095587050", "name": "", "kind": "landuse", "landuse": "farmland", "natural": null, "water": null, "waterway": null}}, {"type": "Feature", "geometry": {"type": "Polygon", "coordinates": [[[79.0548124, 10.7513768], [79.055104, 10.7514016], [79.0551834, 10.7514091], [79.0552006, 10.7511821], [79.0549913, 10.7511566], [79.0545608, 10.7511236], [79.0544943, 10.7513497], [79.0548124, 10.7513768]]]}, "properties": {"osm_id": "2095587052", "name": "", "kind": "landuse", "landuse": "farmland", "natural": null, "water": null, "waterway": null}}, {"type": "Feature", "geometry": {"type": "Polygon", "coordinates": [[[79.0556538, 10.7518391], [79.0559385, 10.7518483], [79.0559485, 10.7512903], [79.0557177, 10.751255], [79.0556465, 10.7512441], [79.0556136, 10.7514781], [79.0555139, 10.7518214], [79.0556538, 10.7518391]]]}, "properties": {"osm_id": "2095587054", "name": "", "kind": "landuse", "landuse": "farmland", "natural": null, "water": null, "waterway": null}}, {"type": "Feature", "geometry": {"type": "Polygon", "coordinates": [[[79.0562198, 10.7518575], [79.0561784, 10.7513337], [79.0560132, 10.7513002], [79.0559485, 10.7512903], [79.0559385, 10.7518483], [79.0562198, 10.7518575]]]}, "properties": {"osm_id": "2095587056", "name": "", "kind": "landuse", "landuse": "farmland", "natural": null, "water": null, "waterway": null}}, {"type": "Feature", "geometry": {"type": "Polygon", "coordinates": [[[79.0563217, 10.7518417], [79.0565363, 10.7518628], [79.056551, 10.7514043], [79.05637, 10.7513726], [79.0562844, 10.7513553], [79.0563217, 10.7518417]]]}, "properties": {"osm_id": "2095587058", "name": "", "kind": "landuse", "landuse": "farmland", "natural": null, "water": null, "waterway": null}}, {"type": "Feature", "geometry": {"type": "Polygon", "coordinates": [[[79.0568838, 10.7518715], [79.0569064, 10.7514543], [79.056551, 10.7514043], [79.0565363, 10.7518628], [79.0568838, 10.7518715]]]}, "properties": {"osm_id": "2095587060", "name": "", "kind": "landuse", "landuse": "farmland", "natural": null, "water": null, "waterway": null}}, {"type": "Feature", "geometry": {"type": "Polygon", "coordinates": [[[79.056552, 10.752274], [79.0568608, 10.7522949], [79.0568838, 10.7518715], [79.0565363, 10.7518628], [79.056552, 10.752274]]]}, "properties": {"osm_id": "2095587062", "name": "", "kind": "landuse", "landuse": "farmland", "natural": null, "water": null, "waterway": null}}, {"type": "Feature", "geometry": {"type": "Polygon", "coordinates": [[[79.056265, 10.7522545], [79.056552, 10.752274], [79.0565363, 10.7518628], [79.0563217, 10.7518417], [79.0562198, 10.7518575], [79.056265, 10.7522545]]]}, "properties": {"osm_id": "2095587064", "name": "", "kind": "landuse", "landuse": "farmland", "natural": null, "water": null, "waterway": null}}, {"type": "Feature", "geometry": {"type": "Polygon", "coordinates": [[[79.0556538, 10.7522131], [79.0556538, 10.7518391], [79.0555139, 10.7518214], [79.0553614, 10.7518022], [79.0553406, 10.7521918], [79.0556538, 10.7522131]]]}, "properties": {"osm_id": "2095587066", "name": "", "kind": "landuse", "landuse": "farmland", "natural": null, "water": null, "waterway": null}}, {"type": "Feature", "geometry": {"type": "Polygon", "coordinates": [[[79.0553406, 10.7521918], [79.0553614, 10.7518022], [79.055061, 10.7518074], [79.0550533, 10.7521723], [79.0553406, 10.7521918]]]}, "properties": {"osm_id": "2095587068", "name": "", "kind": "landuse", "landuse": "farmland", "natural": null, "water": null, "waterway": null}}, {"type": "Feature", "geometry": {"type": "Polygon", "coordinates": [[[79.0546916, 10.7521478], [79.0550533, 10.7521723], [79.055061, 10.7518074], [79.05475, 10.7518119], [79.0544227, 10.7518167], [79.0543323, 10.7521207], [79.0546916, 10.7521478]]]}, "properties": {"osm_id": "2095587070", "name": "", "kind": "landuse", "landuse": "farmland", "natural": null, "water": null, "waterway": null}}, {"type": "Feature", "geometry": {"type": "Polygon", "coordinates": [[[79.0556538, 10.7522131], [79.0557051, 10.7522165], [79.0559322, 10.7522319], [79.056265, 10.7522545], [79.0562198, 10.7518575], [79.0559385, 10.7518483], [79.0556538, 10.7518391], [79.0556538, 10.7522131]]]}, "properties": {"osm_id": "2095587072", "name": "", "kind": "landuse", "landuse": "farmland", "natural": null, "water": null, "waterway": null}}, {"type": "Feature", "geometry": {"type": "Polygon", "coordinates": [[[79.05637, 10.7509879], [79.0569361, 10.7510125], [79.0569488, 10.7508233], [79.05696, 10.7506559], [79.0563539, 10.7506787], [79.05637, 10.7509879]]]}, "properties": {"osm_id": "2095587074", "name": "", "kind": "landuse", "landuse": "farmland", "natural": null, "water": null, "waterway": null}}, {"type": "Feature", "geometry": {"type": "Polygon", "coordinates": [[[79.05637, 10.7513726], [79.056551, 10.7514043], [79.0569064, 10.7514543], [79.0569257, 10.7511666], [79.0569361, 10.7510125], [79.05637, 10.7509879], [79.05637, 10.7513726]]]}, "properties": {"osm_id": "2095587076", "name": "", "kind": "landuse", "landuse": "farmland", "natural": null, "water": null, "waterway": null}}, {"type": "Feature", "geometry": {"type": "Polygon", "coordinates": [[[79.055693, 10.7509805], [79.0557177, 10.751255], [79.0559485, 10.7512903], [79.0560132, 10.7513002], [79.0559784, 10.7507073], [79.0556705, 10.7507318], [79.055693, 10.7509805]]]}, "properties": {"osm_id": "2095587078", "name": "", "kind": "landuse", "landuse": "farmland", "natural": null, "water": null, "waterway": null}}, {"type": "Feature", "geometry": {"type": "Polygon", "coordinates": [[[79.0554017, 10.7512066], [79.0554396, 10.7512124], [79.0556465, 10.7512441], [79.0557177, 10.751255], [79.055693, 10.7509805], [79.0553855, 10.750988], [79.0554017, 10.7512066]]]}, "properties": {"osm_id": "2095587080", "name": "", "kind": "landuse", "landuse": "farmland", "natural": null, "water": null, "waterway": null}}, {"type": "Feature", "geometry": {"type": "Polygon", "coordinates": [[[79.0553855, 10.750988], [79.055693, 10.7509805], [79.0556705, 10.7507318], [79.0554405, 10.7507501], [79.0553684, 10.7507558], [79.0553855, 10.750988]]]}, "properties": {"osm_id": "2095587082", "name": "", "kind": "landuse", "landuse": "farmland", "natural": null, "water": null, "waterway": null}}, {"type": "Feature", "geometry": {"type": "Polygon", "coordinates": [[[79.0549913, 10.7511566], [79.0552006, 10.7511821], [79.0554017, 10.7512066], [79.0553855, 10.750988], [79.0553684, 10.7507558], [79.0549846, 10.7507863], [79.0549913, 10.7511566]]]}, "properties": {"osm_id": "2095587084", "name": "", "kind": "landuse", "landuse": "farmland", "natural": null, "water": null, "waterway": null}}, {"type": "Feature", "geometry": {"type": "Polygon", "coordinates": [[[79.0556705, 10.7507318], [79.0559784, 10.7507073], [79.0559623, 10.7503041], [79.0556419, 10.7503246], [79.0556705, 10.7507318]]]}, "properties": {"osm_id": "2095587086", "name": "", "kind": "landuse", "landuse": "farmland", "natural": null, "water": null, "waterway": null}}, {"type": "Feature", "geometry": {"type": "Polygon", "coordinates": [[[79.0549913, 10.7511566], [79.0549846, 10.7507863], [79.0549591, 10.7507297], [79.0545721, 10.7510055], [79.0545608, 10.7511236], [79.0549913, 10.7511566]]]}, "properties": {"osm_id": "2095587088", "name": "", "kind": "landuse", "landuse": "farmland", "natural": null, "water": null, "waterway": null}}, {"type": "Feature", "geometry": {"type": "Polygon", "coordinates": [[[79.0560132, 10.7513002], [79.0561784, 10.7513337], [79.0562844, 10.7513553], [79.05637, 10.7513726], [79.05637, 10.7509879], [79.0563539, 10.7506787], [79.0563297, 10.7506796], [79.0559784, 10.7507073], [79.0560132, 10.7513002]]]}, "properties": {"osm_id": "2095587090", "name": "", "kind": "landuse", "landuse": "farmland", "natural": null, "water": null, "waterway": null}}, {"type": "Feature", "geometry": {"type": "Polygon", "coordinates": [[[79.0551472, 10.7526967], [79.0557101, 10.7527324], [79.0557051, 10.7522165], [79.0556538, 10.7522131], [79.0553406, 10.7521918], [79.0550533, 10.7521723], [79.0551472, 10.7526967]]]}, "properties": {"osm_id": "2095587092", "name": "", "kind": "landuse", "landuse": "farmland", "natural": null, "water": null, "waterway": null}}, {"type": "Feature", "geometry": {"type": "Polygon", "coordinates": [[[79.0559381, 10.7527166], [79.0562748, 10.7527463], [79.056265, 10.7522545], [79.0559322, 10.7522319], [79.0559381, 10.7527166]]]}, "properties": {"osm_id": "2095587094", "name": "", "kind": "landuse", "landuse": "farmland", "natural": null, "water": null, "waterway": null}}, {"type": "Feature", "geometry": {"type": "Polygon", "coordinates": [[[79.0564668, 10.7532729], [79.056834, 10.7533095], [79.056834, 10.7530644], [79.056834, 10.7527956], [79.0562748, 10.7527463], [79.0562658, 10.7532528], [79.0564668, 10.7532729]]]}, "properties": {"osm_id": "2095587096", "name": "", "kind": "landuse", "landuse": "farmland", "natural": null, "water": null, "waterway": null}}, {"type": "Feature", "geometry": {"type": "Polygon", "coordinates": [[[79.0562748, 10.7527463], [79.056834, 10.7527956], [79.0568394, 10.7526941], [79.0568608, 10.7522949], [79.056552, 10.752274], [79.056265, 10.7522545], [79.0562748, 10.7527463]]]}, "properties": {"osm_id": "2095587098", "name": "", "kind": "landuse", "landuse": "farmland", "natural": null, "water": null, "waterway": null}}, {"type": "Feature", "geometry": {"type": "Polygon", "coordinates": [[[79.0559439, 10.7532208], [79.0561885, 10.7532451], [79.0562658, 10.7532528], [79.0562748, 10.7527463], [79.0559381, 10.7527166], [79.0559439, 10.7532208]]]}, "properties": {"osm_id": "2095587100", "name": "", "kind": "landuse", "landuse": "farmland", "natural": null, "water": null, "waterway": null}}, {"type": "Feature", "geometry": {"type": "Polygon", "coordinates": [[[79.0557101, 10.7527324], [79.0557055, 10.753197], [79.0558908, 10.7532155], [79.0559439, 10.7532208], [79.0559381, 10.7527166], [79.0559322, 10.7522319], [79.0557051, 10.7522165], [79.0557101, 10.7527324]]]}, "properties": {"osm_id": "2095587102", "name": "", "kind": "landuse", "landuse": "farmland", "natural": null, "water": null, "waterway": null}}, {"type": "Feature", "geometry": {"type": "Polygon", "coordinates": [[[79.054539, 10.7530711], [79.0545758, 10.7527901], [79.0542064, 10.7527585], [79.0541587, 10.7530236], [79.054539, 10.7530711]]]}, "properties": {"osm_id": "2095587104", "name": "", "kind": "landuse", "landuse": "farmland", "natural": null, "water": null, "waterway": null}}, {"type": "Feature", "geometry": {"type": "Polygon", "coordinates": [[[79.0545758, 10.7527901], [79.0546667, 10.7527962], [79.0546916, 10.7521478], [79.0543323, 10.7521207], [79.0542064, 10.7527585], [79.0545758, 10.7527901]]]}, "properties": {"osm_id": "2095587106", "name": "", "kind": "landuse", "landuse": "farmland", "natural": null, "water": null, "waterway": null}}, {"type": "Feature", "geometry": {"type": "Polygon", "coordinates": [[[79.055171, 10.7528299], [79.0551472, 10.7526967], [79.0550533, 10.7521723], [79.0546916, 10.7521478], [79.0546667, 10.7527962], [79.055171, 10.7528299]]]}, "properties": {"osm_id": "2095587108", "name": "", "kind": "landuse", "landuse": "farmland", "natural": null, "water": null, "waterway": null}}, {"type": "Feature", "geometry": {"type": "Polygon", "coordinates": [[[79.0547445, 10.7531013], [79.055198, 10.7531465], [79.055171, 10.7528299], [79.0546667, 10.7527962], [79.0545758, 10.7527901], [79.054539, 10.7530711], [79.0547445, 10.7531013]]]}, "properties": {"osm_id": "2095587110", "name": "", "kind": "landuse", "landuse": "farmland", "natural": null, "water": null, "waterway": null}}, {"type": "Feature", "geometry": {"type": "Polygon", "coordinates": [[[79.0553614, 10.7518022], [79.0555139, 10.7518214], [79.0556136, 10.7514781], [79.0553829, 10.751428], [79.0551834, 10.7514091], [79.055104, 10.7514016], [79.055061, 10.7518074], [79.0553614, 10.7518022]]]}, "properties": {"osm_id": "2095587112", "name": "", "kind": "landuse", "landuse": "farmland", "natural": null, "water": null, "waterway": null}}, {"type": "Feature", "geometry": {"type": "Polygon", "coordinates": [[[79.056834, 10.7533095], [79.0568846, 10.7533153], [79.0572562, 10.753358], [79.057247, 10.7530656], [79.056834, 10.7530644], [79.056834, 10.7533095]]]}, "properties": {"osm_id": "2095587114", "name": "", "kind": "landuse", "landuse": "farmland", "natural": null, "water": null, "waterway": null}}, {"type": "Feature", "geometry": {"type": "Polygon", "coordinates": [[[79.055171, 10.7528299], [79.055198, 10.7531465], [79.0554017, 10.7531668], [79.0555656, 10.7531831], [79.0557055, 10.753197], [79.0557101, 10.7527324], [79.0551472, 10.7526967], [79.055171, 10.7528299]]]}, "properties": {"osm_id": "2095587116", "name": "", "kind": "landuse", "landuse": "farmland", "natural": null, "water": null, "waterway": null}}, {"type": "Feature", "geometry": {"type": "Polygon", "coordinates": [[[79.0568125, 10.7541026], [79.0568662, 10.7541035], [79.0568846, 10.7533153], [79.056834, 10.7533095], [79.0564668, 10.7532729], [79.0563834, 10.7540526], [79.0568125, 10.7541026]]]}, "properties": {"osm_id": "2095587118", "name": "", "kind": "landuse", "landuse": "farmland", "natural": null, "water": null, "waterway": null}}, {"type": "Feature", "geometry": {"type": "Polygon", "coordinates": [[[79.0016234, 10.8544964], [79.0029752, 10.8544332], [79.0029216, 10.8554553], [79.0036726, 10.8558451], [79.0050352, 10.8559294], [79.0055609, 10.8553078], [79.0062261, 10.8551602], [79.0074277, 10.8548336], [79.0097451, 10.854507], [79.0115797, 10.8543068], [79.0147555, 10.8540749], [79.0148413, 10.8547809], [79.016515, 10.8548652], [79.0175557, 10.8549179], [79.0176851, 10.8543173], [79.0226626, 10.8543173], [79.0226626, 10.8469835], [79.0280807, 10.8469835], [79.0280807, 10.8426843], [79.0194477, 10.8426843], [79.0194288, 10.8393431], [79.0284776, 10.8389752], [79.0282474, 10.833513], [79.0259578, 10.8336061], [79.0258589, 10.8314566], [79.0247772, 10.8315047], [79.0246727, 10.829236], [79.0243873, 10.8292487], [79.0243522, 10.828487], [79.0241912, 10.8284941], [79.0241486, 10.8275693], [79.0221927, 10.8276561], [79.0221404, 10.8265918], [79.0216173, 10.826615], [79.0215593, 10.8254336], [79.0251721, 10.8250007], [79.0245058, 10.8196358], [79.021304, 10.8200195], [79.0212995, 10.819923], [79.0185213, 10.8200494], [79.0186674, 10.8231489], [79.0157868, 10.8231647], [79.0157455, 10.8212922], [79.0037634, 10.8215472], [79.0037477, 10.8198702], [79.0020633, 10.8198597], [79.0017414, 10.839913], [79.0024924, 10.8400711], [79.0029645, 10.8428951], [79.0025246, 10.8430742], [79.0014517, 10.8431164], [79.0016234, 10.8544964]]]}, "properties": {"osm_id": "2098405448", "name": "", "kind": "landuse", "landuse": "farmland", "natural": null, "water": null, "waterway": null}}, {"type": "Feature", "geometry": {"type": "Polygon", "coordinates": [[[79.0185642, 10.8583213], [79.019165, 10.8585952], [79.0289926, 10.8604286], [79.0291858, 10.8588481], [79.0298295, 10.8581948], [79.0320611, 10.8578155], [79.0332842, 10.8581316], [79.0340781, 10.8596489], [79.0344429, 10.8603865], [79.0354299, 10.8607869], [79.0365672, 10.8607869], [79.0370607, 10.8592907], [79.0377903, 10.8587217], [79.0386915, 10.8587428], [79.0397215, 10.8590378], [79.0403652, 10.8594171], [79.0408587, 10.8591642], [79.0407514, 10.8581106], [79.0393781, 10.858237], [79.0392923, 10.8571201], [79.0393039, 10.8564855], [79.0510022, 10.8564035], [79.0510184, 10.8586313], [79.0773479, 10.8584468], [79.0773447, 10.8580071], [79.1067652, 10.857801], [79.1067469, 10.855286], [79.1182895, 10.8552051], [79.1182215, 10.8458402], [79.1023412, 10.8459514], [79.1023509, 10.8472847], [79.100329, 10.8472989], [79.1003394, 10.8487329], [79.0826156, 10.8488571], [79.0825747, 10.843236], [79.081864, 10.843241], [79.0818496, 10.8412665], [79.076953, 10.8413008], [79.0769256, 10.8375421], [79.0810147, 10.8376916], [79.0808999, 10.8407201], [79.0827038, 10.840786], [79.083001, 10.8478323], [79.0999618, 10.8484522], [79.0998836, 10.8459691], [79.1146946, 10.8456137], [79.1152777, 10.8455215], [79.116894, 10.8454978], [79.1185355, 10.8429162], [79.1171944, 10.8423471], [79.1156869, 10.8405187], [79.1141045, 10.8395653], [79.1119158, 10.8389014], [79.1074741, 10.8400711], [79.0996169, 10.8416091], [79.0994691, 10.8391933], [79.104073, 10.8384062], [79.1095662, 10.8370995], [79.1060257, 10.8353714], [79.0997039, 10.8338012], [79.0925248, 10.8335388], [79.0923544, 10.8380352], [79.0843196, 10.8377415], [79.0840154, 10.8305286], [79.0765214, 10.827447], [79.0764546, 10.8313683], [79.0710818, 10.8314059], [79.0710971, 10.8335225], [79.065229, 10.8335636], [79.0652136, 10.8314471], [79.0585828, 10.8314935], [79.0586803, 10.8449182], [79.0530903, 10.8449573], [79.0530604, 10.8408298], [79.0545558, 10.8408194], [79.0544596, 10.8275674], [79.0425967, 10.8276505], [79.0425895, 10.826651], [79.0390568, 10.8266758], [79.0390405, 10.8244291], [79.0312244, 10.8244839], [79.0312211, 10.8240295], [79.0287627, 10.8240467], [79.0287879, 10.8275173], [79.0297617, 10.8275104], [79.0297713, 10.8288234], [79.0307131, 10.8288168], [79.030737, 10.8321034], [79.033626, 10.8320832], [79.0336883, 10.8406649], [79.0432929, 10.8405976], [79.0433238, 10.844855], [79.0399791, 10.8448785], [79.0399504, 10.8409286], [79.0334504, 10.8409741], [79.0334372, 10.8391587], [79.0284022, 10.839194], [79.02847, 10.8485207], [79.0433497, 10.8484164], [79.0433713, 10.8513877], [79.027754, 10.8514971], [79.0277872, 10.8560682], [79.0274048, 10.8560875], [79.0273404, 10.8537905], [79.0257096, 10.8538537], [79.0253448, 10.8549706], [79.0210962, 10.8546545], [79.0206241, 10.85594], [79.0200233, 10.8563614], [79.0191006, 10.8566354], [79.0184998, 10.8576469], [79.0185642, 10.8583213]]]}, "properties": {"osm_id": "2098405450", "name": "", "kind": "landuse", "landuse": "farmland", "natural": null, "water": null, "waterway": null}}, {"type": "Feature", "geometry": {"type": "Polygon", "coordinates": [[[78.9603174, 10.8549337], [78.9609557, 10.8550601], [78.9616263, 10.8552129], [78.9618999, 10.8552919], [78.9625919, 10.8558609], [78.9633697, 10.8563509], [78.9660251, 10.8576891], [78.9681011, 10.8587638], [78.9692384, 10.859454], [78.9697427, 10.8597385], [78.9701772, 10.8598333], [78.9705969, 10.8601125], [78.9717624, 10.8608264], [78.9730471, 10.8616245], [78.9734736, 10.8617773], [78.9744204, 10.8622225], [78.9750105, 10.8624595], [78.9755335, 10.8627019], [78.9757937, 10.8627835], [78.9762336, 10.8628362], [78.976931, 10.8630443], [78.9785939, 10.8634895], [78.9797687, 10.8638952], [78.9803588, 10.8640321], [78.9810884, 10.8642165], [78.9817965, 10.8643324], [78.9819574, 10.8626887], [78.9827889, 10.8625254], [78.9828962, 10.8607605], [78.9823812, 10.8607184], [78.9822954, 10.8613558], [78.9819199, 10.861398], [78.9814532, 10.8612715], [78.981421, 10.8608606], [78.9816678, 10.8608712], [78.9815444, 10.8601336], [78.9824563, 10.8601178], [78.9823705, 10.8592222], [78.9809918, 10.8593644], [78.9805627, 10.8593223], [78.9805037, 10.8591273], [78.9792216, 10.8586479], [78.9791787, 10.8587585], [78.978669, 10.8586005], [78.978712, 10.858316], [78.9779824, 10.8577997], [78.9773548, 10.8576469], [78.976357, 10.8574783], [78.9757937, 10.8573045], [78.9750481, 10.8573782], [78.9745867, 10.8573466], [78.9728862, 10.8570463], [78.9714378, 10.8565985], [78.9705473, 10.8560822], [78.9699089, 10.8559505], [78.9697534, 10.8560243], [78.9696675, 10.8559821], [78.9697748, 10.8556449], [78.9692223, 10.8558135], [78.9684069, 10.8558188], [78.9683425, 10.855587], [78.9674681, 10.8556923], [78.9662558, 10.8554816], [78.9649147, 10.8550496], [78.9637828, 10.8545544], [78.9627421, 10.8538168], [78.9622647, 10.8536587], [78.9616317, 10.8536218], [78.961004, 10.853743], [78.9606661, 10.8539748], [78.9602262, 10.8545386], [78.9603174, 10.8549337]]]}, "properties": {"osm_id": "2098984836", "name": "", "kind": "landuse", "landuse": "farmland", "natural": null, "water": null, "waterway": null}}, {"type": "Feature", "geometry": {"type": "Polygon", "coordinates": [[[79.1031504, 10.8319256], [79.1036868, 10.8323155], [79.1058326, 10.8330636], [79.1071093, 10.8338434], [79.1084719, 10.8346127], [79.1096735, 10.8350763], [79.1119265, 10.8362249], [79.1124093, 10.8367412], [79.1133964, 10.8371206], [79.1144907, 10.8374999], [79.1155314, 10.8382481], [79.1171729, 10.8395231], [79.1193402, 10.8408614], [79.1199839, 10.8408403], [79.1203272, 10.8404926], [79.1194904, 10.8385221], [79.1195118, 10.83809], [79.1197479, 10.8376896], [79.1193616, 10.8367729], [79.1190719, 10.8352765], [79.1189968, 10.8347075], [79.1180205, 10.8340542], [79.116497, 10.8328318], [79.1152847, 10.8328318], [79.1149199, 10.8316621], [79.1136432, 10.8309034], [79.1124844, 10.8307032], [79.1097915, 10.8304503], [79.1076243, 10.8306083], [79.1058755, 10.8302711], [79.1049099, 10.8302817], [79.1027963, 10.8299761], [79.1027641, 10.8307032], [79.10182, 10.830661], [79.1017663, 10.8310615], [79.1031504, 10.8319256]]]}, "properties": {"osm_id": "2099099650", "name": "", "kind": "landuse", "landuse": "farmland", "natural": null, "water": null, "waterway": null}}, {"type": "Feature", "geometry": {"type": "Polygon", "coordinates": [[[79.246839, 10.8477251], [79.2471984, 10.8477303], [79.2475712, 10.8476737], [79.2474814, 10.8476092], [79.2472641, 10.8475499], [79.2469892, 10.8475222], [79.2468175, 10.8475617], [79.2466298, 10.847646], [79.246839, 10.8477251]]]}, "properties": {"osm_id": "2099656898", "name": "", "kind": "landuse", "landuse": "residential", "natural": null, "water": null, "waterway": null}}, {"type": "Feature", "geometry": {"type": "Polygon", "coordinates": [[[79.2664862, 10.8476026], [79.2665693, 10.8477396], [79.2667115, 10.8478186], [79.2670011, 10.8478344], [79.2675135, 10.8476974], [79.2677066, 10.847542], [79.2677924, 10.8474471], [79.2679775, 10.8473391], [79.2681518, 10.8471679], [79.268353, 10.8471047], [79.2683235, 10.8468544], [79.2683047, 10.846757], [79.2681894, 10.8466648], [79.2679319, 10.8467701], [79.2670172, 10.847131], [79.2668751, 10.8471916], [79.2667785, 10.8470915], [79.2666471, 10.8470783], [79.2666337, 10.84716], [79.2667115, 10.8473075], [79.2665157, 10.8474287], [79.2664701, 10.8474893], [79.2664862, 10.8476026]]]}, "properties": {"osm_id": "2099656900", "name": "", "kind": "landuse", "landuse": "residential", "natural": null, "water": null, "waterway": null}}, {"type": "Feature", "geometry": {"type": "Polygon", "coordinates": [[[79.2638616, 10.8485931], [79.2639381, 10.8486392], [79.2640695, 10.8486365], [79.2644785, 10.8485825], [79.2653315, 10.8482651], [79.2653838, 10.8481834], [79.2653798, 10.8481018], [79.2652483, 10.8480464], [79.2650968, 10.8480583], [79.2648715, 10.8480583], [79.2644262, 10.8481637], [79.2638576, 10.8484903], [79.2638616, 10.8485931]]]}, "properties": {"osm_id": "2099656902", "name": "", "kind": "landuse", "landuse": "residential", "natural": null, "water": null, "waterway": null}}, {"type": "Feature", "geometry": {"type": "Polygon", "coordinates": [[[79.260875, 10.8508506], [79.2612183, 10.8510824], [79.2616528, 10.8510824], [79.2622215, 10.8510508], [79.2625111, 10.8510561], [79.2625648, 10.8508559], [79.2626399, 10.8505134], [79.2628705, 10.8502606], [79.2632139, 10.8502026], [79.2633909, 10.8500603], [79.2634606, 10.8496863], [79.2633104, 10.8495019], [79.2626452, 10.8497021], [79.2623556, 10.8494808], [79.2618889, 10.8493965], [79.2617333, 10.849681], [79.2617118, 10.849876], [79.2612183, 10.8498918], [79.2609501, 10.8498496], [79.2608106, 10.8502816], [79.2607731, 10.8504924], [79.2607623, 10.8507189], [79.260875, 10.8508506]]]}, "properties": {"osm_id": "2099656904", "name": "", "kind": "landuse", "landuse": "residential", "natural": null, "water": null, "waterway": null}}, {"type": "Feature", "geometry": {"type": "Polygon", "coordinates": [[[79.2524475, 10.8504291], [79.2525226, 10.8506794], [79.2526084, 10.850848], [79.2527613, 10.8508796], [79.2529088, 10.8508401], [79.2531019, 10.8506267], [79.2532495, 10.8504897], [79.2532897, 10.8503317], [79.2531878, 10.8501842], [79.2530858, 10.8500841], [79.2529383, 10.8500682], [79.2527318, 10.8501262], [79.2526486, 10.8501025], [79.252477, 10.8501078], [79.2524448, 10.8503132], [79.2524475, 10.8504291]]]}, "properties": {"osm_id": "2099656906", "name": "", "kind": "landuse", "landuse": "residential", "natural": null, "water": null, "waterway": null}}, {"type": "Feature", "geometry": {"type": "Polygon", "coordinates": [[[79.2510903, 10.8507927], [79.251337, 10.8507558], [79.2515516, 10.8505134], [79.251557, 10.8499866], [79.2510205, 10.8498918], [79.2507684, 10.8499128], [79.2506719, 10.8501341], [79.2506289, 10.8507189], [79.2510903, 10.8507927]]]}, "properties": {"osm_id": "2099656908", "name": "", "kind": "landuse", "landuse": "residential", "natural": null, "water": null, "waterway": null}}, {"type": "Feature", "geometry": {"type": "Polygon", "coordinates": [[[79.2481184, 10.8496073], [79.2485958, 10.8499655], [79.2491162, 10.8497969], [79.2494756, 10.8492806], [79.2494971, 10.8489908], [79.2493737, 10.8487327], [79.2492342, 10.8485325], [79.2490035, 10.8482954], [79.2486119, 10.8480267], [79.2481399, 10.8481584], [79.2479736, 10.8485535], [79.2478877, 10.8491226], [79.2481184, 10.8496073]]]}, "properties": {"osm_id": "2099656910", "name": "", "kind": "landuse", "landuse": "residential", "natural": null, "water": null, "waterway": null}}, {"type": "Feature", "geometry": {"type": "Polygon", "coordinates": [[[79.1956973, 10.8364462], [79.195708, 10.837737], [79.1960084, 10.8381954], [79.1973817, 10.8380479], [79.1985512, 10.8379952], [79.1997206, 10.8389436], [79.2008257, 10.8389963], [79.2010832, 10.8381743], [79.2007023, 10.8359878], [79.201051, 10.835403], [79.2009866, 10.8352238], [79.1999406, 10.8355979], [79.1996509, 10.835403], [79.1983902, 10.8355927], [79.1974354, 10.835266], [79.1955361, 10.8355826], [79.1956973, 10.8364462]]]}, "properties": {"osm_id": "2099670186", "name": "", "kind": "landuse", "landuse": "residential", "natural": null, "water": null, "waterway": null}}, {"type": "Feature", "geometry": {"type": "Polygon", "coordinates": [[[79.1780698, 10.8150068], [79.178279, 10.8150411], [79.178389, 10.8151149], [79.1786948, 10.8151517], [79.1789067, 10.8152281], [79.1789684, 10.8153836], [79.1789807, 10.8156384], [79.1791615, 10.8156786], [79.1793466, 10.8155864], [79.1800547, 10.8156233], [79.179942, 10.8147592], [79.1791695, 10.8146354], [79.1784748, 10.8144931], [79.1780028, 10.8144404], [79.1780698, 10.8150068]]]}, "properties": {"osm_id": "2100341002", "name": "", "kind": "landuse", "landuse": "residential", "natural": null, "water": null, "waterway": null}}, {"type": "Feature", "geometry": {"type": "Polygon", "coordinates": [[[79.1780993, 10.8151702], [79.1782871, 10.8151649], [79.178448, 10.8152255], [79.1784802, 10.8155917], [79.1788772, 10.8156154], [79.1789807, 10.8156384], [79.1789684, 10.8153836], [79.1789067, 10.8152281], [79.1786948, 10.8151517], [79.178389, 10.8151149], [79.178279, 10.8150411], [79.1780698, 10.8150068], [79.1780993, 10.8151702]]]}, "properties": {"osm_id": "2100341004", "name": "", "kind": "landuse", "landuse": "forest", "natural": null, "water": null, "waterway": null}}, {"type": "Feature", "geometry": {"type": "Polygon", "coordinates": [[[79.1812509, 10.8187057], [79.1816854, 10.8211664], [79.1821736, 10.8225785], [79.1829944, 10.8247599], [79.1842818, 10.8271836], [79.1861272, 10.829818], [79.1880476, 10.8325578], [79.1905367, 10.8358508], [79.1917223, 10.8374104], [79.1923016, 10.8384483], [79.1929132, 10.8398551], [79.1932619, 10.8419046], [79.1932618, 10.842668], [79.1991545, 10.842785], [79.1991949, 10.8443914], [79.2121701, 10.8440767], [79.2120909, 10.8458455], [79.2212852, 10.8462422], [79.2210173, 10.852231], [79.2235537, 10.8523404], [79.2231202, 10.8620302], [79.2327712, 10.8624466], [79.2327332, 10.8632946], [79.2376503, 10.8635067], [79.2377758, 10.8607026], [79.2335283, 10.8605193], [79.2338961, 10.8522975], [79.2429699, 10.852689], [79.24313, 10.8491083], [79.2473677, 10.8490541], [79.2474317, 10.8538748], [79.2688434, 10.8536005], [79.2687267, 10.8448175], [79.2689105, 10.837307], [79.2658424, 10.8362987], [79.2631709, 10.8359193], [79.2566371, 10.8354241], [79.2508435, 10.8353503], [79.2506182, 10.8370679], [79.2423511, 10.8379086], [79.2438336, 10.8254361], [79.251405, 10.8257628], [79.2516803, 10.8196068], [79.2421953, 10.8191975], [79.2422175, 10.8187005], [79.2350296, 10.8183903], [79.2348931, 10.8214419], [79.2249354, 10.8210122], [79.2217255, 10.8191325], [79.2184317, 10.8181314], [79.2116345, 10.8170142], [79.2059218, 10.8152903], [79.1806453, 10.8159037], [79.1812509, 10.8187057]]]}, "properties": {"osm_id": "2100341006", "name": "", "kind": "landuse", "landuse": "farmland", "natural": null, "water": null, "waterway": null}}, {"type": "Feature", "geometry": {"type": "Polygon", "coordinates": [[[79.1848236, 10.8446232], [79.185183, 10.8450078], [79.1858429, 10.8449235], [79.1865349, 10.8447812], [79.1869265, 10.8445863], [79.1873878, 10.8443018], [79.1873342, 10.8441332], [79.1873181, 10.8438487], [79.1873985, 10.8435853], [79.1871411, 10.8434536], [79.1864222, 10.8436274], [79.1860253, 10.8436221], [79.1855478, 10.8436063], [79.1851348, 10.8437275], [79.1848504, 10.8440068], [79.1847968, 10.8443492], [79.1848236, 10.8446232]]]}, "properties": {"osm_id": "2100341008", "name": "", "kind": "landuse", "landuse": "orchard", "natural": null, "water": null, "waterway": null}}, {"type": "Feature", "geometry": {"type": "Polygon", "coordinates": [[[79.1595626, 10.82966], [79.1599703, 10.8303133], [79.1629114, 10.8302969], [79.1629314, 10.8313671], [79.1656269, 10.8313185], [79.16591, 10.8425808], [79.1633849, 10.8426407], [79.1635322, 10.8486273], [79.1750765, 10.8483534], [79.1831607, 10.845835], [79.1826242, 10.842579], [79.1819, 10.8395811], [79.1817766, 10.8392966], [79.1813475, 10.838933], [79.1811651, 10.8382059], [79.1808218, 10.8381533], [79.1807359, 10.8377476], [79.180575, 10.8376685], [79.1805965, 10.8374209], [79.1806769, 10.8372418], [79.1805428, 10.836736], [79.1803819, 10.8366253], [79.1803819, 10.8365041], [79.1808057, 10.8364356], [79.1806823, 10.83554], [79.1808915, 10.8347707], [79.1811383, 10.8344599], [79.180693, 10.8314514], [79.1801298, 10.8280266], [79.1796952, 10.8255502], [79.1792232, 10.8227893], [79.1788155, 10.8206342], [79.1784722, 10.8185529], [79.1780471, 10.8159664], [79.1773557, 10.8159832], [79.177324, 10.8142837], [79.1744538, 10.8143355], [79.17437, 10.8098477], [79.1696493, 10.8099328], [79.1697331, 10.8144205], [79.1628319, 10.813263], [79.1602707, 10.8150754], [79.1612363, 10.817731], [79.1603557, 10.8208346], [79.1583609, 10.8210821], [79.158318, 10.8250022], [79.1570949, 10.8246018], [79.1550565, 10.824939], [79.1595626, 10.82966]]]}, "properties": {"osm_id": "2100341010", "name": "", "kind": "landuse", "landuse": "farmland", "natural": null, "water": null, "waterway": null}}, {"type": "Feature", "geometry": {"type": "Polygon", "coordinates": [[[79.0570861, 10.7545349], [79.0574066, 10.7545408], [79.0580919, 10.7545532], [79.0581362, 10.7541355], [79.0580289, 10.754129], [79.0578116, 10.7541435], [79.0576293, 10.7541198], [79.0574549, 10.7541303], [79.0573369, 10.7541645], [79.0569426, 10.7541698], [79.0567599, 10.7541472], [79.056732, 10.7545285], [79.0570861, 10.7545349]]]}, "properties": {"osm_id": "2100520346", "name": "", "kind": "landuse", "landuse": "farmland", "natural": null, "water": null, "waterway": null}}, {"type": "Feature", "geometry": {"type": "Polygon", "coordinates": [[[79.0574263, 10.7551604], [79.0580362, 10.7550777], [79.0580919, 10.7545532], [79.0574066, 10.7545408], [79.0574263, 10.7551604]]]}, "properties": {"osm_id": "2100520348", "name": "", "kind": "landuse", "landuse": "farmland", "natural": null, "water": null, "waterway": null}}, {"type": "Feature", "geometry": {"type": "Polygon", "coordinates": [[[79.0572122, 10.7558181], [79.0579632, 10.7557654], [79.0579977, 10.7554409], [79.0571679, 10.7555094], [79.0572122, 10.7558181]]]}, "properties": {"osm_id": "2100520350", "name": "", "kind": "landuse", "landuse": "farmland", "natural": null, "water": null, "waterway": null}}, {"type": "Feature", "geometry": {"type": "Polygon", "coordinates": [[[79.0567696, 10.7552515], [79.0571064, 10.7552039], [79.0570861, 10.7545349], [79.056732, 10.7545285], [79.0567696, 10.7552515]]]}, "properties": {"osm_id": "2100520352", "name": "", "kind": "landuse", "landuse": "farmland", "natural": null, "water": null, "waterway": null}}, {"type": "Feature", "geometry": {"type": "Polygon", "coordinates": [[[79.0572122, 10.7558181], [79.0571679, 10.7555094], [79.0571237, 10.7552015], [79.0571064, 10.7552039], [79.0567696, 10.7552515], [79.0567669, 10.7558233], [79.0572122, 10.7558181]]]}, "properties": {"osm_id": "2100520354", "name": "", "kind": "landuse", "landuse": "farmland", "natural": null, "water": null, "waterway": null}}, {"type": "Feature", "geometry": {"type": "Polygon", "coordinates": [[[79.0571064, 10.7552039], [79.0571237, 10.7552015], [79.0574263, 10.7551604], [79.0574066, 10.7545408], [79.0570861, 10.7545349], [79.0571064, 10.7552039]]]}, "properties": {"osm_id": "2100520356", "name": "", "kind": "landuse", "landuse": "farmland", "natural": null, "water": null, "waterway": null}}, {"type": "Feature", "geometry": {"type": "Polygon", "coordinates": [[[79.0562975, 10.755299], [79.0563109, 10.7549406], [79.0558013, 10.7548984], [79.0557507, 10.7553353], [79.0562975, 10.755299]]]}, "properties": {"osm_id": "2100520358", "name": "", "kind": "landuse", "landuse": "farmland", "natural": null, "water": null, "waterway": null}}, {"type": "Feature", "geometry": {"type": "Polygon", "coordinates": [[[79.0567696, 10.7552515], [79.056732, 10.7545285], [79.0563191, 10.754521], [79.0563109, 10.7549406], [79.0562975, 10.755299], [79.0567696, 10.7552515]]]}, "properties": {"osm_id": "2100520360", "name": "", "kind": "landuse", "landuse": "farmland", "natural": null, "water": null, "waterway": null}}, {"type": "Feature", "geometry": {"type": "Polygon", "coordinates": [[[79.0559475, 10.7559791], [79.0561929, 10.7560157], [79.0562103, 10.7560061], [79.0562358, 10.755992], [79.0562975, 10.755299], [79.0557507, 10.7553353], [79.0556806, 10.7559393], [79.0559475, 10.7559791]]]}, "properties": {"osm_id": "2100520362", "name": "", "kind": "landuse", "landuse": "farmland", "natural": null, "water": null, "waterway": null}}, {"type": "Feature", "geometry": {"type": "Polygon", "coordinates": [[[79.055804, 10.7547851], [79.0558013, 10.7548984], [79.0563109, 10.7549406], [79.0563191, 10.754521], [79.0557745, 10.7545111], [79.055804, 10.7547851]]]}, "properties": {"osm_id": "2100520364", "name": "", "kind": "landuse", "landuse": "farmland", "natural": null, "water": null, "waterway": null}}, {"type": "Feature", "geometry": {"type": "Polygon", "coordinates": [[[79.0571679, 10.7555094], [79.0579977, 10.7554409], [79.0580362, 10.7550777], [79.0574263, 10.7551604], [79.0571237, 10.7552015], [79.0571679, 10.7555094]]]}, "properties": {"osm_id": "2100520366", "name": "", "kind": "landuse", "landuse": "farmland", "natural": null, "water": null, "waterway": null}}, {"type": "Feature", "geometry": {"type": "Polygon", "coordinates": [[[79.0567509, 10.7559541], [79.0567723, 10.7559525], [79.0567669, 10.7558233], [79.0567696, 10.7552515], [79.0562975, 10.755299], [79.0562358, 10.755992], [79.0567509, 10.7559541]]]}, "properties": {"osm_id": "2100520368", "name": "", "kind": "landuse", "landuse": "farmland", "natural": null, "water": null, "waterway": null}}, {"type": "Feature", "geometry": {"type": "Polygon", "coordinates": [[[79.0567534, 10.7564782], [79.0568796, 10.7564755], [79.0572242, 10.7565032], [79.0572122, 10.7558181], [79.0567669, 10.7558233], [79.0567723, 10.7559525], [79.0567509, 10.7559541], [79.0567534, 10.7564782]]]}, "properties": {"osm_id": "2100520370", "name": "", "kind": "landuse", "landuse": "farmland", "natural": null, "water": null, "waterway": null}}, {"type": "Feature", "geometry": {"type": "Polygon", "coordinates": [[[79.0550618, 10.7540409], [79.0552681, 10.754177], [79.055484, 10.753758], [79.0552747, 10.7536028], [79.0549889, 10.7539928], [79.0550618, 10.7540409]]]}, "properties": {"osm_id": "2100889724", "name": "", "kind": "landuse", "landuse": "farmland", "natural": null, "water": null, "waterway": null}}, {"type": "Feature", "geometry": {"type": "Polygon", "coordinates": [[[79.0543007, 10.7533317], [79.0545501, 10.7534122], [79.0547137, 10.7531566], [79.0546976, 10.7531434], [79.0542135, 10.7530644], [79.0541705, 10.7532897], [79.0543007, 10.7533317]]]}, "properties": {"osm_id": "2100889726", "name": "", "kind": "landuse", "landuse": "farmland", "natural": null, "water": null, "waterway": null}}, {"type": "Feature", "geometry": {"type": "Polygon", "coordinates": [[[79.055804, 10.7547851], [79.0557745, 10.7545111], [79.0555164, 10.7543408], [79.0554058, 10.7549092], [79.055804, 10.7547851]]]}, "properties": {"osm_id": "2100889728", "name": "", "kind": "landuse", "landuse": "farmland", "natural": null, "water": null, "waterway": null}}, {"type": "Feature", "geometry": {"type": "Polygon", "coordinates": [[[79.0552474, 10.7543129], [79.0552869, 10.7541894], [79.0552681, 10.754177], [79.0550618, 10.7540409], [79.0550362, 10.7542871], [79.0552474, 10.7543129]]]}, "properties": {"osm_id": "2100889730", "name": "", "kind": "landuse", "landuse": "farmland", "natural": null, "water": null, "waterway": null}}, {"type": "Feature", "geometry": {"type": "Polygon", "coordinates": [[[79.0549967, 10.7549748], [79.0551335, 10.7549748], [79.0552126, 10.754544], [79.0552354, 10.7543503], [79.0552474, 10.7543129], [79.0550362, 10.7542871], [79.0549926, 10.7542818], [79.0549967, 10.7549748]]]}, "properties": {"osm_id": "2100889732", "name": "", "kind": "landuse", "landuse": "farmland", "natural": null, "water": null, "waterway": null}}, {"type": "Feature", "geometry": {"type": "Polygon", "coordinates": [[[79.0549967, 10.7549748], [79.0549926, 10.7542818], [79.0547499, 10.754262], [79.0547459, 10.7545217], [79.0547392, 10.7549593], [79.0549967, 10.7549748]]]}, "properties": {"osm_id": "2100889734", "name": "", "kind": "landuse", "landuse": "farmland", "natural": null, "water": null, "waterway": null}}, {"type": "Feature", "geometry": {"type": "Polygon", "coordinates": [[[79.0551952, 10.7549748], [79.0554058, 10.7549092], [79.0555164, 10.7543408], [79.0552869, 10.7541894], [79.0552474, 10.7543129], [79.0552354, 10.7543503], [79.0552126, 10.754544], [79.0551335, 10.7549748], [79.0551952, 10.7549748]]]}, "properties": {"osm_id": "2100889736", "name": "", "kind": "landuse", "landuse": "farmland", "natural": null, "water": null, "waterway": null}}, {"type": "Feature", "geometry": {"type": "Polygon", "coordinates": [[[79.0547392, 10.7549593], [79.0547459, 10.7545217], [79.0543283, 10.7545097], [79.0543271, 10.7545692], [79.0543203, 10.7549341], [79.0547392, 10.7549593]]]}, "properties": {"osm_id": "2100889738", "name": "", "kind": "landuse", "landuse": "farmland", "natural": null, "water": null, "waterway": null}}, {"type": "Feature", "geometry": {"type": "Polygon", "coordinates": [[[79.0547459, 10.7545217], [79.0547499, 10.754262], [79.0547548, 10.7541355], [79.0543364, 10.754071], [79.0543333, 10.7542396], [79.0543283, 10.7545097], [79.0547459, 10.7545217]]]}, "properties": {"osm_id": "2100889740", "name": "", "kind": "landuse", "landuse": "farmland", "natural": null, "water": null, "waterway": null}}, {"type": "Feature", "geometry": {"type": "Polygon", "coordinates": [[[79.0549926, 10.7542818], [79.0550362, 10.7542871], [79.0550618, 10.7540409], [79.0549889, 10.7539928], [79.054766, 10.7538457], [79.0547548, 10.7541355], [79.0547499, 10.754262], [79.0549926, 10.7542818]]]}, "properties": {"osm_id": "2100889742", "name": "", "kind": "landuse", "landuse": "farmland", "natural": null, "water": null, "waterway": null}}, {"type": "Feature", "geometry": {"type": "Polygon", "coordinates": [[[79.0543203, 10.7549341], [79.0543271, 10.7545692], [79.0539645, 10.7545336], [79.0539023, 10.754909], [79.0543203, 10.7549341]]]}, "properties": {"osm_id": "2100889744", "name": "", "kind": "landuse", "landuse": "farmland", "natural": null, "water": null, "waterway": null}}, {"type": "Feature", "geometry": {"type": "Polygon", "coordinates": [[[79.0543271, 10.7545692], [79.0543283, 10.7545097], [79.0543333, 10.7542396], [79.0540156, 10.7542252], [79.0539645, 10.7545336], [79.0543271, 10.7545692]]]}, "properties": {"osm_id": "2100889746", "name": "", "kind": "landuse", "landuse": "farmland", "natural": null, "water": null, "waterway": null}}, {"type": "Feature", "geometry": {"type": "Polygon", "coordinates": [[[79.0542993, 10.7538945], [79.0543007, 10.7533317], [79.0541705, 10.7532897], [79.0540757, 10.7538618], [79.0542993, 10.7538945]]]}, "properties": {"osm_id": "2100889748", "name": "", "kind": "landuse", "landuse": "farmland", "natural": null, "water": null, "waterway": null}}, {"type": "Feature", "geometry": {"type": "Polygon", "coordinates": [[[79.0543333, 10.7542396], [79.0543364, 10.754071], [79.0543368, 10.7540499], [79.0542993, 10.7538945], [79.0540757, 10.7538618], [79.0540156, 10.7542252], [79.0543333, 10.7542396]]]}, "properties": {"osm_id": "2100889750", "name": "", "kind": "landuse", "landuse": "farmland", "natural": null, "water": null, "waterway": null}}, {"type": "Feature", "geometry": {"type": "Polygon", "coordinates": [[[79.0543368, 10.7540499], [79.0543364, 10.754071], [79.0547548, 10.7541355], [79.054766, 10.7538457], [79.054703, 10.753768], [79.0545501, 10.7534122], [79.0543007, 10.7533317], [79.0542993, 10.7538945], [79.0543368, 10.7540499]]]}, "properties": {"osm_id": "2100889752", "name": "", "kind": "landuse", "landuse": "farmland", "natural": null, "water": null, "waterway": null}}, {"type": "Feature", "geometry": {"type": "Polygon", "coordinates": [[[79.0572788, 10.7523204], [79.0574453, 10.7523305], [79.0575212, 10.7515059], [79.0569064, 10.7514543], [79.0568838, 10.7518715], [79.0568608, 10.7522949], [79.0572788, 10.7523204]]]}, "properties": {"osm_id": "2100889754", "name": "", "kind": "landuse", "landuse": "farmland", "natural": null, "water": null, "waterway": null}}, {"type": "Feature", "geometry": {"type": "Polygon", "coordinates": [[[79.0584524, 10.7520516], [79.0584835, 10.7516256], [79.0581322, 10.7515571], [79.0580612, 10.7520112], [79.0584524, 10.7520516]]]}, "properties": {"osm_id": "2100889756", "name": "", "kind": "landuse", "landuse": "farmland", "natural": null, "water": null, "waterway": null}}, {"type": "Feature", "geometry": {"type": "Polygon", "coordinates": [[[79.059146, 10.752461], [79.0592718, 10.7522428], [79.0590736, 10.7521368], [79.0589838, 10.7524399], [79.059146, 10.752461]]]}, "properties": {"osm_id": "2100889758", "name": "", "kind": "landuse", "landuse": "farmland", "natural": null, "water": null, "waterway": null}}, {"type": "Feature", "geometry": {"type": "Polygon", "coordinates": [[[79.0582904, 10.7523819], [79.0586553, 10.7524124], [79.0586901, 10.7520762], [79.0584524, 10.7520516], [79.0580612, 10.7520112], [79.0580059, 10.7523646], [79.0582904, 10.7523819]]]}, "properties": {"osm_id": "2100889760", "name": "", "kind": "landuse", "landuse": "farmland", "natural": null, "water": null, "waterway": null}}, {"type": "Feature", "geometry": {"type": "Polygon", "coordinates": [[[79.0586901, 10.7520762], [79.0590736, 10.7521368], [79.0592718, 10.7522428], [79.059458, 10.7519197], [79.0593177, 10.7518601], [79.0584835, 10.7516256], [79.0584524, 10.7520516], [79.0586901, 10.7520762]]]}, "properties": {"osm_id": "2100889762", "name": "", "kind": "landuse", "landuse": "farmland", "natural": null, "water": null, "waterway": null}}, {"type": "Feature", "geometry": {"type": "Polygon", "coordinates": [[[79.0590441, 10.7514148], [79.0592775, 10.7514701], [79.0596154, 10.7516467], [79.0597187, 10.7512567], [79.0590186, 10.7510881], [79.0587759, 10.7510314], [79.0582234, 10.7509458], [79.0581784, 10.7512474], [79.0590441, 10.7514148]]]}, "properties": {"osm_id": "2100889764", "name": "", "kind": "landuse", "landuse": "farmland", "natural": null, "water": null, "waterway": null}}, {"type": "Feature", "geometry": {"type": "Polygon", "coordinates": [[[79.0581784, 10.7512474], [79.0582234, 10.7509458], [79.0579203, 10.7509075], [79.0575953, 10.7508794], [79.0575582, 10.7511935], [79.0581784, 10.7512474]]]}, "properties": {"osm_id": "2100889766", "name": "", "kind": "landuse", "landuse": "farmland", "natural": null, "water": null, "waterway": null}}, {"type": "Feature", "geometry": {"type": "Polygon", "coordinates": [[[79.0581322, 10.7515571], [79.0581784, 10.7512474], [79.0575582, 10.7511935], [79.0575212, 10.7515059], [79.0581322, 10.7515571]]]}, "properties": {"osm_id": "2100889768", "name": "", "kind": "landuse", "landuse": "farmland", "natural": null, "water": null, "waterway": null}}, {"type": "Feature", "geometry": {"type": "Polygon", "coordinates": [[[79.0575212, 10.7515059], [79.0575582, 10.7511935], [79.0569257, 10.7511666], [79.0569064, 10.7514543], [79.0575212, 10.7515059]]]}, "properties": {"osm_id": "2100889770", "name": "", "kind": "landuse", "landuse": "farmland", "natural": null, "water": null, "waterway": null}}, {"type": "Feature", "geometry": {"type": "Polygon", "coordinates": [[[79.0575582, 10.7511935], [79.0575953, 10.7508794], [79.0573753, 10.7508603], [79.0569488, 10.7508233], [79.0569361, 10.7510125], [79.0569257, 10.7511666], [79.0575582, 10.7511935]]]}, "properties": {"osm_id": "2100889772", "name": "", "kind": "landuse", "landuse": "farmland", "natural": null, "water": null, "waterway": null}}, {"type": "Feature", "geometry": {"type": "Polygon", "coordinates": [[[79.0576998, 10.752346], [79.0580059, 10.7523646], [79.0580612, 10.7520112], [79.0581322, 10.7515571], [79.0575212, 10.7515059], [79.0574453, 10.7523305], [79.0576998, 10.752346]]]}, "properties": {"osm_id": "2100889774", "name": "", "kind": "landuse", "landuse": "farmland", "natural": null, "water": null, "waterway": null}}, {"type": "Feature", "geometry": {"type": "Polygon", "coordinates": [[[79.0589838, 10.7524399], [79.0590736, 10.7521368], [79.0586901, 10.7520762], [79.0586553, 10.7524124], [79.0589838, 10.7524399]]]}, "properties": {"osm_id": "2100889776", "name": "", "kind": "landuse", "landuse": "farmland", "natural": null, "water": null, "waterway": null}}, {"type": "Feature", "geometry": {"type": "Polygon", "coordinates": [[[79.05821, 10.7561158], [79.058623, 10.7556679], [79.0591273, 10.7536731], [79.059146, 10.752461], [79.0589838, 10.7524399], [79.0586553, 10.7524124], [79.0582904, 10.7523819], [79.0582314, 10.7534702], [79.0581536, 10.7540631], [79.0581362, 10.7541355], [79.0580919, 10.7545532], [79.0580362, 10.7550777], [79.0579977, 10.7554409], [79.0579632, 10.7557654], [79.0579525, 10.7559709], [79.05821, 10.7561158]]]}, "properties": {"osm_id": "2100889778", "name": "", "kind": "landuse", "landuse": "farmland", "natural": null, "water": null, "waterway": null}}, {"type": "Feature", "geometry": {"type": "Polygon", "coordinates": [[[79.0593673, 10.7508324], [79.0596071, 10.7508501], [79.0596597, 10.7504543], [79.0593466, 10.7504812], [79.0593673, 10.7508324]]]}, "properties": {"osm_id": "2100889780", "name": "", "kind": "landuse", "landuse": "farmland", "natural": null, "water": null, "waterway": null}}, {"type": "Feature", "geometry": {"type": "Polygon", "coordinates": [[[79.0597187, 10.7512567], [79.0598327, 10.7508667], [79.0596071, 10.7508501], [79.0593673, 10.7508324], [79.0593466, 10.7504812], [79.059138, 10.7504991], [79.0590656, 10.7505584], [79.0590186, 10.7510881], [79.0597187, 10.7512567]]]}, "properties": {"osm_id": "2100889782", "name": "", "kind": "landuse", "landuse": "farmland", "natural": null, "water": null, "waterway": null}}, {"type": "Feature", "geometry": {"type": "Polygon", "coordinates": [[[79.0579203, 10.7509075], [79.0582234, 10.7509458], [79.0587759, 10.7510314], [79.0590186, 10.7510881], [79.0590656, 10.7505584], [79.0588363, 10.7505637], [79.0588081, 10.7505004], [79.0583213, 10.7505373], [79.0583025, 10.7505702], [79.0579203, 10.7506071], [79.0579203, 10.7509075]]]}, "properties": {"osm_id": "2100889784", "name": "", "kind": "landuse", "landuse": "farmland", "natural": null, "water": null, "waterway": null}}, {"type": "Feature", "geometry": {"type": "Polygon", "coordinates": [[[79.0575953, 10.7508794], [79.0579203, 10.7509075], [79.0579203, 10.7506071], [79.0573905, 10.7506216], [79.0573838, 10.7506875], [79.0573753, 10.7508603], [79.0575953, 10.7508794]]]}, "properties": {"osm_id": "2100889786", "name": "", "kind": "landuse", "landuse": "farmland", "natural": null, "water": null, "waterway": null}}, {"type": "Feature", "geometry": {"type": "Polygon", "coordinates": [[[79.0573753, 10.7508603], [79.0573838, 10.7506875], [79.05696, 10.7506559], [79.0569488, 10.7508233], [79.0573753, 10.7508603]]]}, "properties": {"osm_id": "2100889788", "name": "", "kind": "landuse", "landuse": "farmland", "natural": null, "water": null, "waterway": null}}, {"type": "Feature", "geometry": {"type": "Polygon", "coordinates": [[[79.0598327, 10.7508667], [79.0598837, 10.7507112], [79.0598729, 10.7505768], [79.0598528, 10.7504609], [79.0597804, 10.7503449], [79.0596423, 10.7503845], [79.0596597, 10.7504543], [79.0596071, 10.7508501], [79.0598327, 10.7508667]]]}, "properties": {"osm_id": "2100889790", "name": "", "kind": "landuse", "landuse": "farmland", "natural": null, "water": null, "waterway": null}}, {"type": "Feature", "geometry": {"type": "Polygon", "coordinates": [[[79.0584835, 10.7516256], [79.0593177, 10.7518601], [79.059458, 10.7519197], [79.0596154, 10.7516467], [79.0592775, 10.7514701], [79.0590441, 10.7514148], [79.0581784, 10.7512474], [79.0581322, 10.7515571], [79.0584835, 10.7516256]]]}, "properties": {"osm_id": "2100889792", "name": "", "kind": "landuse", "landuse": "farmland", "natural": null, "water": null, "waterway": null}}, {"type": "Feature", "geometry": {"type": "Polygon", "coordinates": [[[79.056732, 10.7545285], [79.0567599, 10.7541472], [79.0564424, 10.7541079], [79.0563653, 10.7540949], [79.0563191, 10.754521], [79.056732, 10.7545285]]]}, "properties": {"osm_id": "2100889794", "name": "", "kind": "landuse", "landuse": "farmland", "natural": null, "water": null, "waterway": null}}, {"type": "Feature", "geometry": {"type": "Polygon", "coordinates": [[[79.0557745, 10.7545111], [79.0563191, 10.754521], [79.0563653, 10.7540949], [79.056091, 10.7540486], [79.055733, 10.753917], [79.0556417, 10.7544235], [79.0557745, 10.7545111]]]}, "properties": {"osm_id": "2100889796", "name": "", "kind": "landuse", "landuse": "farmland", "natural": null, "water": null, "waterway": null}}, {"type": "Feature", "geometry": {"type": "Polygon", "coordinates": [[[79.0555164, 10.7543408], [79.0556417, 10.7544235], [79.055733, 10.753917], [79.0556645, 10.7538918], [79.0556363, 10.7538709], [79.0554657, 10.7543073], [79.0555164, 10.7543408]]]}, "properties": {"osm_id": "2100889798", "name": "", "kind": "landuse", "landuse": "farmland", "natural": null, "water": null, "waterway": null}}, {"type": "Feature", "geometry": {"type": "Polygon", "coordinates": [[[79.0552869, 10.7541894], [79.0554657, 10.7543073], [79.0556363, 10.7538709], [79.055484, 10.753758], [79.0552681, 10.754177], [79.0552869, 10.7541894]]]}, "properties": {"osm_id": "2100889800", "name": "", "kind": "landuse", "landuse": "farmland", "natural": null, "water": null, "waterway": null}}, {"type": "Feature", "geometry": {"type": "Polygon", "coordinates": [[[79.054703, 10.753768], [79.054766, 10.7538457], [79.0549889, 10.7539928], [79.0552747, 10.7536028], [79.0550798, 10.7534583], [79.0547137, 10.7531566], [79.0545501, 10.7534122], [79.054703, 10.753768]]]}, "properties": {"osm_id": "2100889802", "name": "", "kind": "landuse", "landuse": "farmland", "natural": null, "water": null, "waterway": null}}, {"type": "Feature", "geometry": {"type": "Polygon", "coordinates": [[[79.0572318, 10.7573697], [79.0572403, 10.7570961], [79.0568167, 10.7570682], [79.0567911, 10.7573091], [79.0572318, 10.7573697]]]}, "properties": {"osm_id": "2100889804", "name": "", "kind": "landuse", "landuse": "farmland", "natural": null, "water": null, "waterway": null}}, {"type": "Feature", "geometry": {"type": "Polygon", "coordinates": [[[79.0567911, 10.7573091], [79.0568167, 10.7570682], [79.0568197, 10.7570393], [79.0562841, 10.7569933], [79.0562405, 10.7572335], [79.0567911, 10.7573091]]]}, "properties": {"osm_id": "2100889806", "name": "", "kind": "landuse", "landuse": "farmland", "natural": null, "water": null, "waterway": null}}, {"type": "Feature", "geometry": {"type": "Polygon", "coordinates": [[[79.0572403, 10.7570961], [79.0572242, 10.7565032], [79.0568796, 10.7564755], [79.0568197, 10.7570393], [79.0568167, 10.7570682], [79.0572403, 10.7570961]]]}, "properties": {"osm_id": "2100889808", "name": "", "kind": "landuse", "landuse": "farmland", "natural": null, "water": null, "waterway": null}}, {"type": "Feature", "geometry": {"type": "Polygon", "coordinates": [[[79.0562882, 10.7564386], [79.0563257, 10.7564874], [79.0567534, 10.7564782], [79.0567509, 10.7559541], [79.0562358, 10.755992], [79.0562103, 10.7560061], [79.0562882, 10.7564386]]]}, "properties": {"osm_id": "2100889810", "name": "", "kind": "landuse", "landuse": "farmland", "natural": null, "water": null, "waterway": null}}, {"type": "Feature", "geometry": {"type": "Polygon", "coordinates": [[[79.0568197, 10.7570393], [79.0568796, 10.7564755], [79.0567534, 10.7564782], [79.0563257, 10.7564874], [79.0562868, 10.7567825], [79.0562841, 10.7569933], [79.0568197, 10.7570393]]]}, "properties": {"osm_id": "2100889812", "name": "", "kind": "landuse", "landuse": "farmland", "natural": null, "water": null, "waterway": null}}, {"type": "Feature", "geometry": {"type": "Polygon", "coordinates": [[[79.0572242, 10.7565032], [79.0572403, 10.7570961], [79.0572318, 10.7573697], [79.0576204, 10.7574231], [79.0576601, 10.7565164], [79.0578452, 10.7565269], [79.05821, 10.7561158], [79.0579525, 10.7559709], [79.0579632, 10.7557654], [79.0572122, 10.7558181], [79.0572242, 10.7565032]]]}, "properties": {"osm_id": "2100889814", "name": "", "kind": "landuse", "landuse": "farmland", "natural": null, "water": null, "waterway": null}}, {"type": "Feature", "geometry": {"type": "Polygon", "coordinates": [[[79.0576091, 10.7576811], [79.0576204, 10.7574231], [79.0572318, 10.7573697], [79.0567911, 10.7573091], [79.0562405, 10.7572335], [79.056209, 10.757407], [79.0576091, 10.7576811]]]}, "properties": {"osm_id": "2100889816", "name": "", "kind": "landuse", "landuse": "farmland", "natural": null, "water": null, "waterway": null}}, {"type": "Feature", "geometry": {"type": "Polygon", "coordinates": [[[79.0558509, 10.7573912], [79.0558778, 10.7571501], [79.0558872, 10.7570605], [79.0559663, 10.756797], [79.0558148, 10.7567423], [79.0555251, 10.7566376], [79.0553695, 10.7573438], [79.0558509, 10.7573912]]]}, "properties": {"osm_id": "2100889818", "name": "", "kind": "landuse", "landuse": "farmland", "natural": null, "water": null, "waterway": null}}, {"type": "Feature", "geometry": {"type": "Polygon", "coordinates": [[[79.0558148, 10.7567423], [79.0559475, 10.7559791], [79.0556806, 10.7559393], [79.0555251, 10.7566376], [79.0558148, 10.7567423]]]}, "properties": {"osm_id": "2100889820", "name": "", "kind": "landuse", "landuse": "farmland", "natural": null, "water": null, "waterway": null}}, {"type": "Feature", "geometry": {"type": "Polygon", "coordinates": [[[79.056209, 10.757407], [79.0562405, 10.7572335], [79.0562841, 10.7569933], [79.0562868, 10.7567825], [79.0559663, 10.756797], [79.0558872, 10.7570605], [79.0558778, 10.7571501], [79.0558509, 10.7573912], [79.056209, 10.757407]]]}, "properties": {"osm_id": "2100889822", "name": "", "kind": "landuse", "landuse": "farmland", "natural": null, "water": null, "waterway": null}}, {"type": "Feature", "geometry": {"type": "Polygon", "coordinates": [[[79.0559663, 10.756797], [79.0562868, 10.7567825], [79.0563257, 10.7564874], [79.0562882, 10.7564386], [79.0562103, 10.7560061], [79.0561929, 10.7560157], [79.0559475, 10.7559791], [79.0558148, 10.7567423], [79.0559663, 10.756797]]]}, "properties": {"osm_id": "2100889824", "name": "", "kind": "landuse", "landuse": "farmland", "natural": null, "water": null, "waterway": null}}, {"type": "Feature", "geometry": {"type": "Polygon", "coordinates": [[[79.4437587, 10.5581064], [79.4425785, 10.558138], [79.44254998426575, 10.558732787143327], [79.44398280375134, 10.55815046478555], [79.4437587, 10.5581064]]]}, "properties": {"osm_id": "2112261170", "name": "", "kind": "landuse", "landuse": "reservoir", "natural": null, "water": null, "waterway": null}}, {"type": "Feature", "geometry": {"type": "Polygon", "coordinates": [[[79.0578425, 10.7414038], [79.0577459, 10.7416621], [79.05729, 10.741641], [79.0573168, 10.7423894], [79.0589261, 10.7424421], [79.0588939, 10.7419836], [79.0598005, 10.7420679], [79.0598595, 10.7406238], [79.061088, 10.7410981], [79.0611952, 10.7407292], [79.061619, 10.7407977], [79.0628207, 10.7411034], [79.0630728, 10.7400282], [79.0631747, 10.7392377], [79.0625471, 10.7393641], [79.0624398, 10.739488], [79.0622252, 10.7395486], [79.0619838, 10.7395012], [79.0618604, 10.7392772], [79.0616566, 10.7384471], [79.0606534, 10.7385182], [79.0607151, 10.7381572], [79.0615493, 10.7380149], [79.0615386, 10.7376407], [79.0625766, 10.737667], [79.0625873, 10.7372322], [79.0614769, 10.7372902], [79.0615386, 10.7371163], [79.0620294, 10.7370293], [79.061898, 10.7364206], [79.0613615, 10.7364522], [79.0613347, 10.7358856], [79.0604979, 10.7358566], [79.0603423, 10.7359172], [79.0602565, 10.7363099], [79.0602967, 10.7365708], [79.0603289, 10.7369028], [79.0601653, 10.737248], [79.0600312, 10.7380465], [79.0599695, 10.738903], [79.0592882, 10.7387422], [79.0587062, 10.738455], [79.0584728, 10.7390242], [79.0583467, 10.7392324], [79.0581322, 10.7394985], [79.0578988, 10.7398886], [79.0573141, 10.7396145], [79.0569493, 10.7402074], [79.0560588, 10.7399834], [79.056032, 10.7412114], [79.0578425, 10.7414038]]]}, "properties": {"osm_id": "2134286788", "name": "", "kind": "landuse", "landuse": "orchard", "natural": null, "water": null, "waterway": null}}, {"type": "Feature", "geometry": {"type": "Polygon", "coordinates": [[[79.059822, 10.7464739], [79.0598434, 10.7469377], [79.0608627, 10.7469219], [79.0619463, 10.7468903], [79.0619516, 10.7477072], [79.0629065, 10.7476966], [79.0627724, 10.7465424], [79.0631801, 10.7465213], [79.0630513, 10.7457413], [79.0628636, 10.7449033], [79.05994, 10.7448875], [79.0598112, 10.7461155], [79.059822, 10.7464739]]]}, "properties": {"osm_id": "2134286790", "name": "", "kind": "landuse", "landuse": "orchard", "natural": null, "water": null, "waterway": null}}, {"type": "Feature", "geometry": {"type": "Polygon", "coordinates": [[[79.1107759, 10.8819464], [79.1114438, 10.8806057], [79.1113955, 10.8804186], [79.1108161, 10.8800841], [79.1100571, 10.8816092], [79.1107759, 10.8819464]]]}, "properties": {"osm_id": "2157726306", "name": "", "kind": "landuse", "landuse": "landfill", "natural": null, "water": null, "waterway": null}}, {"type": "Feature", "geometry": {"type": "Polygon", "coordinates": [[[79.2171764, 10.9412761], [79.2166293, 10.9396433], [79.2147732, 10.9391588], [79.2102241, 10.9384846], [79.21002301036604, 10.938924587332254], [79.21033, 10.93897], [79.21429, 10.9397], [79.21715762536742, 10.941314874353672], [79.2171764, 10.9412761]]]}, "properties": {"osm_id": "2157726324", "name": "", "kind": "landuse", "landuse": "quarry", "natural": null, "water": null, "waterway": null}}, {"type": "Feature", "geometry": {"type": "Polygon", "coordinates": [[[79.2149019, 10.656517], [79.2174339, 10.6557789], [79.218893, 10.6545348], [79.2185068, 10.6516036], [79.2196226, 10.651224], [79.2190647, 10.6498743], [79.2185068, 10.6487988], [79.2167043, 10.6468587], [79.2142582, 10.644771], [79.2142796, 10.6449819], [79.2155456, 10.646437], [79.2161894, 10.6471329], [79.2162967, 10.6489886], [79.2160606, 10.6491784], [79.215889, 10.6499798], [79.2154169, 10.6508866], [79.2114043, 10.6529532], [79.211061, 10.6532695], [79.2103958, 10.6562218], [79.2149019, 10.656517]]]}, "properties": {"osm_id": "2192349438", "name": "", "kind": "landuse", "landuse": "reservoir", "natural": null, "water": null, "waterway": null}}, {"type": "Feature", "geometry": {"type": "Polygon", "coordinates": [[[79.307524, 10.2892685], [79.3123197, 10.2922771], [79.3132853, 10.293301], [79.3145084, 10.2924987], [79.3141007, 10.2918548], [79.3135965, 10.2912953], [79.3089616, 10.2883185], [79.3086398, 10.2885296], [79.307524, 10.2891207], [79.307524, 10.2892685]]]}, "properties": {"osm_id": "2192349440", "name": "", "kind": "landuse", "landuse": "reservoir", "natural": null, "water": null, "waterway": null}}, {"type": "Feature", "geometry": {"type": "Polygon", "coordinates": [[[79.133615, 10.7506511], [79.1355503, 10.7504495], [79.1371832, 10.7502735], [79.1391264, 10.7499926], [79.1388155, 10.747313], [79.1368805, 10.7477417], [79.1331301, 10.7478369], [79.133615, 10.7506511]]]}, "properties": {"osm_id": "2277210984", "name": "", "kind": "landuse", "landuse": "construction", "natural": null, "water": null, "waterway": null}}, {"type": "Feature", "geometry": {"type": "Polygon", "coordinates": [[[79.109516, 10.794467], [79.1298235, 10.7948791], [79.1294448, 10.782112], [79.1091479, 10.7824103], [79.109516, 10.794467]]]}, "properties": {"osm_id": "2375798502", "name": "", "kind": "landuse", "landuse": "residential", "natural": null, "water": null, "waterway": null}}, {"type": "Feature", "geometry": {"type": "Polygon", "coordinates": [[[79.2959766, 10.9607293], [79.2963531, 10.9607632], [79.2963404, 10.9608939], [79.2962452, 10.9608887], [79.2962375, 10.9610919], [79.2966409, 10.9611324], [79.2966192, 10.9614354], [79.2967461, 10.9614504], [79.2967247, 10.9619379], [79.2969969, 10.9619481], [79.2969922, 10.9615742], [79.2968146, 10.9615561], [79.2968671, 10.9609511], [79.2972607, 10.9609724], [79.2972972, 10.9606567], [79.2959743, 10.9605855], [79.2959766, 10.9607293]]]}, "properties": {"osm_id": "2432644728", "name": "Thirumandangudi Mill", "kind": "landuse", "landuse": "industrial", "natural": null, "water": null, "waterway": null}}, {"type": "Feature", "geometry": {"type": "Polygon", "coordinates": [[[78.8231168, 10.8366888], [78.8213829, 10.8364061], [78.8213432, 10.8358733], [78.8150529, 10.8351631], [78.8160197, 10.8365175], [78.8156982, 10.8366438], [78.8150879, 10.8367389], [78.8145394, 10.8370501], [78.8140275, 10.8369543], [78.81349284921744, 10.83717164558748], [78.81464, 10.83719], [78.81759, 10.83723], [78.81893, 10.83725], [78.82344020147453, 10.838172879509639], [78.8231168, 10.8366888]]]}, "properties": {"osm_id": "2446303118", "name": "", "kind": "landuse", "landuse": "orchard", "natural": null, "water": null, "waterway": null}}, {"type": "Feature", "geometry": {"type": "Polygon", "coordinates": [[[78.8140275, 10.8369543], [78.8145394, 10.8370501], [78.8150879, 10.8367389], [78.8156982, 10.8366438], [78.8160197, 10.8365175], [78.8150529, 10.8351631], [78.8141554, 10.83615], [78.814054, 10.8362795], [78.81374, 10.8366804], [78.8133246, 10.8367823], [78.8133523, 10.8370203], [78.8127085, 10.8371359], [78.81270268755362, 10.83716118830197], [78.81339, 10.83717], [78.81349284921744, 10.83717164558748], [78.8140275, 10.8369543]]]}, "properties": {"osm_id": "2446303120", "name": "", "kind": "landuse", "landuse": "orchard", "natural": null, "water": null, "waterway": null}}, {"type": "Feature", "geometry": {"type": "Polygon", "coordinates": [[[78.8127085, 10.8371359], [78.8133523, 10.8370203], [78.8133246, 10.8367823], [78.81374, 10.8366804], [78.814054, 10.8362795], [78.8133617, 10.8360426], [78.8131279, 10.836132], [78.812705, 10.8362937], [78.8108708, 10.836754], [78.8109256, 10.8369427], [78.81098189402579, 10.837136505549658], [78.81194, 10.83715], [78.81241, 10.83716], [78.81261, 10.83716], [78.81270268755362, 10.83716118830197], [78.8127085, 10.8371359]]]}, "properties": {"osm_id": "2446303124", "name": "", "kind": "landuse", "landuse": "residential", "natural": null, "water": null, "waterway": null}}, {"type": "Feature", "geometry": {"type": "Polygon", "coordinates": [[[78.8109256, 10.8369427], [78.8103304, 10.8370753], [78.81010780277718, 10.837122073130331], [78.81052, 10.83713], [78.81098189402579, 10.837136505549658], [78.8109256, 10.8369427]]]}, "properties": {"osm_id": "2446303128", "name": "", "kind": "landuse", "landuse": "residential", "natural": null, "water": null, "waterway": null}}, {"type": "Feature", "geometry": {"type": "Polygon", "coordinates": [[[78.7807918, 10.8331163], [78.7801158, 10.8328107], [78.7796438, 10.8327159], [78.7791717, 10.8327159], [78.77874393531808, 10.832756307239178], [78.77872, 10.83287], [78.78148765267949, 10.833315899598361], [78.7807918, 10.8331163]]]}, "properties": {"osm_id": "2446303188", "name": "", "kind": "landuse", "landuse": "orchard", "natural": null, "water": null, "waterway": null}}, {"type": "Feature", "geometry": {"type": "Polygon", "coordinates": [[[79.2249807, 10.7767047], [79.2249878, 10.7776712], [79.2254903, 10.7775878], [79.225547, 10.7779216], [79.2264388, 10.7778173], [79.2264601, 10.7776295], [79.2267503, 10.7776643], [79.2268069, 10.7782414], [79.2270971, 10.7782484], [79.2270264, 10.7775947], [79.2270051, 10.7774557], [79.2274015, 10.7775113], [79.2274794, 10.7762597], [79.226906, 10.7762875], [79.2268848, 10.7755713], [79.2246268, 10.7753835], [79.2245631, 10.7767186], [79.2249807, 10.7767047]]]}, "properties": {"osm_id": "2461037828", "name": "", "kind": "landuse", "landuse": "residential", "natural": null, "water": null, "waterway": null}}, {"type": "Feature", "geometry": {"type": "Polygon", "coordinates": [[[79.2176129, 10.7793758], [79.2176455, 10.780876], [79.2186169, 10.7808393], [79.2186589, 10.7799539], [79.2186916, 10.7783299], [79.2178837, 10.7782519], [79.2178697, 10.7788574], [79.2163753, 10.7788712], [79.2162305, 10.77933], [79.2176129, 10.7793758]]]}, "properties": {"osm_id": "2461037830", "name": "", "kind": "landuse", "landuse": "residential", "natural": null, "water": null, "waterway": null}}, {"type": "Feature", "geometry": {"type": "Polygon", "coordinates": [[[79.2187256, 10.7778276], [79.2190245, 10.7755246], [79.2200425, 10.7754971], [79.2200706, 10.7751025], [79.2183613, 10.77502], [79.2181372, 10.7777267], [79.2187256, 10.7778276]]]}, "properties": {"osm_id": "2461037832", "name": "", "kind": "landuse", "landuse": "residential", "natural": null, "water": null, "waterway": null}}, {"type": "Feature", "geometry": {"type": "Polygon", "coordinates": [[[79.22329, 10.7750075], [79.2232947, 10.7747231], [79.2246677, 10.7747414], [79.224663, 10.7750167], [79.225088, 10.7750534], [79.22506, 10.7745946], [79.2253635, 10.7746221], [79.2253962, 10.774168], [79.2245976, 10.7741588], [79.2246023, 10.7743194], [79.2242147, 10.7743561], [79.2241773, 10.7742138], [79.2232293, 10.7742505], [79.2221085, 10.7739615], [79.2217536, 10.7742505], [79.2215668, 10.7748836], [79.22329, 10.7750075]]]}, "properties": {"osm_id": "2461037834", "name": "", "kind": "landuse", "landuse": "residential", "natural": null, "water": null, "waterway": null}}, {"type": "Feature", "geometry": {"type": "Polygon", "coordinates": [[[79.2390718, 10.7703116], [79.2398198, 10.7703596], [79.2407305, 10.7703436], [79.2403971, 10.7686182], [79.2402345, 10.7686023], [79.2402427, 10.7683307], [79.2395759, 10.7684665], [79.2396247, 10.7695368], [79.2390637, 10.7695848], [79.2390718, 10.7703116]]]}, "properties": {"osm_id": "2461038106", "name": "", "kind": "landuse", "landuse": "farmland", "natural": null, "water": null, "waterway": null}}, {"type": "Feature", "geometry": {"type": "Polygon", "coordinates": [[[79.2389271, 10.7672991], [79.2389508, 10.7677795], [79.2391685, 10.7679842], [79.239088, 10.7683689], [79.2399517, 10.7682424], [79.2398015, 10.7667985], [79.239367, 10.7668775], [79.2393402, 10.766672], [79.2388895, 10.7667142], [79.2389271, 10.7672991]]]}, "properties": {"osm_id": "2461038108", "name": "", "kind": "landuse", "landuse": "farmland", "natural": null, "water": null, "waterway": null}}, {"type": "Feature", "geometry": {"type": "Polygon", "coordinates": [[[79.1902334, 10.772919], [79.1919773, 10.7729553], [79.1919773, 10.7721987], [79.1899315, 10.7720594], [79.1898144, 10.7722774], [79.189192, 10.7722652], [79.1891242, 10.7724287], [79.1877994, 10.7724166], [79.1877809, 10.7728645], [79.1902334, 10.772919]]]}, "properties": {"osm_id": "2461039342", "name": "", "kind": "landuse", "landuse": "residential", "natural": null, "water": null, "waterway": null}}, {"type": "Feature", "geometry": {"type": "Polygon", "coordinates": [[[79.1842534, 10.7712652], [79.1848971, 10.7711651], [79.1849239, 10.7717816], [79.1859378, 10.7717553], [79.1859861, 10.7714233], [79.1864957, 10.7714444], [79.1865118, 10.7706064], [79.1863723, 10.7695735], [79.1840442, 10.7701374], [79.1842534, 10.7712652]]]}, "properties": {"osm_id": "2461039344", "name": "", "kind": "landuse", "landuse": "farmland", "natural": null, "water": null, "waterway": null}}, {"type": "Feature", "geometry": {"type": "Polygon", "coordinates": [[[79.1792291, 10.7749667], [79.1794008, 10.7756413], [79.1804737, 10.7757677], [79.181965, 10.775578], [79.1821045, 10.7765582], [79.1826731, 10.7761999], [79.1826195, 10.7746189], [79.1822869, 10.7746295], [79.1823298, 10.7732909], [79.1792828, 10.773175], [79.179315, 10.7737125], [79.1784459, 10.7736493], [79.1762894, 10.7736914], [79.1762787, 10.7749983], [79.1792291, 10.7749667]]]}, "properties": {"osm_id": "2461039346", "name": "", "kind": "landuse", "landuse": "farmland", "natural": null, "water": null, "waterway": null}}, {"type": "Feature", "geometry": {"type": "Polygon", "coordinates": [[[79.1721619, 10.7695833], [79.1723888, 10.7699115], [79.1730141, 10.7698527], [79.173441, 10.7698171], [79.1733734, 10.7681462], [79.174715, 10.7677861], [79.1744385, 10.7660767], [79.1728123, 10.766532], [79.1712918, 10.7670272], [79.171178, 10.768489], [79.1721619, 10.7695833]]]}, "properties": {"osm_id": "2461039348", "name": "", "kind": "landuse", "landuse": "farmland", "natural": null, "water": null, "waterway": null}}, {"type": "Feature", "geometry": {"type": "Polygon", "coordinates": [[[79.1743213, 10.7723727], [79.1750422, 10.7723969], [79.1760343, 10.7720216], [79.1755352, 10.7695154], [79.1749436, 10.7696002], [79.1748327, 10.7698968], [79.1748697, 10.7703326], [79.1743582, 10.770375], [79.1745185, 10.7710954], [79.1740933, 10.7711499], [79.1743213, 10.7723727]]]}, "properties": {"osm_id": "2461039350", "name": "", "kind": "landuse", "landuse": "farmland", "natural": null, "water": null, "waterway": null}}, {"type": "Feature", "geometry": {"type": "Polygon", "coordinates": [[[79.4154659, 10.9482582], [79.4155708, 10.9474388], [79.4143739, 10.9472504], [79.4142086, 10.9480758], [79.4154659, 10.9482582]]]}, "properties": {"osm_id": "2617508354", "name": "Sivan Koil, Sivapuram", "kind": "landuse", "landuse": "religious", "natural": null, "water": null, "waterway": null}}, {"type": "Feature", "geometry": {"type": "Polygon", "coordinates": [[[79.0890514, 10.7105095], [79.0893941, 10.7104454], [79.0893531, 10.7102774], [79.0890265, 10.7103344], [79.0890514, 10.7105095]]]}, "properties": {"osm_id": "2623633178", "name": "", "kind": "landuse", "landuse": "farmyard", "natural": null, "water": null, "waterway": null}}, {"type": "Feature", "geometry": {"type": "Polygon", "coordinates": [[[79.090455, 10.7101704], [79.0907712, 10.7100676], [79.0907427, 10.7099085], [79.0905719, 10.7099475], [79.0905588, 10.709893], [79.0904171, 10.7099242], [79.090455, 10.7101704]]]}, "properties": {"osm_id": "2623633186", "name": "", "kind": "landuse", "landuse": "farmyard", "natural": null, "water": null, "waterway": null}}, {"type": "Feature", "geometry": {"type": "Polygon", "coordinates": [[[79.0909601, 10.7158056], [79.0919234, 10.7156842], [79.0916094, 10.7147887], [79.0905951, 10.7151348], [79.0909601, 10.7158056]]]}, "properties": {"osm_id": "2623633194", "name": "", "kind": "landuse", "landuse": "farmyard", "natural": null, "water": null, "waterway": null}}, {"type": "Feature", "geometry": {"type": "Polygon", "coordinates": [[[79.0863917, 10.7078737], [79.0866736, 10.7083252], [79.0868559, 10.70861], [79.0882233, 10.7107465], [79.0884128, 10.7106616], [79.0890514, 10.7105095], [79.0890265, 10.7103344], [79.0893531, 10.7102774], [79.0893941, 10.7104454], [79.090455, 10.7101704], [79.0904171, 10.7099242], [79.0905588, 10.709893], [79.0905719, 10.7099475], [79.0907427, 10.7099085], [79.0907712, 10.7100676], [79.0922782, 10.7095149], [79.0925049, 10.7102572], [79.0926704, 10.711085], [79.0927501, 10.7116777], [79.0930375, 10.711724], [79.0930632, 10.7123148], [79.093141, 10.7129465], [79.0925736, 10.7131688], [79.0926318, 10.7138685], [79.0934435, 10.7139537], [79.0935446, 10.7142343], [79.0916094, 10.7147887], [79.0919234, 10.7156842], [79.0921536, 10.7157504], [79.092221, 10.7159455], [79.0940308, 10.7156599], [79.0973678, 10.7152785], [79.0973053, 10.7144045], [79.0993128, 10.7136555], [79.1015928, 10.7131504], [79.1028297, 10.7126425], [79.1073831, 10.7116579], [79.1074113, 10.7116384], [79.1074183, 10.711604], [79.107069, 10.7100148], [79.1063392, 10.7100976], [79.1063171, 10.7096585], [79.1060037, 10.7096835], [79.1059882, 10.7095469], [79.1046776, 10.7095944], [79.1046666, 10.7100354], [79.1046336, 10.7101294], [79.104549, 10.7101612], [79.1019441, 10.7101158], [79.1019455, 10.7092137], [79.1011989, 10.7090509], [79.1012374, 10.7088591], [79.101014, 10.7085118], [79.1010793, 10.707914], [79.0997889, 10.7077743], [79.099389, 10.7069497], [79.0993826, 10.7068874], [79.0994132, 10.706827], [79.0995876, 10.7066216], [79.099637, 10.7060462], [79.0996264, 10.7056086], [79.0996663, 10.705525], [79.0997484, 10.7054928], [79.1007099, 10.7054704], [79.1024618, 10.7052824], [79.1024908, 10.7056087], [79.1039593, 10.7057823], [79.1044593, 10.7058498], [79.1054686, 10.705805], [79.1066215, 10.705657], [79.1059132, 10.7024116], [79.1057318, 10.7024242], [79.1056378, 10.7019756], [79.1056024, 10.7019479], [79.1055524, 10.7019411], [79.1051744, 10.7019459], [79.1051186, 10.701939], [79.1050789, 10.7019146], [79.105033, 10.7018687], [79.1049842, 10.7017436], [79.1049846, 10.7008181], [79.1049598, 10.7007766], [79.1049124, 10.700761], [79.1040893, 10.7006265], [79.104132, 10.7000744], [79.1041232, 10.7000551], [79.1040981, 10.7000491], [79.1034721, 10.7001154], [79.1030931, 10.6992061], [79.1026755, 10.6992145], [79.1025204, 10.6989981], [79.1024681, 10.6978752], [79.1014971, 10.6979142], [79.1009001, 10.6980395], [79.1008853, 10.6980426], [79.1007476, 10.6977774], [79.1003535, 10.6978277], [79.1003059, 10.6980515], [79.10014, 10.6980549], [79.1001445, 10.6982628], [79.1007939, 10.6982492], [79.1008328, 10.6992164], [79.1006832, 10.699218], [79.1006812, 10.6987729], [79.1005403, 10.698772], [79.1005136, 10.6984461], [79.100151, 10.6984398], [79.1001513, 10.6985252], [79.0999379, 10.6985183], [79.0999366, 10.6980613], [79.1001043, 10.6980436], [79.1001015, 10.6976603], [79.1001935, 10.6976322], [79.1002221, 10.697588], [79.1002331, 10.6975078], [79.1001577, 10.6972325], [79.0997079, 10.6972537], [79.099545, 10.6965317], [79.0997891, 10.6964113], [79.099703, 10.6961808], [79.0977272, 10.6963248], [79.0974252, 10.6963866], [79.0971759, 10.6964587], [79.0967699, 10.6966003], [79.0963973, 10.6967577], [79.0956013, 10.697097], [79.0951902, 10.6973364], [79.0952904, 10.6978782], [79.0951226, 10.697951], [79.0953304, 10.6984236], [79.0954274, 10.6984204], [79.0957567, 10.6991642], [79.0946244, 10.6995809], [79.0942612, 10.6981766], [79.0938596, 10.6984896], [79.0932698, 10.6990135], [79.0915962, 10.7006875], [79.0896085, 10.7026205], [79.0892326, 10.7029127], [79.086067, 10.7053737], [79.0852684, 10.7060524], [79.0852592, 10.7060602], [79.0863917, 10.7078737]]]}, "properties": {"osm_id": "2623633202", "name": "", "kind": "landuse", "landuse": "farmland", "natural": null, "water": null, "waterway": null}}, {"type": "Feature", "geometry": {"type": "Polygon", "coordinates": [[[79.0966742, 10.707644], [79.0968752, 10.707607], [79.0969595, 10.7080695], [79.0972444, 10.7079927], [79.0971614, 10.7074955], [79.0968324, 10.7075421], [79.0967838, 10.7072908], [79.0965903, 10.707322], [79.0966742, 10.707644]]]}, "properties": {"osm_id": "2623633226", "name": "", "kind": "landuse", "landuse": "farmyard", "natural": null, "water": null, "waterway": null}}, {"type": "Feature", "geometry": {"type": "Polygon", "coordinates": [[[79.0863917, 10.7078737], [79.0866736, 10.7083252], [79.0868559, 10.70861], [79.0880328, 10.7083656], [79.0878737, 10.707331], [79.0894804, 10.7068883], [79.0894065, 10.7063778], [79.0890685, 10.706434], [79.0889889, 10.7060688], [79.0885855, 10.7061723], [79.088489, 10.7058704], [79.0889382, 10.7056918], [79.0894542, 10.7054587], [79.0894023, 10.7052823], [79.0899201, 10.7051284], [79.0892326, 10.7029127], [79.086067, 10.7053737], [79.0852592, 10.7060602], [79.0863917, 10.7078737]]]}, "properties": {"osm_id": "2623633228", "name": "", "kind": "landuse", "landuse": "farmyard", "natural": null, "water": null, "waterway": null}}, {"type": "Feature", "geometry": {"type": "Polygon", "coordinates": [[[79.0885601, 10.7079839], [79.0887535, 10.7079679], [79.0887229, 10.7076112], [79.0885295, 10.7076272], [79.0885601, 10.7079839]]]}, "properties": {"osm_id": "2623633230", "name": "", "kind": "landuse", "landuse": "farmyard", "natural": null, "water": null, "waterway": null}}, {"type": "Feature", "geometry": {"type": "Polygon", "coordinates": [[[79.0914363, 10.7016709], [79.0923155, 10.7012768], [79.0921607, 10.7007466], [79.0917487, 10.7008761], [79.0918243, 10.7011191], [79.0916188, 10.7012338], [79.0914324, 10.7009096], [79.0912217, 10.7011257], [79.0914363, 10.7016709]]]}, "properties": {"osm_id": "2623633236", "name": "", "kind": "landuse", "landuse": "farmyard", "natural": null, "water": null, "waterway": null}}, {"type": "Feature", "geometry": {"type": "Polygon", "coordinates": [[[79.0946244, 10.6995809], [79.0957567, 10.6991642], [79.0954274, 10.6984204], [79.0953304, 10.6984236], [79.0951226, 10.697951], [79.0952904, 10.6978782], [79.0951902, 10.6973364], [79.0942612, 10.6981766], [79.0946244, 10.6995809]]]}, "properties": {"osm_id": "2623633240", "name": "", "kind": "landuse", "landuse": "farmyard", "natural": null, "water": null, "waterway": null}}, {"type": "Feature", "geometry": {"type": "Polygon", "coordinates": [[[79.0997079, 10.6972537], [79.1001577, 10.6972325], [79.1002331, 10.6975078], [79.1002221, 10.697588], [79.1001935, 10.6976322], [79.1001015, 10.6976603], [79.1001043, 10.6980436], [79.0999366, 10.6980613], [79.0999379, 10.6985183], [79.1001513, 10.6985252], [79.100151, 10.6984398], [79.1005136, 10.6984461], [79.1005403, 10.698772], [79.1006812, 10.6987729], [79.1006832, 10.699218], [79.1008328, 10.6992164], [79.1007939, 10.6982492], [79.1001445, 10.6982628], [79.10014, 10.6980549], [79.1003059, 10.6980515], [79.1003535, 10.6978277], [79.1007476, 10.6977774], [79.1008853, 10.6980426], [79.1014971, 10.6979142], [79.1014788, 10.69781], [79.1009594, 10.6967411], [79.1007488, 10.6965318], [79.1002796, 10.6961068], [79.099703, 10.6961808], [79.0997891, 10.6964113], [79.099545, 10.6965317], [79.0997079, 10.6972537]]]}, "properties": {"osm_id": "2623633242", "name": "", "kind": "landuse", "landuse": "farmyard", "natural": null, "water": null, "waterway": null}}, {"type": "Feature", "geometry": {"type": "MultiPolygon", "coordinates": [[[[79.0852684, 10.7060524], [79.086067, 10.7053737], [79.0852592, 10.7060602], [79.0852684, 10.7060524]]], [[[79.0882233, 10.7107465], [79.0884128, 10.7106616], [79.0890514, 10.7105095], [79.0890265, 10.7103344], [79.0893531, 10.7102774], [79.0893941, 10.7104454], [79.090455, 10.7101704], [79.0904171, 10.7099242], [79.0905588, 10.709893], [79.0905719, 10.7099475], [79.0907427, 10.7099085], [79.0907712, 10.7100676], [79.0922782, 10.7095149], [79.0925049, 10.7102572], [79.0926704, 10.711085], [79.0927501, 10.7116777], [79.0930375, 10.711724], [79.0930632, 10.7123148], [79.093141, 10.7129465], [79.0925736, 10.7131688], [79.0926318, 10.7138685], [79.0934435, 10.7139537], [79.0935446, 10.7142343], [79.0916094, 10.7147887], [79.0919234, 10.7156842], [79.0921536, 10.7157504], [79.092221, 10.7159455], [79.0940308, 10.7156599], [79.0973678, 10.7152785], [79.0973053, 10.7144045], [79.0993128, 10.7136555], [79.1015928, 10.7131504], [79.1028297, 10.7126425], [79.1073831, 10.7116579], [79.1074113, 10.7116384], [79.1074183, 10.711604], [79.107069, 10.7100148], [79.1063392, 10.7100976], [79.1063171, 10.7096585], [79.1060037, 10.7096835], [79.1059882, 10.7095469], [79.1046776, 10.7095944], [79.1046666, 10.7100354], [79.1046336, 10.7101294], [79.104549, 10.7101612], [79.1019441, 10.7101158], [79.1019455, 10.7092137], [79.1011989, 10.7090509], [79.1012374, 10.7088591], [79.101014, 10.7085118], [79.1010793, 10.707914], [79.0997889, 10.7077743], [79.099389, 10.7069497], [79.0993826, 10.7068874], [79.0994132, 10.706827], [79.0995876, 10.7066216], [79.099637, 10.7060462], [79.0996264, 10.7056086], [79.0996663, 10.705525], [79.0997484, 10.7054928], [79.1007099, 10.7054704], [79.1024618, 10.7052824], [79.1024908, 10.7056087], [79.1039593, 10.7057823], [79.1044593, 10.7058498], [79.1054686, 10.705805], [79.1066215, 10.705657], [79.1059132, 10.7024116], [79.1057318, 10.7024242], [79.1056378, 10.7019756], [79.1056024, 10.7019479], [79.1055524, 10.7019411], [79.1051744, 10.7019459], [79.1051186, 10.701939], [79.1050789, 10.7019146], [79.105033, 10.7018687], [79.1049842, 10.7017436], [79.1049846, 10.7008181], [79.1049598, 10.7007766], [79.1049124, 10.700761], [79.1040893, 10.7006265], [79.104132, 10.7000744], [79.1041232, 10.7000551], [79.1040981, 10.7000491], [79.1034721, 10.7001154], [79.1030931, 10.6992061], [79.1026755, 10.6992145], [79.1025204, 10.6989981], [79.1024681, 10.6978752], [79.1014971, 10.6979142], [79.1009001, 10.6980395], [79.1008853, 10.6980426], [79.1007476, 10.6977774], [79.1003535, 10.6978277], [79.1003059, 10.6980515], [79.10014, 10.6980549], [79.1001445, 10.6982628], [79.1007939, 10.6982492], [79.1008328, 10.6992164], [79.1006832, 10.699218], [79.1006812, 10.6987729], [79.1005403, 10.698772], [79.1005136, 10.6984461], [79.100151, 10.6984398], [79.1001513, 10.6985252], [79.0999379, 10.6985183], [79.0999366, 10.6980613], [79.1001043, 10.6980436], [79.1001015, 10.6976603], [79.1001935, 10.6976322], [79.1002221, 10.697588], [79.1002331, 10.6975078], [79.1001577, 10.6972325], [79.0997079, 10.6972537], [79.099545, 10.6965317], [79.0997891, 10.6964113], [79.099703, 10.6961808], [79.0977272, 10.6963248], [79.0974252, 10.6963866], [79.0971759, 10.6964587], [79.0967699, 10.6966003], [79.0963973, 10.6967577], [79.0956013, 10.697097], [79.0951902, 10.6973364], [79.0952904, 10.6978782], [79.0951226, 10.697951], [79.0953304, 10.6984236], [79.0954274, 10.6984204], [79.0957567, 10.6991642], [79.0946244, 10.6995809], [79.0942612, 10.6981766], [79.0938596, 10.6984896], [79.0932698, 10.6990135], [79.0915962, 10.7006875], [79.0896085, 10.7026205], [79.0892326, 10.7029127], [79.0899201, 10.7051284], [79.0894023, 10.7052823], [79.0894542, 10.7054587], [79.0889382, 10.7056918], [79.088489, 10.7058704], [79.0885855, 10.7061723], [79.0889889, 10.7060688], [79.0890685, 10.706434], [79.0894065, 10.7063778], [79.0894804, 10.7068883], [79.0878737, 10.707331], [79.0880328, 10.7083656], [79.0868559, 10.70861], [79.0882233, 10.7107465]], [[79.0887229, 10.7076112], [79.0887535, 10.7079679], [79.0885601, 10.7079839], [79.0885295, 10.7076272], [79.0887229, 10.7076112]], [[79.0907386, 10.7043742], [79.0910563, 10.7055954], [79.0906231, 10.7057042], [79.0903054, 10.704483], [79.0907386, 10.7043742]], [[79.0914324, 10.7009096], [79.0916188, 10.7012338], [79.0918243, 10.7011191], [79.0917487, 10.7008761], [79.0921607, 10.7007466], [79.0923155, 10.7012768], [79.0914363, 10.7016709], [79.0912217, 10.7011257], [79.0914324, 10.7009096]], [[79.0967838, 10.7072908], [79.0968324, 10.7075421], [79.0971614, 10.7074955], [79.0972444, 10.7079927], [79.0969595, 10.7080695], [79.0968752, 10.707607], [79.0966742, 10.707644], [79.0965903, 10.707322], [79.0967838, 10.7072908]]]]}, "properties": {"osm_id": "35967687", "name": "", "kind": "landuse", "landuse": "farmland", "natural": null, "water": null, "waterway": null}}, {"type": "Feature", "geometry": {"type": "Polygon", "coordinates": [[[79.0906231, 10.7057042], [79.0910563, 10.7055954], [79.0907386, 10.7043742], [79.0903054, 10.704483], [79.0906231, 10.7057042]]]}, "properties": {"osm_id": "2623633248", "name": "", "kind": "landuse", "landuse": "farmyard", "natural": null, "water": null, "waterway": null}}, {"type": "Feature", "geometry": {"type": "Polygon", "coordinates": [[[79.1993583, 10.7753097], [79.199392, 10.7756503], [79.1994692, 10.776139], [79.1998429, 10.7761321], [79.2002223, 10.7760528], [79.2002004, 10.7755918], [79.2001724, 10.7752972], [79.2000475, 10.774205], [79.1997216, 10.7741062], [79.1996909, 10.7746805], [79.1995049, 10.7746911], [79.1993159, 10.7748939], [79.1993583, 10.7753097]]]}, "properties": {"osm_id": "2632767326", "name": "", "kind": "landuse", "landuse": "farmland", "natural": null, "water": null, "waterway": null}}, {"type": "Feature", "geometry": {"type": "Polygon", "coordinates": [[[79.3014353, 10.6470063], [79.3026209, 10.6472383], [79.3041336, 10.6474386], [79.3046218, 10.647465], [79.3048337, 10.64732], [79.3046567, 10.646603], [79.3048257, 10.6462419], [79.306376, 10.645372], [79.3065852, 10.6450715], [79.3063492, 10.6441541], [79.3060595, 10.6440751], [79.3042141, 10.6447815], [79.303683, 10.6449028], [79.3036884, 10.6442279], [79.3033343, 10.6436058], [79.3028676, 10.6434266], [79.3024707, 10.6434846], [79.3018484, 10.6445495], [79.3016285, 10.6454036], [79.3017089, 10.6457463], [79.3019503, 10.6459097], [79.3019879, 10.6460995], [79.3019611, 10.6461997], [79.3018269, 10.6463842], [79.3015963, 10.6465846], [79.3013763, 10.6466847], [79.3014353, 10.6470063]]]}, "properties": {"osm_id": "2751147394", "name": "", "kind": "landuse", "landuse": "residential", "natural": null, "water": null, "waterway": null}}, {"type": "Feature", "geometry": {"type": "Polygon", "coordinates": [[[79.3121144, 10.6431692], [79.3133131, 10.643296], [79.3134648, 10.6434936], [79.3137569, 10.6435234], [79.3143411, 10.6439521], [79.3147659, 10.6439521], [79.3151338, 10.6437396], [79.3155283, 10.6438067], [79.315847, 10.6445001], [79.3160935, 10.644571], [79.3165108, 10.6445784], [79.3165487, 10.6446381], [79.3165677, 10.6447834], [79.3164766, 10.6449251], [79.3161883, 10.6450668], [79.3157332, 10.6451227], [79.3156649, 10.6451525], [79.3155663, 10.6452793], [79.3155245, 10.6455999], [79.3159418, 10.6460025], [79.3163628, 10.6459428], [79.3165677, 10.6458832], [79.3167042, 10.645831], [79.3168825, 10.6456968], [79.3170304, 10.6454358], [79.317406, 10.6450593], [79.3176829, 10.6446977], [79.3178725, 10.6440677], [79.3185477, 10.6442653], [79.3187981, 10.6442653], [79.318946, 10.6440155], [79.3189764, 10.643844], [79.3188284, 10.6436688], [79.318817, 10.6434563], [79.3187298, 10.6432624], [79.3187298, 10.6432065], [79.3187829, 10.6431581], [79.319496, 10.6429754], [79.3198246, 10.6428014], [79.3198848, 10.6428335], [79.319846, 10.6423932], [79.3199936, 10.6420611], [79.320192, 10.6419583], [79.320509, 10.6420801], [79.3206264, 10.6414171], [79.3208768, 10.6412419], [79.3210209, 10.6412158], [79.3210702, 10.6411673], [79.3213016, 10.6406752], [79.3215102, 10.6404702], [79.3222499, 10.6401869], [79.3232437, 10.63987], [79.3233499, 10.6396687], [79.3233461, 10.6395196], [79.3229213, 10.6392101], [79.3221323, 10.6391393], [79.321404, 10.6393481], [79.321203, 10.6394935], [79.3212612, 10.6400347], [79.320285, 10.6401831], [79.3203912, 10.639404], [79.3202888, 10.6393369], [79.3201371, 10.6393108], [79.3197881, 10.6393294], [79.3196553, 10.6393853], [79.3196212, 10.6394524], [79.3195795, 10.6396165], [79.3195643, 10.6399334], [79.3194771, 10.640377], [79.3188891, 10.6406305], [79.3183732, 10.6405559], [79.3181456, 10.6399147], [79.318047, 10.6397283], [79.3179332, 10.6396314], [79.317717, 10.6395792], [79.3175994, 10.6394972], [79.317607, 10.639266], [79.3176753, 10.6392549], [79.3177739, 10.639143], [79.3180205, 10.6389939], [79.3181646, 10.6388522], [79.3182253, 10.6387218], [79.3182139, 10.6385801], [79.3181229, 10.6384198], [79.3180243, 10.6382968], [79.3178005, 10.6381066], [79.317698, 10.6377674], [79.3176449, 10.6377226], [79.3175729, 10.6377226], [79.3172884, 10.6378009], [79.3172087, 10.6381924], [79.3171594, 10.6382408], [79.3169963, 10.6382446], [79.3165411, 10.638129], [79.316359, 10.6381626], [79.315608, 10.638293], [79.3154449, 10.6381886], [79.3152287, 10.6378158], [79.314269, 10.6379314], [79.3139769, 10.637827], [79.3136734, 10.6379016], [79.3136469, 10.6380395], [79.3137114, 10.6383079], [79.314269, 10.6385242], [79.3145004, 10.639184], [79.3153007, 10.6393853], [79.3159076, 10.6392698], [79.316048, 10.6392772], [79.3163552, 10.639732], [79.3163363, 10.63987], [79.3160821, 10.6400788], [79.3160594, 10.6401459], [79.3155094, 10.6405261], [79.3154525, 10.6409325], [79.3156914, 10.6412643], [79.3160177, 10.6413575], [79.316029, 10.6419017], [79.3152969, 10.6422447], [79.3145611, 10.6425243], [79.3124786, 10.6424311], [79.3122737, 10.6425318], [79.3120462, 10.6429083], [79.3121144, 10.6431692]]]}, "properties": {"osm_id": "2751147400", "name": "", "kind": "landuse", "landuse": "residential", "natural": null, "water": null, "waterway": null}}, {"type": "Feature", "geometry": {"type": "Polygon", "coordinates": [[[79.4346829, 10.996974], [79.4348192, 10.9960575], [79.4341277, 10.9959832], [79.4341782, 10.995562], [79.4329316, 10.9954679], [79.4329366, 10.9956562], [79.4329114, 10.9967362], [79.4346829, 10.996974]]]}, "properties": {"osm_id": "2842415216", "name": "Manja Kollai", "kind": "landuse", "landuse": "residential", "natural": null, "water": null, "waterway": null}}, {"type": "Feature", "geometry": {"type": "Polygon", "coordinates": [[[79.4285141, 10.987803], [79.42857, 10.9876494], [79.4284828, 10.9876143], [79.4284359, 10.9877744], [79.4285141, 10.987803]]]}, "properties": {"osm_id": "2842730274", "name": "Manimekalai Maligai", "kind": "landuse", "landuse": "retail", "natural": null, "water": null, "waterway": null}}, {"type": "Feature", "geometry": {"type": "Polygon", "coordinates": [[[79.4357387, 10.9904731], [79.4357342, 10.9902734], [79.4351955, 10.9902844], [79.4351911, 10.9904818], [79.4357387, 10.9904731]]]}, "properties": {"osm_id": "2848885650", "name": "Agraharam", "kind": "landuse", "landuse": "residential", "natural": null, "water": null, "waterway": null}}, {"type": "Feature", "geometry": {"type": "Polygon", "coordinates": [[[79.104244, 10.8949656], [79.1043313, 10.8950689], [79.1044588, 10.8951238], [79.1045636, 10.8951226], [79.1046624, 10.8950974], [79.1047344, 10.8950435], [79.1048011, 10.89497], [79.1048436, 10.8948558], [79.1048347, 10.8946734], [79.1047877, 10.894546], [79.1046803, 10.8944581], [79.1045416, 10.8944098], [79.1044118, 10.8944295], [79.1042955, 10.8944954], [79.1042283, 10.8946185], [79.104206, 10.8947261], [79.1042037, 10.8948536], [79.104244, 10.8949656]]]}, "properties": {"osm_id": "3020947460", "name": "", "kind": "landuse", "landuse": "grass", "natural": null, "water": null, "waterway": null}}, {"type": "Feature", "geometry": {"type": "Polygon", "coordinates": [[[79.1158524, 10.8492146], [79.1158673, 10.8492674], [79.1158923, 10.8493164], [79.1159272, 10.8493606], [79.1159703, 10.849397], [79.1160198, 10.8494245], [79.1160739, 10.8494418], [79.1161304, 10.8494482], [79.1161871, 10.8494437], [79.1162418, 10.8494282], [79.1162923, 10.8494024], [79.1163366, 10.8493674], [79.116373, 10.8493245], [79.1164001, 10.8492753], [79.1164168, 10.8492219], [79.1164224, 10.8491663], [79.1164167, 10.8491107], [79.1164005, 10.8490583], [79.1163742, 10.8490099], [79.1163389, 10.8489675], [79.1162959, 10.8489326], [79.1162468, 10.8489065], [79.1161935, 10.8488902], [79.116138, 10.8488844], [79.1160824, 10.8488892], [79.1160288, 10.8489045], [79.1159792, 10.8489297], [79.1159356, 10.8489638], [79.1158994, 10.8490056], [79.1158722, 10.8490534], [79.115855, 10.8491055], [79.1158483, 10.8491599], [79.1158524, 10.8492146]]]}, "properties": {"osm_id": "3020947464", "name": "", "kind": "landuse", "landuse": "grass", "natural": null, "water": null, "waterway": null}}]}